Record ID,Store Name,Store Type,Street Number,Street Name,Additional Address,City,State,Zip Code,Zip4,County,Latitude,Longitude,Authorization Date,End Date
387263,BAYFRONT SHELL FOODMART,Convenience Store,744,Kamehameha Ave,,Hilo,HI,96720,3054,HAWAII,0.0,0.0,2001-09-24,2004-09-30
236188,CAPT COOK STOP 'N SHOP,Convenience Store,81-6372,MAMALAHOA HWY,,CAPT COOK,HI,96704,,HAWAII,0.0,0.0,1993-05-06,2004-01-31
590540,CARAVAN TOWN,Unknown,194,Kamehameha Ave,,Hilo,HI,96720,2834,HAWAII,0.0,0.0,1993-04-23,2004-06-13
519089,H NAITO STORE INC,Convenience Store,,AKONI PULE HWY,,KAPAAU,HI,96755,0188,HAWAII,0.0,0.0,1972-01-06,2004-04-21
641714,H Y STORE,Medium Grocery Store,83-5487,MAMALAHOA HWY,,SOUTH KONA,HI,96704,,HAWAII,0.0,0.0,2001-04-26,2004-02-08
251433,HONAUNAU STOP 'N SHOP,Convenience Store,,MAMALAHOA HWY #2,2,CAPTAIN COOK,HI,96704,,HAWAII,0.0,0.0,1995-05-10,2004-04-21
483860,KB ORIENTAL FOODS MARKET,Small Grocery Store,528,Kinoole St,,Hilo,HI,96720,3016,HAWAII,0.0,0.0,2003-10-07,2004-06-21
366437,KEAAU VILLAGE MARKET,Farmers' Market,16-550,Old Volcano Rd,,Keaau,HI,96749,8100,HAWAII,0.0,0.0,2003-01-27,2004-03-16
646084,KONA SEAFOOD INC,Seafood Specialty,,"106 MILEMK, MAMALAHOA HWY",,HONAUNAU,HI,96726,0407,HAWAII,0.0,0.0,1987-02-04,2004-02-12
313340,L & G'S LAUNDRY & THINGS,Convenience Store,,KAMANI ST,1,PAHALA,HI,96777,0536,HAWAII,0.0,0.0,1996-05-30,2004-04-14
234436,LAST CHANCE STORE,Small Grocery Store,,,,KUKUIHAELE,HI,96727,,HAWAII,0.0,0.0,1991-10-29,2004-12-26
401907,Low International Food,Convenience Store,222,Kilauea Ave,,Hilo,HI,96720,2910,HAWAII,0.0,0.0,1990-02-26,2004-06-09
486943,MILOLII GROCERY STORE,Convenience Store,89-1196,Mamalahoa Hwy,,Captain Cook,HI,96704,8940,HAWAII,0.0,0.0,1991-11-12,2004-04-20
708441,"MT VIEW BAKERY, INC",Convenience Store,18-1319,Old Volcano Road,,Mountain View,HI,96771,0102,HAWAII,19.551336,-155.10732,1991-10-29,2004-11-14
230617,OPELO CORNER INC.,Convenience Store,65-1210,KAWAIHAE RD,,KAMUELA,HI,96743,,HAWAII,0.0,0.0,1991-01-30,2004-05-06
526156,THE BUTCHERMAN,Medium Grocery Store,1449,N King St,,Honolulu,HI,96817,4228,HAWAII,0.0,0.0,2002-02-07,2004-04-21
608785,TJ'S SEAFOODS,Seafood Specialty,219,Kalanikoa St,,Hilo,HI,96720,4612,HAWAII,0.0,0.0,2001-10-15,2004-05-19
643386,WAIAKEA SHELL FOODMART,Convenience Store,2200,KINOOLE ST,,HILO,HI,96720,,HAWAII,0.0,0.0,2001-09-06,2004-09-30
344955,WAIMEA SHELL FOODMART,Convenience Store,64-5196,Kinohou St,,Kamuela,HI,96743,8409,HAWAII,0.0,0.0,2001-09-10,2004-06-13
641523,555 MARKET,Meat/Poultry Specialty,138,N King St,,Honolulu,HI,96817,5009,HONOLULU,0.0,0.0,2001-06-08,2004-11-29
500629,ACES MUSHROOM FARM INC I,Fruits/Veg Specialty,930,KEKAULIKE ST,,HONOLULU,HI,96817,,HONOLULU,0.0,0.0,2004-04-06,2004-08-08
372295,ALONZO'S POKE & MEATS LLC #1,Meat/Poultry Specialty,98-023,HEKAHA ST BLDG 6 UNIT 1,,AIEA,HI,96701,,HONOLULU,0.0,0.0,1998-08-06,2004-06-16
594862,AUNTY LEKA'S MINI MART,Convenience Store,1932,Liliha St,,Honolulu,HI,96817,2330,HONOLULU,0.0,0.0,2002-04-08,2004-03-17
511273,BANGKOK VIENTIANE VIDEO JEWELRY P,Unknown,1120,Maunakea St Ste 102,,Honolulu,HI,96817,5173,HONOLULU,0.0,0.0,2001-08-23,2004-05-06
503977,"BOB'S FISH MARKET, INC",Seafood Specialty,1020,AUAHI ST BLDG 1,,HONOLULU,HI,96814,,HONOLULU,0.0,0.0,2000-10-17,2004-05-31
687962,BUTAY CORPORATION,Combination Grocery/Other,1315,N King St,,Honolulu,HI,96817,3319,HONOLULU,0.0,0.0,1996-09-23,2004-04-21
378653,Capital Market,Convenience Store,2109,N School St,,Honolulu,HI,96819,2535,HONOLULU,21.338154,-157.87254,1999-01-26,2004-11-14
500887,CHAMPION MALASADAS,Bakery Specialty,1926,S Beretania St,,Honolulu,HI,96826,1308,HONOLULU,0.0,0.0,1988-10-26,2004-01-05
347469,"CHUN'S STORE & MKT, INC",Convenience Store,66-412,HALEIWA RD,,HALEIWA,HI,96712,,HONOLULU,0.0,0.0,1985-05-30,2004-07-11
630958,DAE HAN MARKET,Convenience Store,1602,KALAKAUA AVE,,HONOLULU,HI,96826,,HONOLULU,0.0,0.0,2003-12-29,2004-12-21
280878,DAI LOI MARKET,Medium Grocery Store,190,N King St,,Honolulu,HI,96817,5013,HONOLULU,0.0,0.0,1995-10-11,2004-05-06
432525,DEAL FAIR # 1,Convenience Store,1120,Maunakea St Ste 173,,Honolulu,HI,96817,5198,HONOLULU,0.0,0.0,2002-11-14,2004-09-25
726666,DONG BA MARKET,Meat/Poultry Specialty,181,N King St,,Honolulu,HI,96817,5012,HONOLULU,0.0,0.0,2004-04-22,2004-12-26
397745,DUK SOO LTD (HAPPY SNACK SHOP),Convenience Store,2023,N King St,,Honolulu,HI,96819,3457,HONOLULU,0.0,0.0,2002-06-11,2004-04-26
356030,FIESTA MART #2,Convenience Store,1315,N SCHOOL ST,,HONOLULU,HI,96817,,HONOLULU,0.0,0.0,2003-09-18,2004-05-23
516758,FRANK'S FISH & MEAT MARKET,Meat/Poultry Specialty,930,KEKAULIKE ST,,HONOLULU,HI,96817,,HONOLULU,0.0,0.0,2003-11-17,2004-08-22
577891,GALILEE,Unknown,1120,Maunakea St Ste 192,,Honolulu,HI,96817,5198,HONOLULU,0.0,0.0,2004-04-05,2004-11-17
609517,H MARKET,Convenience Store,43,S Kam Hwy,,Wahiawa,HI,96786,1830,HONOLULU,0.0,0.0,2001-07-10,2004-06-14
628658,"HILLSIDE MARKET, INC",Convenience Store,95-020,WAIHAU STREET,,MILILANI,HI,96789,,HONOLULU,0.0,0.0,1989-01-31,2004-05-08
516644,HONG FA MARKET,Unknown,115,N Hotel St,,Honolulu,HI,96817,5910,HONOLULU,0.0,0.0,1996-04-10,2004-11-25
500482,HYUN DAE SUPERMARKET,Large Grocery Store,815,KEEAUMOKU ST # J106,,HONOLULU,HI,96814,,HONOLULU,0.0,0.0,2002-03-06,2004-11-14
417946,IT'S SOY DELICIOUS,Meat/Poultry Specialty,170,N King St,,Honolulu,HI,96817,5013,HONOLULU,0.0,0.0,2002-09-17,2004-02-03
453618,JESSE'S MINI MART INC,Convenience Store,198,S Kam Hwy,,Wahiawa,HI,96786,1811,HONOLULU,0.0,0.0,1993-03-25,2004-06-15
558156,JIFFY MART #1622,Convenience Store,94-767,FARRINGTON HWY,,WAIPAHU,HI,96797,,HONOLULU,0.0,0.0,1992-12-10,2004-08-17
368735,"JUBILEE, INC.",Unknown,1039,Kekaulike St Ste 104,,Honolulu,HI,96817,5365,HONOLULU,0.0,0.0,2001-07-17,2004-05-20
425076,K K SEAFOOD INC.,Meat/Poultry Specialty,1039,Kekaulike St Ste 122,,Honolulu,HI,96817,5366,HONOLULU,0.0,0.0,1998-08-07,2004-05-03
462931,KAIMUKI PRODUCE MARKET,Fruits/Veg Specialty,3585,Waialae Ave,,Honolulu,HI,96816,2701,HONOLULU,0.0,0.0,1997-02-11,2004-04-21
357447,KALIHI SUPER STOP & DELI,Combination Grocery/Other,1247,N School St,,Honolulu,HI,96817,2014,HONOLULU,0.0,0.0,1999-12-01,2004-08-25
394068,KEOLU CONVENIENCE STORE,Convenience Store,1090,KEOLU DR,,KAILUA,HI,96734,,HONOLULU,0.0,0.0,2000-11-29,2004-07-01
308689,KILANI MARKET,Convenience Store,935,KILANI AVE,,WAHIAWA,HI,96786,,HONOLULU,0.0,0.0,1995-12-07,2004-06-30
371056,LA ESQUINA LATINA,Convenience Store,705,N King St,,Honolulu,HI,96817,4502,HONOLULU,0.0,0.0,2002-07-03,2004-07-01
671079,LA MARKET,Unknown,150,N King St Ste 101,,Honolulu,HI,96817,5905,HONOLULU,0.0,0.0,2003-11-10,2004-09-08
458642,LAO PRODUCE CORPORATION,Fruits/Veg Specialty,,PEOPLE'S OPEN MARKET,,HONOLULU,HI,96817,,HONOLULU,0.0,0.0,2003-06-04,2004-06-14
703110,LINA'S FRESH FRUITS,Fruits/Veg Specialty,901,River St Ste 102,,Honolulu,HI,96817,5399,HONOLULU,0.0,0.0,2003-09-30,2004-11-25
530381,LIQUORETTE MARKET,Convenience Store,825,KEEAUMOKU ST #I-110,,HONOLULU,HI,96814,,HONOLULU,0.0,0.0,2002-12-05,2004-09-16
677101,M&M TOMO'S MARKET,Convenience Store,2012,HOUGHTAILING ST,,HONOLULU,HI,96817,,HONOLULU,0.0,0.0,2003-05-28,2004-06-30
661525,MARUKIN MARKET,Medium Grocery Store,1717,LILIHA ST,,HONOLULU,HI,96817,,HONOLULU,0.0,0.0,1990-07-06,2004-11-07
567060,MASA ENTERPRISES INC,Meat/Poultry Specialty,54-295,Kam Hwy,,Hauula,HI,96717,8506,HONOLULU,0.0,0.0,2000-02-02,2004-10-17
580435,MAUNAKEA MEAT,Meat/Poultry Specialty,1120,MAUNAKEA ST #154,,HONOLULU,HI,96817,,HONOLULU,0.0,0.0,1994-10-04,2004-02-22
361510,MCCULLY MARKET,Convenience Store,845,McCully St,,Honolulu,HI,96826,2807,HONOLULU,0.0,0.0,2002-11-01,2004-06-25
411356,MIKE & MEL MEAT MARKET,Meat/Poultry Specialty,1120,Maunakea St Ste 137,,Honolulu,HI,96817,5168,HONOLULU,0.0,0.0,2003-09-18,2004-03-09
334086,MIKKI'S MARKET,Convenience Store,925,Maunakea St Unit C2,,Honolulu,HI,96817,5166,HONOLULU,0.0,0.0,2001-03-01,2004-01-06
553428,NORMA'S FILIPINO MARKET,Small Grocery Store,94-226,LEOKU ST,,WAIPAHU,HI,96797,,HONOLULU,0.0,0.0,1995-12-20,2004-04-21
485247,NORMA'S MEAT & VEG MARKET II,Meat/Poultry Specialty,1120,Maunakea St Ste 138,,Honolulu,HI,96817,5168,HONOLULU,0.0,0.0,1999-08-04,2004-03-17
263146,NORTH KING SHELL STATION,Convenience Store,666,N King St,,Honolulu,HI,96817,4508,HONOLULU,0.0,0.0,2001-07-12,2004-04-25
460594,ORIONS,Convenience Store,1912A,Kalihi St,,Honolulu,HI,96819,4251,HONOLULU,0.0,0.0,1983-03-28,2004-02-17
302349,PAG-ASA MARKET,Small Grocery Store,1825,Dillingham Blvd,,Honolulu,HI,96819,4020,HONOLULU,0.0,0.0,1990-03-12,2004-06-21
359994,RAINBOW MARKET LLC,Convenience Store,1720,PALOLO AVE,,HONOLULU,HI,96816,,HONOLULU,0.0,0.0,2003-02-26,2004-01-08
320534,SAIGON MARKET,Small Grocery Store,901,River St Ste 101,,Honolulu,HI,96817,5399,HONOLULU,0.0,0.0,1994-03-07,2004-01-10
379720,TAI SHING MARKET,Unknown,925,Maunakea St Unit C2,,Honolulu,HI,96817,5166,HONOLULU,0.0,0.0,2004-04-14,2004-04-19
287063,TAMURA'S WHOLESALE OUTLET,Supermarket,1001,California Ave,,Wahiawa,HI,96786,2341,HONOLULU,0.0,0.0,2003-08-28,2004-03-21
304326,THAI FOOD CENTER,Small Grocery Store,78,Wilikina Dr,,Wahiawa,HI,96786,1728,HONOLULU,0.0,0.0,1981-07-02,2004-10-17
265385,THAILAND MARKET,Small Grocery Store,3424,Waialae Ave,,Honolulu,HI,96816,2620,HONOLULU,0.0,0.0,2000-08-14,2004-12-29
615024,THE BEST WHOLESALE FOODS,Medium Grocery Store,1270,N King St,,Honolulu,HI,96817,3352,HONOLULU,0.0,0.0,2000-10-13,2004-03-29
487254,THE BUTCHER SHOP INC,Meat/Poultry Specialty,99-899,Iwaena St Ste 114,,Aiea,HI,96701,5606,HONOLULU,0.0,0.0,2003-02-27,2004-11-17
576305,TIEN-DAT MARKET,Small Grocery Store,181,N King St,,Honolulu,HI,96817,5012,HONOLULU,0.0,0.0,2003-03-25,2004-04-13
229778,TULI'S GROCERY & BAKERY,Convenience Store,94-210,Leokane St Ste 106,,Waipahu,HI,96797,2131,HONOLULU,21.380283,-158.0198,1996-09-11,2004-11-16
468222,UEHARA FISH MARKET,Seafood Specialty,930,KEKAULIKE ST,,HONOLULU,HI,96817,,HONOLULU,0.0,0.0,1994-12-06,2004-08-17
700236,UYESHIRO MARKET,Convenience Store,1408,Middle St,,Honolulu,HI,96819,2501,HONOLULU,0.0,0.0,1971-12-14,2004-05-02
368705,VALLEJO TRIPLE ONE VARIETY STORE,Fruits/Veg Specialty,1039,Kekaulike St Ste 120,,Honolulu,HI,96817,5366,HONOLULU,0.0,0.0,1998-07-28,2004-02-05
613289,VIM & VIGOR FOODS INC,Convenience Store,1450,Ala Moana Blvd Ste 1014,,Honolulu,HI,96814,4602,HONOLULU,0.0,0.0,1978-05-01,2004-02-08
529509,"VM SEAFOOD, LLC",Seafood Specialty,1120,Maunakea St Ste 142,,Honolulu,HI,96817,5169,HONOLULU,0.0,0.0,2001-09-13,2004-11-25
541599,WAHIAWA MARKET,Convenience Store,302,California Ave Ste 104,,Wahiawa,HI,96786,1841,HONOLULU,0.0,0.0,2001-09-10,2004-05-18
526412,WAIANAE BOAT HARBOR ICE HOUSE,Convenience Store,85-371,Farrington Hwy,,Waianae,HI,96792,2158,HONOLULU,0.0,0.0,1999-05-25,2004-08-29
514638,WAIOLA BAKERY & SHAVE ICE II,Bakery Specialty,525,KAPAHULU AVE,,HONOLULU,HI,96815,,HONOLULU,0.0,0.0,1999-12-01,2004-04-11
678315,WING LOY BBQ HOUSE,Meat/Poultry Specialty,930,KEKAULIKE ST,,HONOLULU,HI,96817,,HONOLULU,0.0,0.0,2003-10-08,2004-03-30
712988,Y T MARKET,Convenience Store,465,Kapahulu Ave Ste 107,,Honolulu,HI,96815,3852,HONOLULU,0.0,0.0,1998-02-26,2004-01-06
523040,Y W SEAFOOD MARKET,Seafood Specialty,1120,Maunakea St Ste 158,,Honolulu,HI,96817,5169,HONOLULU,0.0,0.0,1996-11-19,2004-05-02
438053,YOUNG'S MARKET,Meat/Poultry Specialty,301,Kalihi St,,Honolulu,HI,96819,3260,HONOLULU,0.0,0.0,1980-07-10,2004-03-17
573456,COUNTRY MOON,Fruits/Veg Specialty,1586,KUHIO HWY,,KAPAA,HI,96746,,KAUAI,0.0,0.0,1999-03-02,2004-04-25
261624,FILIPINO OHANA GEN MERCHANDISE,Small Grocery Store,3-4221,KUHIO HWY,,LIHUE,HI,96766,,KAUAI,0.0,0.0,1997-06-23,2004-11-30
469226,TERESA'S VARIETY STORE,Convenience Store,8296,KEKAHA RD,,KEKAHA,HI,96752,,KAUAI,0.0,0.0,1995-08-01,2004-04-21
532228,"VIM N' VIGOR FOODS, INC.",Small Grocery Store,3122,"KUHIO HWY, A-9",,LIHUE,HI,96766,,KAUAI,0.0,0.0,1996-03-26,2004-03-03
481714,DOWN TO EARTH LAHAINA,Unknown,193,LAHAINALUNA RD,,LAHAINA,HI,96761,,MAUI,0.0,0.0,2002-03-18,2004-08-07
264254,"NEIGHBORHOOD STORE ""N"" LUNCH CTR",Convenience Store,,HC 1 Box 510,,Kaunakakai,HI,96748,8610,MAUI,0.0,0.0,1996-03-14,2004-02-18
570563,OHASHI GENERAL STORE,Convenience Store,410,W Kuiaha Rd,,Haiku,HI,96708,5109,MAUI,0.0,0.0,1985-08-07,2004-05-25
626138,PAIA GENERAL STORE INC,Convenience Store,149,Hana Hwy,,Paia,HI,96779,9745,MAUI,0.0,0.0,1982-05-26,2004-09-28
640865,SIMPLY GOURMET INC,Meat/Poultry Specialty,800,Eha St Ste 1,,Wailuku,HI,96793,1485,MAUI,0.0,0.0,2003-06-09,2004-12-21
364863,VILLAGE GENERAL STORE,Convenience Store,938,S KIHEI RD,,KIHEI,HI,96753,,MAUI,0.0,0.0,1997-07-30,2004-06-09
567817,5-SPICE  ,Meat/Poultry Specialty,2100,KANOELEHUA AVENUE, ,HILO,HI,96720, ,HAWAII,19.69021,-155.066,1986-04-29,2008-01-31
840949,5-Spice  ,Small Grocery Store,2100,Kanoelehua Ave, ,Hilo,HI,96720,6500,HAWAII,19.69021,-155.066,2008-02-11,2013-12-27
840949,5-Spice  ,Small Grocery Store,2100,Kanoelehua Ave, ,Hilo,HI,96720,6500,HAWAII,19.69021,-155.066,2013-12-30,2021-03-30
394669,7-Eleven 54138,Convenience Store,1321,Kilauea Ave, ,Hilo,HI,96720,4207,HAWAII,19.70982,-155.0762,1989-12-22,
242227,7-Eleven 54136,Convenience Store,83,Kaumana Dr, ,Hilo,HI,96720,2052,HAWAII,19.71519,-155.1044,1989-12-22,
370914,7-Eleven 54222,Convenience Store,895,Kinoole St, ,Hilo,HI,96720,3830,HAWAII,19.71544,-155.0828,1989-12-22,
647035,7-Eleven 54209,Convenience Store,15-2875,GOVERNMENT ROAD, ,PAHOA,HI,96778, ,HAWAII,19.55761,-154.8851,1989-12-22,
606207,7-Eleven 54258,Convenience Store,74,West Kawili St, ,Hilo,HI,96720, ,HAWAII,19.70259,-155.0749,2000-10-23,
838911,7-Eleven 54277,Convenience Store,17-351,Volcano Rd, ,Kurtistown,HI,96760,9997,HAWAII,19.59307,-155.0579,2007-12-18,
1020796,7-Eleven 54284,Convenience Store,16-499,Old Volcano Rd, ,Keaau,HI,96749,8138,HAWAII,19.62376,-155.0385,2011-08-26,
628457,A Arakaki Store Inc  ,Small Grocery Store,53-4142,Akoni Pule Hwy, ,Kapaau,HI,96755,70,HAWAII,20.22714,-155.78,1971-12-13,2023-11-24
628457,A Arakaki Store Inc  ,Small Grocery Store,53-4142,Akoni Pule Hwy, ,Kapaau,HI,96755,70,HAWAII,20.22714,-155.78,2024-01-12,
1216989,ABC Store 71,Convenience Store,75-5660,Palani Rd, ,Kailua Kona,HI,96740,3612,HAWAII,19.64136,-155.9966,2015-10-27,
1362858,ABC Store 63,Convenience Store,75-5703,C Alii Drive, ,Kona,HI,96740, ,HAWAII,19.63983,-155.9945,2019-05-07,
1404284,ABC Store 75,Convenience Store,75-5817,Alii Drive,Suite F15,Kailua-Kona,HI,96740, ,HAWAII,19.63403,-155.9897,2020-04-27,
1500090,ABC Store 62,Convenience Store,75-5744,Alii Dr, ,Kailua Kona,HI,96740,1784,HAWAII,19.63782,-155.9935,2022-04-13,
649509,Abundant Life Natural Foods  ,Supermarket,292,Kamehameha Ave, ,Hilo,HI,96720,2837,HAWAII,19.72408,-155.0853,1978-01-19,
1030678,Acr Dollar Plus  ,Convenience Store,1257,Kilauea Ave, ,Hilo,HI,96720,4205,HAWAII,19.71061,-155.0765,2012-06-25,2015-10-19
1306499,AIM Captain Cook 1015,Convenience Store,81-6251,Mamalahoa Hwy, ,Captain Cook,HI,96704,8111,HAWAII,19.49283,-155.9167,2017-11-21,
1041465,AIM Henry St 1115,Convenience Store,75-934,Henry St, ,Kailua Kona,HI,96740, ,HAWAII,19.64155,-155.9916,2012-01-18,
991288,AIM Honalo Shell 1303,Convenience Store,79-7257,Mamalahoa Hwy, ,Kealakekua,HI,96750,7912,HAWAII,19.54107,-155.9288,2011-02-15,
991287,AIM Kamuela Shell 1301,Convenience Store,64-5196,Kinohou St, ,Kamuela,HI,96743,8409,HAWAII,20.02472,-155.6598,2011-02-15,
541894,AIM Kona-Mauka Shell 1314,Convenience Store,75-5675,Kuakini Hwy,,Kailua Kona,HI,96740,1650,HAWAII,19.64112,-155.9938,1993-02-05,
991286,AIM Waiakea Shell 1311,Convenience Store,2200,Kinoole St, ,Hilo,HI,96720, ,HAWAII,19.68429,-155.0691,2011-02-15,
826803,Aina Store Gift Shop  ,Meat/Poultry Specialty,45-3610,Mamane St,Unit 2,Honokaa,HI,96727,6942,HAWAII,20.07934,-155.4688,2007-08-08,2009-02-02
413063,Ainaola Mart  ,Convenience Store,1142A,Ainaola Dr,,Hilo,HI,96720,3650,HAWAII,19.66571,-155.1046,1995-02-27,
1481517,Alae Postharvest Facility  ,Fruits/Veg Specialty,895,Kauhiula Rd,,Hilo,HI,96720,2164,HAWAII,19.75324,-155.0953,2022-02-02,
1232734,"All Kine Stuffs,llc  ",Combination Grocery/Other,355,Kalanianaole Ave, ,Hilo,HI,96720,4757,HAWAII,19.72522,-155.0593,2016-02-23,2017-11-29
523547,ALL THINGS STORE  ,Convenience Store,1976,Kaumana Dr, ,Hilo,HI,96720,1440,HAWAII,19.68548,-155.1417,1997-05-15,2006-03-25
920177,Aloha Aina Natural Beef  ,Meat/Poultry Specialty,95-5520,Mamalahoa Highway, ,Naalehu,HI,96772, ,HAWAII,19.06253,-155.5789,2009-10-22,
971573,Aloha Island Mart Keauhou 1117,Convenience Store,78-6831,Alii Dr,Ste 1001,Kailua Kona,HI,96740,4407,HAWAII,19.57226,-155.962,2010-10-01,
304924,"ANUENUE NATURAL FOODS, ETC  ",Small Grocery Store,525,LOTUS BLOSSOM LANE,8,OCEAN VIEW,HI,96737, ,HAWAII,19.08678,-155.7757,2003-04-30,2009-02-04
385685,ARIRANG MINI MART 1,Small Grocery Store,362,Kinoole St, ,Hilo,HI,96720,2919,HAWAII,19.72172,-155.0869,2003-07-03,2011-08-24
704165,Armed Forces Recreation Ctr KMC  ,Convenience Store, ,Hawaii Volcanoes National Park,Bldg 37,Hawaii National Park,HI,96718, ,HAWAII,19.42893,-155.2532,1995-02-22,
310673,B NATURAL HEALTH FOODS  ,Small Grocery Store,68-1845,WAIKOLOA RD, ,WAIKOLOA,HI,96738,4749,HAWAII,19.9268,-155.7887,2003-07-16,2008-04-09
1303045,Bahay Kubo Asian Store 426,Convenience Store,74-5467,Kaiwi St,Ste 3,Kailua Kona,HI,96740,3143,HAWAII,19.64826,-155.9996,2017-12-11,2022-04-20
446182,BAKER TOM'S  ,Bakery Specialty,87-B,Banyan Dr, ,Hilo,HI,96720,4694,HAWAII,19.72831,-155.0653,2004-02-25,2013-01-03
365916,BANYAN MART  ,Convenience Store,76-6265,Alii Dr, ,Kailua Kona,HI,96740,2323,HAWAII,19.60664,-155.9763,1990-03-05,2024-11-18
1626665,Banyan Mart  ,Convenience Store,76-6265,Alii Dr,,Kailua Kona,HI,96740,2323,HAWAII,19.60672,-155.9762,2025-01-10,
1216699,Banyan Mini Mart 1,Convenience Store,71,Banyan Dr, ,Hilo,HI,96720,4693,HAWAII,19.72764,-155.0664,2015-11-02,2021-06-24
1216699,Banyan Mini Mart 1,Convenience Store,71,Banyan Dr, ,Hilo,HI,96720,4693,HAWAII,19.72764,-155.0664,2021-07-21,2021-10-23
1487289,Banyan Mini Mart 1,Convenience Store,71,Banyan Dr,Ste C,Hilo,HI,96720,4693,HAWAII,19.72809,-155.0667,2022-02-09,
1103191,Bayside Chevron  ,Convenience Store,774,Kamehameha Ave, ,Hilo,HI,96720,3057,HAWAII,19.72208,-155.0784,2013-08-01,2023-07-20
1554743,Bayside Texaco  ,Convenience Store,774,Kamehameha Ave,,Hilo,HI,96720,3057,HAWAII,19.72182,-155.0783,2023-08-18,
883556,Best Western Meat of Hawaii Inc  ,Delivery Route,74-5590,Eho St,A112,Kailua-Kona,HI,96740, ,HAWAII,19.64536,-155.9973,2009-02-12,2011-08-14
1356220,Big Island Beef Jerky  ,Meat/Poultry Specialty,21A,Kalanianaole Ave, ,Hilo,HI,96720,4742,HAWAII,19.72293,-155.0631,2019-05-01,
1433209,Big Island Farm Direct  ,Delivery Route,78-6898,Palekana Rd,,Holualoa,HI,96725,8706,HAWAII,19.56109,-155.9359,2021-03-31,2023-12-14
1069233,Big Island Raw Foods  ,Combination Grocery/Other,92-1329,Prince Kuhio Blvd, ,Captain Cook,HI,96704,9205,HAWAII,19.08385,-155.7762,2012-09-04,2013-08-03
958647,Bite Me Fish Market  ,Seafood Specialty,74-425,Kealakehe Pkwy,Ste 17,Kailua Kona,HI,96740,2708,HAWAII,19.6701,-156.0206,2011-03-28,2011-10-10
1026695,"Body Integration LLC, dba Island Organics  ",Small Grocery Store,14-1021,Kalikaa, ,Keaau,HI,96749,7109,HAWAII,19.58576,-154.9665,2011-11-03,2012-10-21
955782,Bread Box Keaau  ,Bakery Specialty,16-566,Keaau Pahoa Rd, ,Keaau,HI,96749,8105,HAWAII,19.6217,-155.0388,2010-06-28,2017-07-02
1084546,Bread Box Keaau  ,Bakery Specialty,16-566,Keaau Pahoa Rd, ,Keaau,HI,96749,8105,HAWAII,19.62147,-155.0387,2013-01-23,2014-03-12
1013596,Captain Cook Chevron Food Mart  ,Convenience Store,81-6316,Mamalahoa St, ,Captain Cook,HI,96704, ,HAWAII,19.49413,-155.9184,2011-07-05,
259368,CAPTAIN COOK MINI MART  ,Convenience Store,81-6372,MAMALAHOA HWY, ,KEALAKEKUA,HI,96750, ,HAWAII,19.49963,-155.9196,2004-02-17,2006-04-11
1278678,Captain Cook Mini Mart  ,Convenience Store,81-6372,Mamalahoa Hwy, ,Kealakekua,HI,96750,8185,HAWAII,19.49949,-155.9196,2017-04-26,
786231,Captain Cook Mini Mart Inc  ,Convenience Store,81-6372,Mamalahoa Hwy, ,Kealakekua,HI,96750,8132,HAWAII,19.49963,-155.9196,2006-05-31,2017-04-17
1203674,Chevron 1583,Convenience Store,321,E Makaala St, ,Hilo,HI,96720,5146,HAWAII,19.69931,-155.0637,2015-06-04,2016-10-31
968984,Chita's Travel & Filipino Store  ,Medium Grocery Store,68-1845,Waikoloa Rd,Ste 132,Waikoloa,HI,96738,5587,HAWAII,19.9268,-155.7887,2010-09-20,
433385,Choice Mart  ,Super Store,82-6066,Mamalahoa Hwy, ,Captain Cook,HI,96704,8202,HAWAII,19.48732,-155.9054,2000-05-23,
321762,CHRIS' BAKERY  ,Bakery Specialty,81-6596,Mamalahoa Hwy, ,Kealakekua,HI,96750,8131,HAWAII,19.51409,-155.9205,1997-01-27,2005-08-28
1038452,Convenience Plus LLC  ,Convenience Store,45-3244,Mamalahoa Hwy, ,Honokaa,HI,96727,0,HAWAII,20.06873,-155.4581,2012-01-03,2024-04-22
696212,Cost-U-Less 3,Combination Grocery/Other,715,Kinoole St, ,Hilo,HI,96720,3850,HAWAII,19.71749,-155.0841,1992-08-14,
923600,Costco Wholesale 0140,Super Store,73-5600,Maiau St, ,Kailua Kona,HI,96740,2630,HAWAII,19.68735,-156.0161,2009-10-30,
1105949,CVS 2406,Combination Grocery/Other,65-1261,Kawaihae Rd, ,Kamuela,HI,96743,8406,HAWAII,20.02203,-155.6727,2013-06-07,
1110949,CVS 5638,Combination Grocery/Other,96-3163,Pikake St, ,Pahala,HI,96777,9997,HAWAII,19.20201,-155.4772,2013-07-17,
1221711,CVS 2362,Combination Grocery/Other,670,Ponahawai St,Ste 213,Hilo,HI,96720,7830,HAWAII,19.71376,-155.096,2015-10-28,2022-10-17
894095,CVS Pharmacy 9620,Combination Grocery/Other,555,Kilauea Ave, ,Hilo,HI,96720,3090,HAWAII,19.7185,-155.081,2009-04-23,
894079,CVS Pharmacy 9227,Combination Grocery/Other,111,E Puainako St,,Hilo,HI,96720,5288,HAWAII,19.69712,-155.0634,2009-04-23,
895060,CVS Pharmacy 9249,Combination Grocery/Other,75-5595,Palani Rd,Ste B,Kailua Kona,HI,96740,3135,HAWAII,19.64406,-155.9947,2009-04-29,
896112,CVS Pharmacy 9936,Combination Grocery/Other,78-6831,Alii Dr,Ste H,Kailua Kona,HI,96740,4407,HAWAII,19.57226,-155.962,2009-05-06,
975215,CVS Pharmacy 7098,Combination Grocery/Other,15-1454,Kahakai Blvd, ,Pahoa,HI,96778, ,HAWAII,19.50397,-154.9548,2010-10-14,
1341669,CVS Pharmacy 06870,Combination Grocery/Other,16-529,Keaau Pahoa Rd, ,Keaau,HI,96749,8156,HAWAII,19.62286,-155.0397,2018-09-27,
1403974,CVS Pharmacy 10849,Combination Grocery/Other,75-5995,"Kuakini Highway,",Suite 5B,Kona,HI,96740, ,HAWAII,19.6266,-155.9824,2020-04-23,2022-02-06
1131913,D & E Fuel Good Stop  ,Convenience Store,84-4811,Mamalahoa Hwy, ,Captain Cook,HI,96704,8403,HAWAII,19.4188,-155.8815,2014-04-14,2019-07-04
943049,Da Poke Shack 1,Combination Grocery/Other,76-6246,Alii Dr,Ste 101,Kailua Kona,HI,96740,4614,HAWAII,19.60761,-155.9768,2010-04-22,2015-04-16
235023,DA STORE HAWAIIAN BEACHES  ,Medium Grocery Store,15-783,Kahakai Blvd, ,Pahoa,HI,96778, ,HAWAII,19.52827,-154.9209,1975-06-05,
1631545,Danny's Produce  ,Fruits/Veg Specialty,16-1784,Keaau Pahoa Rd,,Keaau,HI,96749,9106,HAWAII,19.55508,-154.9884,2025-02-06,
680593,DORIS PLACE  ,Convenience Store,77-6108,Mamalahoa Hwy, ,Holualoa,HI,96725, ,HAWAII,19.60677,-155.9493,1991-10-23,2018-11-19
1530675,Doris Place  ,Convenience Store,77-6108,Mamalahoa Hwy,,Holualoa,HI,96725,9722,HAWAII,19.60734,-155.9494,2023-02-27,
917475,Down to Earth  ,Combination Grocery/Other,303,Makaala St, ,Hilo,HI,96720,5146,HAWAII,19.69934,-155.0645,2009-11-09,2011-11-06
911672,Dragon's Eye Ventures 2,Delivery Route,14-407,Railroad Ave, ,Pahoa,HI,96778,5386,HAWAII,19.51209,-154.8506,2009-09-09,2010-08-04
911668,Dragon's Eye Ventures 1,Fruits/Veg Specialty,14-407,Railroad Ave, ,Pahoa,HI,96778,7703,HAWAII,19.51209,-154.8506,2009-09-17,2012-01-26
1128038,E And E Pacific Store  ,Small Grocery Store,75-159,Lunapule Rd,Ste 3,Kailua Kona,HI,96740,2100,HAWAII,19.62699,-155.9841,2014-02-19,2016-09-26
649166,EARL'S PAAUILO STORE LLC  ,Convenience Store, ,HWY 19, ,PAAUILO,HI,96776, ,HAWAII,20.02751,-155.34,1971-12-16,2019-09-26
1591151,Ellie Girl Poke Shop N/A,Seafood Specialty,111,E Puainako St,Ste 105A,Hilo,HI,96720,5295,HAWAII,19.69702,-155.0636,2024-09-04,
1029231,Euro Deli LLC  ,Combination Grocery/Other,74-5467,Kaiwi St, ,Kailua Kona,HI,96740, ,HAWAII,19.64869,-155.9993,2011-12-02,2012-11-19
388535,"EVIE'S NATURAL FOODS, INC.  ",Meat/Poultry Specialty,79-7460,Mamalahoa Hwy Ste 105, ,Kealakekua,HI,96750,7917,HAWAII,19.52891,-155.9245,1998-03-10,2007-11-01
1612321,Fanitom Mini Mart  ,Convenience Store,18,Pohaku St,,Hilo,HI,96720,4547,HAWAII,19.70263,-155.0635,2024-10-28,
880641,Fast Fuels  ,Convenience Store,16-499,Old Volcano Rd, ,Keaau,HI,96749,8138,HAWAII,19.62376,-155.0385,2009-05-26,2011-08-25
1000448,Fil-AM General Store  ,Convenience Store,79-7432,Mamalahoa Hwy,Ste C,Kealakekua,HI,96750,7932,HAWAII,19.5303,-155.9252,2011-04-25,2016-07-25
862808,Filipino Foodmart  ,Convenience Store,16-566,Pahoa Rd,Stall 1,Keaau,HI,96749, ,HAWAII,19.62442,-155.0347,2008-09-10,2009-04-30
806851,Five Sisters Place  ,Small Grocery Store,1976,Kaumana Dr, ,Hilo,HI,96720,1440,HAWAII,19.68548,-155.1417,2006-11-27,2008-12-17
837681,Foodland Farms Mauna Lani 39,Super Store,1330,Mauna Lani Dr, ,Kamuela,HI,96743,7753,HAWAII,19.94153,-155.8614,2007-11-07,
926154,Foodland Keaau 41,Super Store,16-586,Old Volcano Rd,Ste 102,Keaau,HI,96749,8100,HAWAII,19.62215,-155.0404,2009-11-18,
572723,Foodland Waimea 38,Super Store,67-1185,Mamalahoa Hwy, ,Kamuela,HI,96743,8427,HAWAII,20.0208,-155.6684,2002-04-18,
312009,FRANK'S FOODS INC  ,Meat/Poultry Specialty,1141,W Kawailani St, ,Hilo,HI,96720,3201,HAWAII,19.68236,-155.1006,1982-02-01,
1407675,FreshPoint Oahu (Kona) 570,Fruits/Veg Specialty,73-4230,Hulikoa Dr, ,Kailua Kona,HI,96740,2670,HAWAII,19.69956,-156.0138,2020-05-26,2024-07-24
360638,Fujihara Store  ,Convenience Store,85-4524,Mamalahoa Hwy, ,Captain Cook,HI,96704,8500,HAWAII,19.39728,-155.8791,2002-02-20,2021-06-23
360638,Fujihara Store  ,Convenience Store,85-4524,Mamalahoa Hwy, ,Captain Cook,HI,96704,8500,HAWAII,19.39728,-155.8791,2021-07-13,2021-08-04
360638,Fujihara Store  ,Convenience Store,85-4524,Mamalahoa Hwy, ,Captain Cook,HI,96704,8500,HAWAII,19.39728,-155.8791,2021-08-24,2022-06-05
1527756,Fujihara Store  ,Convenience Store,85-4524,Mamalahoa Hwy,,Captain Cook,HI,96704,8500,HAWAII,19.39694,-155.8792,2023-01-31,
348638,"GEORGE'S MEAT MKT, INC  ",Meat/Poultry Specialty,28,Hoku St, ,Hilo,HI,96720,3817,HAWAII,19.71692,-155.0798,1982-03-15,2006-02-28
780488,Georges Meat Market  ,Meat/Poultry Specialty,28,Hoku St,,Hilo,HI,96720,3817,HAWAII,19.71712,-155.0802,2006-03-21,2025-01-03
780488,Georges Meat Market  ,Meat/Poultry Specialty,28,Hoku St,,Hilo,HI,96720,3817,HAWAII,19.71712,-155.0802,2025-02-28,
716960,GINGER PATCH MARKET & DELI  ,Convenience Store,26,Kekela St, ,Hilo,HI,96720,5231,HAWAII,19.69535,-155.0668,2000-06-27,2010-12-05
909016,Give & Take Market  ,Combination Grocery/Other,18,Pohaku St,Ste 5,Hilo,HI,96720,9672,HAWAII,19.70305,-155.0635,2009-11-02,2010-11-22
909016,Give & Take Market  ,Combination Grocery/Other,18,Pohaku St,Ste 5,Hilo,HI,96720,9672,HAWAII,19.70305,-155.0635,2012-12-27,2015-01-27
493890,GLO IVY'S DOLLAR PLUS STORE  ,Convenience Store,75-5660,Kopiko St,Kopiko Plaza,Kailua-Kona,HI,96740, ,HAWAII,19.64289,-155.9946,2004-06-21,2014-03-12
411386,GOLD COAST PRODUCE STAND  ,Convenience Store,84-5227,Mamalahoa Hwy, ,Captain Cook,HI,96704,8407,HAWAII,19.44137,-155.8799,1988-07-06,2013-06-02
653491,H Y STORE  ,Convenience Store,83-5487,MAMALAHOA HWY, ,CAPTAIN COOK,HI,96704, ,HAWAII,0.0,0.0,2004-02-23,2005-03-08
746682,H Y STORE  ,Convenience Store,83-5487,MAMALAHOA HWY, ,CAPTAIN COOK,HI,96704, ,HAWAII,19.45922,-155.8805,2005-03-17,2007-07-22
1303382,Hakalau Farmers Market And Foodshare  ,Farmers' Market,31-240,Old Mamalahoa Hwy,,Hakalau,HI,96710,174,HAWAII,19.90618,-155.1349,2017-11-20,2022-01-19
1303382,Hakalau Farmers Market And Foodshare  ,Farmers' Market,31-240,Old Mamalahoa Hwy,,Hakalau,HI,96710,174,HAWAII,19.90618,-155.1349,2023-07-05,
1299620,Hale Aloha  ,Small Grocery Store,Dec-60,Kalapana Kapoho Rd, ,Pahoa,HI,96778,8019,HAWAII,19.40576,-154.9107,2017-12-15,2019-04-11
1634916,Hale Aloha  ,Convenience Store,Dec-70,Kalapana Kapoho Beach Rd,,Pahoa,HI,96778,8019,HAWAII,19.40527,-154.9137,2025-03-26,
1196011,Hamakua Harvest Farmers' Market  ,Farmers' Market,44-2600,Hawaii Belt Highway, ,Honokaa,HI,96727, ,HAWAII,20.07027,-155.4828,2015-05-19,2019-12-26
1196011,Hamakua Harvest Farmers' Market  ,Farmers' Market,44-2600,Hawaii Belt Highway, ,Honokaa,HI,96727, ,HAWAII,20.07027,-155.4828,2020-01-23,
1030672,"Hamakua Living, A General Store  ",Convenience Store,45-3565,Mamane St, ,Honokaa,HI,96727,6976,HAWAII,20.0789,-155.4675,2012-02-02,2017-02-01
1566219,Hamakua Meat Market  ,Meat/Poultry Specialty,43-706,Antone Deluz Rd, ,Paauilo,HI,96776, ,HAWAII,20.01438,-155.3745,2023-11-21,
827153,Hamakua Natural Foods  ,Convenience Store,45-3321,Mamane St, ,Honokaa,HI,96727,6914,HAWAII,20.07614,-155.4611,2007-08-02,2009-04-30
1326395,Hamakua Naturals  ,Convenience Store,45-3551,Mamane St, ,Honokaa,HI,96727,6926,HAWAII,20.07877,-155.4672,2018-08-23,2019-09-23
890377,Hawaii Cargo  ,Convenience Store,16-566,Pahoa Rd,Ste # 3,Keaau,HI,96749, ,HAWAII,19.62442,-155.0347,2009-04-22,2010-01-05
982041,Hawaii Cargo  ,Convenience Store,15-1951,Makuu Drive,Corner Of 31st & Makuu Dr,Keaau,HI,96749, ,HAWAII,19.55377,-154.9719,2011-01-12,2013-10-21
1475220,Hawaii Farm To Car  ,Farmers' Market,16-492,Old Volcano Rd, ,Keaau,HI,96749, ,HAWAII,19.62436,-155.0392,2021-11-05,
1064337,Hawaii True Value 5066,Small Grocery Store,19-4084,Old Volcano Hwy,Bldg 1,Volcano,HI,96785,9997,HAWAII,19.42642,-155.2379,2012-07-23,
1436807,Hawaii Ulu Cooperative  ,Combination Grocery/Other,79-1017,E Honalo Rd,,Kailua Kona,HI,96740,6961,HAWAII,19.54772,-155.9336,2021-03-22,2021-09-16
1453412,Hawaiian Seafood Express  ,Seafood Specialty,77-6499,Sea View Cir,,Kailua Kona,HI,96740,9787,HAWAII,19.6026,-155.9658,2021-06-24,2021-12-20
1064713,Hawi Farmers Market - North Kohala Food Forum  ,Farmers' Market,55-515,Hawi Rd,,Hawi,HI,96719,9997,HAWAII,20.23191,-155.8258,2012-06-28,2017-08-31
1064713,Hawi Farmers Market - North Kohala Food Forum  ,Farmers' Market,55-515,Hawi Rd,,Hawi,HI,96719,9997,HAWAII,20.23191,-155.8258,2017-09-13,2024-04-11
467158,Healthways II  ,Medium Grocery Store,67-1185,Mamalahoa Hwy,Unit F137,Kamuela,HI,96743,8412,HAWAII,20.02029,-155.667,2002-07-18,
1650117,HELE Hilo 61203,Convenience Store,1801,Kamehameha Ave, ,Hilo,HI,96720,4627,HAWAII,19.72292,-155.0637,2025-05-02,
1650112,HELE Honokaa 61204,Convenience Store,45-3533,Mamane St, ,Honokaa,HI,96727,6904,HAWAII,20.0784,-155.4667,2025-05-02,
1609496,HELE Kaumana 61201,Convenience Store,370,Kaumana Dr, ,Hilo,HI,96720,1943,HAWAII,19.70912,-155.1101,2024-07-23,
1609500,HELE Kilauea 61210,Convenience Store,1698,Kilauea Ave, ,Hilo,HI,96720,5030,HAWAII,19.70217,-155.0726,2024-07-23,
1132041,HELE STORES 61087,Convenience Store,81-6673,Mamalahoa Hwy, ,Kealakekua,HI,96750,8130,HAWAII,19.51899,-155.9201,2014-02-10,
1132042,HELE STORES 61089,Convenience Store,73-4796,Kanalani St, ,Kailua Kona,HI,96740,2606,HAWAII,19.68884,-156.0207,2014-02-10,
1132040,HELE STORES 61081,Convenience Store,434,Kamehameha Ave, ,Hilo,HI,96720,3051,HAWAII,19.72303,-155.0833,2014-02-12,
955332,Helens Sari Sari Store  ,Small Grocery Store,74-5543,Kaiwi St,Ste A115,Kailua Kona,HI,96740,3162,HAWAII,19.64343,-156.0011,2011-03-01,2014-03-12
472021,HIGASHI STORE  ,Convenience Store,84-4811,MAMALAHOA HIGHWAY, ,HONAUNAU,HI,96726,360,HAWAII,19.41702,-155.8806,1985-10-16,2009-08-16
1054452,Hilo Coffee Mill Farmers Market  ,Farmers' Market,17-995,Volcano Rd, ,Mountain View,HI,96771, ,HAWAII,19.52767,-155.1341,2012-04-11,2022-08-15
1519462,Hilo Coffee Mill Farmers Market  ,Farmers' Market,17-0995,Volcano Rd, ,Mountain View,HI,96771, ,HAWAII,19.56346,-155.0914,2022-10-20,
433230,Hilo Farmers Market  ,Farmers' Market,330,Kamehameha Ave,,Hilo,HI,96720,2922,HAWAII,19.72359,-155.0851,1999-04-29,
994816,Hilo Garden Mart  ,Convenience Store,1477,Kalanianaole Ave, ,Hilo,HI,96720, ,HAWAII,19.73504,-155.0376,2011-03-16,2016-03-01
1065957,Hilo Sand Dollar Store  ,Combination Grocery/Other,1717,Kamehameha Ave, ,Hilo,HI,96720, ,HAWAII,19.7226,-155.0649,2012-08-10,2014-12-09
609757,HILO TROPICAL MART  ,Convenience Store,1477,KALANIANAOLE AVE, ,HILO,HI,96720, ,HAWAII,19.73504,-155.0376,1991-05-02,2011-03-10
706457,Hirano Store  ,Medium Grocery Store,18-2455,Highway 11, ,Glenwood,HI,96771, ,HAWAII,19.48818,-155.1514,1992-06-30,2022-11-30
1526850,Hirano Store  ,Convenience Store,18-2455,Volcano HWY,,Mountain View,HI,96771, ,HAWAII,19.48819,-155.1514,2022-12-13,
573747,HONALO SHELL FOODMART  ,Convenience Store,79-7257,MAMALAHOA HWY, ,HONALO,HI,96750, ,HAWAII,19.54104,-155.9278,2002-01-29,2011-01-13
1272184,Honokaa Country Market  ,Small Grocery Store,45-3745,Honokaa Waipio Rd, ,Honokaa,HI,96727, ,HAWAII,20.08025,-155.4725,2017-02-21,2022-03-01
1272184,Honokaa Country Market  ,Small Grocery Store,45-3745,Honokaa Waipio Rd, ,Honokaa,HI,96727, ,HAWAII,20.08025,-155.4725,2022-03-10,2023-11-13
391408,HONOKAA FILIPINO STORE  ,Convenience Store,45-3577,Mamane St, ,Honokaa,HI,96727,6976,HAWAII,20.07894,-155.4676,1984-07-12,2006-08-31
801932,"Honokaa Filipino Store, LLC.  ",Small Grocery Store,45-3577,Mamane St, ,Honokaa,HI,96727,6976,HAWAII,20.07894,-155.4676,2006-10-02,
1566861,Honokaa Market  ,Small Grocery Store,45-3745,Honokaa Waipio Rd, ,Honokaa,HI,96727,6955,HAWAII,20.08022,-155.4729,2024-02-02,
904513,Honokaa Natural Food  ,Combination Grocery/Other,45-3625,Mamane St, ,Honokaa,HI,96727,6977,HAWAII,20.07937,-155.4693,2009-08-17,2011-09-06
685308,HONOKAA STOP 'N SHOP  ,Convenience Store,45-5002,PAKALANA/HWY 19, ,HONOKAA,HI,96727, ,HAWAII,20.07095,-155.4642,1986-11-25,2006-11-27
1136333,HWY. X-press Mini Mart  ,Convenience Store,28-2831,Mamalahoa Hwy, ,Pepeekeo,HI,96783,8497,HAWAII,19.83035,-155.1041,2014-03-24,
828194,HY Store  ,Convenience Store,83-5487,Mamalahoa Hwy, ,Captain Cook,HI,96704,8303,HAWAII,19.45922,-155.8805,2007-08-02,2011-10-23
828194,HY Store  ,Convenience Store,83-5487,Mamalahoa Hwy, ,Captain Cook,HI,96704,8303,HAWAII,19.45922,-155.8805,2011-10-27,2021-05-28
1262945,"Ies Retail, Llc 206117",Convenience Store,321,E Makaala St, ,Hilo,HI,96720,5146,HAWAII,19.69931,-155.0637,2016-11-14,2022-03-01
974105,Island Asian Store  ,Small Grocery Store,15 1868,28 poha st,keaau,hawaii,HI,96749, ,HAWAII,19.55924,-154.9767,2011-07-13,2016-04-03
541155,ISLAND BAKE SHOPPE  ,Bakery Specialty,54,Mamo St, ,Hilo,HI,96720,2954,HAWAII,0.0,0.0,2000-08-07,2005-01-04
856449,Island Gourmet Markets  ,Super Store,201,Waikoloa Beach Dr SP B, ,Waikoloa,HI,96738, ,HAWAII,19.92378,-155.8783,2008-06-18,2009-03-22
856449,Island Gourmet Markets  ,Super Store,201,Waikoloa Beach Dr SP B, ,Waikoloa,HI,96738, ,HAWAII,19.92378,-155.8783,2009-04-03,2009-04-05
1071887,Island Gourmet Markets 77,Supermarket,69-250,Waikoloa Beach Dr,Ste B1,Waikoloa,HI,96738,5719,HAWAII,19.91641,-155.8833,2012-09-10,
356975,Island Market  ,Large Grocery Store,95-5657,Mamalahoa Hwy, ,Naalehu,HI,96772, ,HAWAII,19.06047,-155.5867,1994-12-01,2015-08-24
851410,Island Naturals Kona Inc  ,Super Store,74-5487,Kaiwi St, ,Kailua Kona,HI,96740,1607,HAWAII,19.64712,-156.0002,2009-01-20,2022-01-18
1488419,Island Naturals Kona Inc.  ,Super Store,74-5444,Makala Blvd,,Kailua Kona,HI,96740,2706,HAWAII,19.64974,-156.0044,2022-01-27,
459482,"Island Naturals Market, Inc  ",Combination Grocery/Other,1221,Kilauea Ave,Ste 170,Hilo,HI,96720,4275,HAWAII,19.71088,-155.0762,1998-04-08,
851411,Island Naturals Mauka  ,Supermarket,79-7460,Mamalahoa Hwy, ,Kealakekua,HI,96750,7913,HAWAII,19.52891,-155.9245,2008-10-03,2014-01-05
780447,ISLAND NATURALS PAHOA INC  ,Combination Grocery/Other,15-1870,Akeakamai Loop, ,Pahoa,HI,96778,7868,HAWAII,19.49431,-154.9465,2006-02-16,2016-04-11
1245298,"Island Naturals Pahoa, Inc. `  ",Combination Grocery/Other,15-1870,Akeakamai Loop, ,Pahoa,HI,96778,7868,HAWAII,19.49443,-154.9464,2016-06-09,
374925,J & J FOODS  ,Meat/Poultry Specialty,16-566,PAHOA RD,Unit 3,KEAAU,HI,96749, ,HAWAII,19.62442,-155.0347,2002-12-17,2008-09-09
875546,J & P Store  ,Convenience Store,1976,Kaumana Dr, ,Hilo,HI,96720,1440,HAWAII,19.68548,-155.1417,2009-01-30,2014-05-07
371384,J HARA STORE INC  ,Combination Grocery/Other,17-343,Volcano Rd, ,Kurtistown,HI,96760,9997,HAWAII,19.59365,-155.0573,1993-10-21,
366268,J.J. MEAT MARKET  ,Meat/Poultry Specialty,100,MAMANE ST, ,HONOKAA,HI,96727, ,HAWAII,20.07631,-155.4615,2000-03-14,2006-10-27
366268,J.J. MEAT MARKET  ,Meat/Poultry Specialty,100,MAMANE ST, ,HONOKAA,HI,96727, ,HAWAII,20.07631,-155.4615,2006-12-05,2008-07-22
532516,Jans Store  ,Convenience Store,28-179,Honomu Rd, ,Honomu,HI,96728, ,HAWAII,19.87236,-155.1122,1982-07-12,2019-08-06
543514,JJ ANDRADE MEAT MARKET SLAUGHTER  ,Meat/Poultry Specialty,46-3675,OLD MAMALAHOA HWY, ,HONOKAA,HI,96727,7034,HAWAII,20.06588,-155.4843,1986-04-04,2006-10-27
847764,JJs Country Market  ,Medium Grocery Store,45-3745,Honokaa Waipio Rd, ,Honokaa,HI,96727, ,HAWAII,20.08041,-155.4729,2008-07-28,2017-01-05
485053,K TAKATA STORE INC  ,Super Store,54-3627,AKONI PULE HWY, ,Hawi,HI,96719, ,HAWAII,20.23714,-155.8165,1972-01-24,2025-11-26
1614833,K. Takata Store 14,Super Store,54-3627,Akone Pule Hwy,,Kapaau,HI,96755,9996,HAWAII,20.23646,-155.8166,2024-09-09,
774448,KAGIMOTO'S  ,Convenience Store,2179,Kinoole St, ,Hilo,HI,96720,5327,HAWAII,19.68502,-155.0691,2006-01-28,2023-08-02
1557052,Kagimoto's  ,Convenience Store,2179,Kinoole St,,Hilo,HI,96720,5327,HAWAII,19.68499,-155.0688,2023-08-29,
1034190,Kahala Gas Ocean View  ,Convenience Store,92-1329,Prince Kuhio Blvd, ,Captain Cook,HI,96704,9205,HAWAII,19.08386,-155.7762,2012-01-03,2017-02-04
499565,KAHUKU COUNTRY MARKET  ,Combination Grocery/Other,92-8691,LOTUS BLOSSOM LN, ,OCEAN VIEW,HI,96737, ,HAWAII,19.08499,-155.7743,1997-03-11,2013-08-03
499565,KAHUKU COUNTRY MARKET  ,Combination Grocery/Other,92-8691,LOTUS BLOSSOM LN, ,OCEAN VIEW,HI,96737, ,HAWAII,19.08499,-155.7743,2013-08-08,
243400,KAIKO'O SEEDS N THINGS  ,Combination Grocery/Other,346,Kilauea Ave, ,Hilo,HI,96720,3008,HAWAII,19.72059,-155.0836,1998-12-18,2017-02-26
1201242,Kaimu Farmers Market  ,Farmers' Market,Dec-38,Kalapana Kapoho Beach Rd, ,Pahoa,HI,96778,7808,HAWAII,19.36187,-154.9694,2015-06-08,2022-06-01
1441818,Kaimu Farmers Market  ,Farmers' Market,Dec-38,Kalapana Kapoho Beach Rd,,Pahoa,HI,96778,7808,HAWAII,19.36222,-154.9717,2021-03-25,2022-03-16
1441818,Kaimu Farmers Market  ,Farmers' Market,Dec-38,Kalapana Kapoho Beach Rd,,Pahoa,HI,96778,7808,HAWAII,19.36222,-154.9717,2022-05-18,
867966,Kaimu Korner Country Store  ,Small Grocery Store,Dec-32,Pahoa Kalapana Rd,,Pahoa,HI,96778,6812,HAWAII,19.36166,-154.9707,2009-03-31,2020-08-09
1409091,Kaimu Korner Country Store  ,Medium Grocery Store,Dec-32,Pahoa Kalapana Rd,,Pahoa,HI,96778,6812,HAWAII,19.36176,-154.9709,2020-08-10,2023-09-21
867966,Kaimu Korner Country Store  ,Small Grocery Store,Dec-32,Pahoa Kalapana Rd,,Pahoa,HI,96778,6812,HAWAII,19.36166,-154.9707,2023-11-29,
1081197,Kainaliu Union  ,Convenience Store,79-7387,Mamalahoa Hwy, ,Kealakekua,HI,96750,7911,HAWAII,19.53293,-155.9268,2012-12-05,2015-05-05
1437452,Kalani  ,Convenience Store,Dec-60,Kalapana Kapoho Beach Rd,,Pahoa,HI,96778,8019,HAWAII,19.40577,-154.9107,2021-03-05,2025-08-27
473938,KALAPANA FOOD COOP  ,Food Buying Co-op, ,LEILANI ESTATES COMM CNTR, ,PAHOA,HI,96778, ,HAWAII,19.53091,-154.9838,1984-07-26,2006-10-16
377540,KAMIGAKI MARKET  ,Supermarket,81-6602,Mamalahoa Hwy, ,Kealakekua,HI,96750, ,HAWAII,19.51446,-155.9205,1971-12-15,2009-10-14
1254352,Kamuela Farmers Market Llc  ,Farmers' Market,67-139,Pukalani Rd, ,Kamuela,HI,96743,8383,HAWAII,20.02117,-155.666,2016-08-15,
579586,KAWAIHAE MARKET & DELI  ,Convenience Store,61-3665,AKONIPULE ST, ,KAWAIHAE,HI,96743, ,HAWAII,20.0181,-155.6751,2002-10-21,2009-11-09
921497,Kawaihae Market & Deli  ,Convenience Store,61-3665,Akoni Pule Hwy, ,Kamuela,HI,96743,7709,HAWAII,20.039,-155.8296,2009-11-18,2015-03-02
1436168,Kawaihae Marketplace 1,Convenience Store,61-3665,Akoni Pule Hwy,,Kamuela,HI,96743,7709,HAWAII,20.03892,-155.83,2021-03-24,
1077113,Kawailani Mart  ,Convenience Store,511,W Kawailani St., ,Hilo,HI,96720, ,HAWAII,19.68367,-155.0823,2013-01-23,2018-11-01
404072,KEAAU FILIPINO FOOD STORE  ,Medium Grocery Store,16-577,Old Volcano Rd, ,Keaau,HI,96749,8101,HAWAII,19.62131,-155.0401,1982-03-09,2025-01-03
1632332,Keaau Filipino Food Store LLC  ,Medium Grocery Store,16-577,Old Volcano Rd, ,Keaau,HI,96749, ,HAWAII,19.575,-155.0614,2025-02-28,
541099,"KEAAU NATURAL FOODS, INC.  ",Medium Grocery Store,16-586,Old Volcano Rd,109,Keaau,HI,96749,8115,HAWAII,19.62215,-155.0404,1983-07-05,
1323029,Keaau Shell Food Mart  ,Convenience Store,16-573,Old Volcano Rd, ,Keaau,HI,96749,8101,HAWAII,19.6215,-155.0399,2018-07-16,
404371,KEAAU SHELL FOODMART  ,Convenience Store,16-573,Old Volcano Rd, ,Keaau,HI,96749,8101,HAWAII,19.62167,-155.0398,1999-02-04,2018-05-17
1041864,Keauhou Farmers Market  ,Farmers' Market,78-6831,Alii Dr,,Kailua Kona,HI,96740,2495,HAWAII,19.57226,-155.962,2012-02-23,
995673,Keauhou Store LLC  ,Convenience Store,78-7010,Mamalahoa Hwy, ,Holualoa,HI,96725,9742,HAWAII,19.55363,-155.9346,2011-03-15,2018-02-26
653874,KEAUKAHA MARKET  ,Convenience Store,11,Silva St,Ste A,Hilo,HI,96720,4774,HAWAII,19.72724,-155.0543,1997-11-17,2012-09-05
516539,KILAUEA GENERAL STORE  ,Convenience Store,19-4030,Old Volcano Hwy, ,Volcano,HI,96785,9997,HAWAII,19.42925,-155.2326,1987-10-06,2018-12-20
1351430,Kilauea General Store  ,Small Grocery Store,19-3972,Volcano Rd, ,Volcano,HI,96785, ,HAWAII,19.42954,-155.2322,2019-02-26,
890445,Kilauea Market 0,Medium Grocery Store,1178,Kilauea Ave,,Hilo,HI,96720,4229,HAWAII,19.71156,-155.0771,2009-05-06,2024-06-27
890445,Kilauea Market 0,Medium Grocery Store,1178,Kilauea Ave,,Hilo,HI,96720,4229,HAWAII,19.71156,-155.0771,2024-08-15,
1604305,Kilauea Shell 4,Convenience Store,1104,Kilauea Ave,,Hilo,HI,96720,4204,HAWAII,19.71222,-155.0774,2024-07-11,
718569,KILAUEA SHELL FOODMART  ,Convenience Store,1104,Kilauea Ave, ,Hilo,HI,96720,4204,HAWAII,19.71247,-155.0772,2002-12-05,2024-07-10
1512101,Kimura General Store  ,Convenience Store,27-289,Mill Rd,,Papaikou,HI,96781, ,HAWAII,19.78286,-155.0921,2022-08-19,
1051250,Kinoole Farmer's Market  ,Farmers' Market,1990,Kinoole St, ,Hilo,HI,96720, ,HAWAII,19.69008,-155.0695,2012-04-04,2021-11-19
229819,KK SUPER MART INC  ,Medium Grocery Store,45-3745,Mamane St, ,Honokaa,HI,96727,6920,HAWAII,20.08042,-155.4729,1971-12-09,2008-08-26
628192,Kmart 7683,Super Store,74-5456,Kamakaeha Ave, ,Kailua Kona,HI,96740, ,HAWAII,19.65078,-155.999,1999-10-20,2020-06-25
1230532,Kohala Filipino Store LLC  ,Convenience Store,54-3386,Akoni Pule Hwy,Ste 4,Kapa'au,HI,96755, ,HAWAII,20.23727,-155.812,2016-01-26,2018-09-03
1502178,Kohala Food Hub  ,Combination Grocery/Other,55-230,Hoea Rd, ,Kapaau,HI,96719, ,HAWAII,20.25539,-155.8283,2022-05-27,2024-07-11
1598492,Kohala Food Hub  ,Combination Grocery/Other,55-230,Ho'ea Rd., ,Hawi,HI,96719, ,HAWAII,20.25469,-155.8299,2024-07-12,
1233511,Kohala Grown Market  ,Small Grocery Store,55-3419,Akoni Pule Highway, ,Hawi,HI,96719, ,HAWAII,20.23805,-155.83,2016-03-14,
496672,KOHALA HEALTH FOOD  ,Small Grocery Store, ,PO Box 409, ,Hawi,HI,96719,409,HAWAII,20.23667,-155.8305,1999-10-20,2005-04-27
741111,KOHALA SPIRITS  ,Convenience Store,55-3419,AKONI PULE HWY, ,HAWI,HI,96719, ,HAWAII,20.2381,-155.8296,2005-02-09,2008-04-23
851194,Kohala Spirits  ,Convenience Store,55-3419,Akoni Pule Hwy, ,Hawi,HI,96719, ,HAWAII,20.2381,-155.8296,2008-05-08,2010-08-04
444647,KOHALA SPIRITS INC.  ,Convenience Store,55-3419,AKONI PULE HWY, ,HAWI,HI,96719, ,HAWAII,0.0,0.0,1997-09-03,2005-01-31
1295349,Kona Butcher Shop  ,Meat/Poultry Specialty,75-5660,Kopiko St,Ste D6,Kailua Kona,HI,96740,3122,HAWAII,19.64289,-155.9946,2017-08-29,2021-06-16
1005545,Kona Liquor Store  ,Convenience Store,74-5540,Kaiwi St, ,Kailua Kona,HI,96740,1609,HAWAII,19.64383,-156.0013,2011-06-06,
371133,KONA NATURAL FOODS  ,Combination Grocery/Other,75-1027,Henry St Ste 105, ,Kailua Kona,HI,96740,3154,HAWAII,19.64634,-155.9889,1998-05-12,2014-12-09
771141,KONA NATURAL FOODS II  ,Convenience Store,78-6831,ALII DR,SUITE C-122B,KAILUA-KONA,HI,96740, ,HAWAII,19.57141,-155.9633,2005-12-20,2010-02-18
1180604,Kona Reef Liquor & Deli  ,Convenience Store,75-6082,Alii Dr., ,Kailua Kona,HI,96740, ,HAWAII,19.61646,-155.983,2015-01-20,2018-09-05
1333912,Kona Reef Liquor & Deli  ,Convenience Store,75-6082,Alii Dr,Ste B,Kailua Kona,HI,96740,2306,HAWAII,19.6165,-155.983,2018-09-26,2020-12-28
1432371,Kona Reef Liquor & Deli  ,Convenience Store,75-6082,Alii Dr,Ste 101,Kailua Kona,HI,96740,2306,HAWAII,19.61612,-155.984,2020-12-31,
544662,"KONA REEF LIQUOR & DELI, INC  ",Convenience Store,75-6082,ALII DR, ,KAILUA-KONA,HI,96740, ,HAWAII,19.61646,-155.983,1996-06-05,2015-01-14
362162,KONA SEAFOOD  ,Seafood Specialty,83-5308,Mamalahoa Hwy, ,Captain Cook,HI,96704,8302,HAWAII,19.44663,-155.8797,2004-03-03,2010-10-31
978216,Kona Seafood  ,Seafood Specialty,83-5308A,Mamalahoa Hwy, ,Captain Cook,HI,96704,8302,HAWAII,19.20528,-155.8681,2010-11-08,2014-01-24
1172878,Kona Sunset Farmers Markets  ,Farmers' Market,74-5465,Kamakaeha Ave, ,Kailua Kona,HI,96740,1648,HAWAII,19.65146,-155.9997,2014-10-28,2019-09-20
1148996,Kona Wikiwiki Mart  ,Convenience Store,74-5533,Luhia St,Ste 103,Kailua Kona,HI,96740, ,HAWAII,19.64867,-156.0017,2014-06-03,2014-07-08
1128754,Kona's Own Fine Foods  ,Combination Grocery/Other,79-7460,Mamalahoa Hwy,Ste 102,Kealakekua,HI,96750,7917,HAWAII,19.52891,-155.9245,2014-01-22,2014-12-09
335096,KTA SUPER STORES 1,Super Store,321,Keawe St, ,Hilo,HI,96720,2905,HAWAII,19.72303,-155.0861,1967-03-20,
522778,KTA SUPER STORES 3,Super Store,50,E Puainako St, ,Hilo,HI,96720,5243,HAWAII,19.69497,-155.0663,1971-12-06,
275079,KTA SUPER STORES 2,Super Store,74-5594,Palani Rd, ,Kailua Kona,HI,96740,1662,HAWAII,19.64485,-155.9946,1971-12-06,
662627,KTA SUPER STORES KAMUELA  ,Super Store,65-1158,Mamalahoa Hwy, ,Kamuela,HI,96743,8442,HAWAII,20.02188,-155.6671,1989-11-15,
634230,KTA SUPER STORES KEAUHOU  ,Super Store,78-6831,ALII DRIVE, ,KAILUA KONA,HI,96740, ,HAWAII,19.57226,-155.962,1984-08-20,
1013594,Kuakini Chevron Food Mart  ,Convenience Store,76-274,Lako St, ,Kailua Kona,HI,96740,2263,HAWAII,19.61136,-155.9656,2011-07-05,
481731,Kulana Foods  ,Meat/Poultry Specialty,590J,W Kawailani St, ,Hilo,HI,96720,3173,HAWAII,19.68476,-155.0843,1973-04-17,
1135168,Lani's Island Snack Shack 1,Convenience Store,681,Manono St,Ste 107,Hilo,HI,96720,6433,HAWAII,19.713,-155.07,2014-04-02,2019-08-13
555776,LANKY'S PASTRIES  ,Unknown,1263,KILAUEA AVE STE28, ,HILO,HI,96720, ,HAWAII,19.71007,-155.0763,1991-10-29,2006-02-26
1534495,Lions Den 1,Convenience Store,15-2579,Keaau Pahoa Rd, ,Pahoa,HI,96778, ,HAWAII,19.51112,-154.959,2023-05-24,2025-05-05
382664,LONGS  0343,Combination Grocery/Other,78-6831,"ALII DRIVE, SUITE H", ,KAILUA-KONA,HI,96740, ,HAWAII,19.57141,-155.9633,2004-09-23,2009-08-10
270057,LONGS  0052,Combination Grocery/Other,555,Kilauea Ave, ,Hilo,HI,96720,3011,HAWAII,19.7185,-155.081,2004-09-24,2009-08-10
259407,LONGS 227,Combination Grocery/Other,111,E PUAINAKO ST, ,HILO,HI,96720, ,HAWAII,19.69532,-155.0639,2004-09-24,2009-08-10
421231,LONGS 249,Combination Grocery/Other,75-5595,Palani Rd, ,Kailua Kona,HI,96740,1661,HAWAII,19.64406,-155.9947,2004-09-24,2009-08-10
827113,Longs Drug Store 753,Combination Grocery/Other,16-586,Old Volcano Rd, ,Keeau,HI,96749, ,HAWAII,19.62153,-155.04,2007-07-14,2009-08-10
891163,Longs Drugs 6870,Combination Grocery/Other,16-586,Old Volcano Rd, ,Keaau,HI,96749,8100,HAWAII,19.62153,-155.04,2009-04-06,2021-03-30
338924,LOVE'S OUTLET STORE (Hilo)  ,Bakery Specialty,500,Manono St, ,Hilo,HI,96720,4400,HAWAII,19.7156,-155.0701,1982-01-06,2021-12-20
256310,LOVE'S THRIFT STORE (Kona)  ,Bakery Specialty,74-5563,KAIWI ST, ,KAILUA-KONA,HI,96740, ,HAWAII,19.64234,-156.0008,2000-09-19,2013-03-28
659704,Low Store  ,Convenience Store,28-1099,Old Mamalahoa Hwy, ,Pepeekeo,HI,96783,9403,HAWAII,19.83206,-155.0978,1999-06-22,2018-11-23
595464,M NAKAHARA STORES LTD  ,Medium Grocery Store,55-515,Hawi Rd,Bldg 1,Hawi,HI,96719,9997,HAWAII,20.2369,-155.8306,1972-01-07,2024-01-22
376124,M SAKADO STORE INC  ,Convenience Store,36-2278,OLD MAMALAHOA HWY, ,LAUPAHOEHOE,HI,96764, ,HAWAII,19.98342,-155.2323,1972-05-09,2021-06-16
1049539,Makuu Farmers Market Co.  ,Farmers' Market,15-2131,Keaau Pahoa Rd,,Pahoa,HI,96778,7799,HAWAII,19.52092,-154.9675,2012-04-02,2017-07-25
1049539,Makuu Farmers Market Co.  ,Farmers' Market,15-2131,Keaau Pahoa Rd,,Pahoa,HI,96778,7799,HAWAII,19.52092,-154.9675,2017-07-30,
807556,Malama Market - Oceanview 805,Supermarket,92-8701,Hawaii Belt Rd, ,Oceanview,HI,96737,6650,HAWAII,19.08501,-155.7766,2007-07-25,
738279,MALAMA MARKET - PAHOA 2802,Super Store,15-2714,Pahoa Village Rd,,Pahoa,HI,96778,9715,HAWAII,19.50254,-154.9563,2005-01-03,
958018,Malama Market Honoka'a 2808,Super Store,45-502,Lehua St,,Honokaa,HI,96727,6922,HAWAII,20.08076,-155.4693,2010-08-02,
355394,MAMANE STREET BAKERY  ,Bakery Specialty, ,MAMANE ST, ,HONOKAA,HI,96727, ,HAWAII,20.07631,-155.4615,1996-10-24,2006-06-01
297574,MANDALA LTD  ,Medium Grocery Store,15-1403,NAWAWALE HOMESTEADS, ,PAHOA,HI,96778, ,HAWAII,19.49405,-154.9444,1992-06-24,2006-02-14
709385,MANONO MINI MART  ,Convenience Store,454,Manono St, ,Hilo,HI,96720,4423,HAWAII,19.71615,-155.0701,1990-08-14,2009-11-15
919219,Manono Mini Mart  ,Convenience Store,454,Manono St, ,Hilo,HI,96720,4423,HAWAII,19.71615,-155.0701,2009-12-02,2019-12-26
1392914,Manono Mini Mart  ,Small Grocery Store,454,Manono St,,Hilo,HI,96720,4423,HAWAII,19.71602,-155.0701,2020-01-23,
1019175,Marcy's Variety Store  ,Small Grocery Store,266,Makaala St, ,Hilo,HI,96720, ,HAWAII,19.69925,-155.0659,2011-09-30,2016-11-29
1019175,Marcy's Variety Store  ,Small Grocery Store,266,Makaala St, ,Hilo,HI,96720, ,HAWAII,19.69925,-155.0659,2016-12-01,
323730,"MARGO'S CORNER, INC.  ",Food Buying Co-op, ,Wakea and Kaikane Loop, ,NAALEHU,HI,96772, ,HAWAII,19.04117,-155.6295,1994-12-28,2015-03-02
1569640,Matsuyama Food & Fuel  ,Medium Grocery Store,73-285,Kahilihili St, ,Kailua Kona,HI,96740, ,HAWAII,19.72594,-156.0327,2024-02-02,
399068,MATSUYAMA FOOD MART  ,Medium Grocery Store,73-4354,Mamalahoa Hwy, ,Kailua Kona,HI,96740,9100,HAWAII,19.71616,-155.9778,1981-04-14,
812518,Matsuyama Market  ,Combination Grocery/Other,73-4040,Hulikoa Drive, ,Kailua-Kona,HI,96740, ,HAWAII,19.70038,-156.0259,2007-02-15,2010-08-04
611451,MAVERICK'S MEAT MARKET  ,Meat/Poultry Specialty,55-360,HAWI RD, ,HAWI,HI,96719, ,HAWAII,20.25024,-155.8289,1994-04-12,2007-05-28
1173086,Mi Tierra Mexicana  ,Convenience Store,852,Kilauea Ave, ,Hilo,HI,96720,4236,HAWAII,19.71567,-155.0781,2015-02-05,2018-08-07
830624,Michael's Hawaiian Foods  ,Meat/Poultry Specialty,Pole 4,Shell St, ,Pahoa,HI,96778, ,HAWAII,19.49878,-154.9151,2007-09-19,2008-10-15
811896,Micronesian Food & Delight  ,Convenience Store,340,E Kawili St, ,Hilo,HI,96720,5058,HAWAII,19.70581,-155.0676,2007-05-17,2011-09-21
1131244,Micronesian Food & Delight  ,Combination Grocery/Other,340,E Kawili St, ,Hilo,HI,96720,5058,HAWAII,19.70584,-155.0676,2014-04-07,2015-10-05
981871,Minit Stop 81,Convenience Store,61-3657,Akoni Pule Hwy, ,Kamuela,HI,96743,7709,HAWAII,20.03875,-155.8294,2010-12-02,
986262,Minit Stop 88,Convenience Store,36-2266,Hawaii Belt Hwy, ,Laupahoehoe,HI,96764, ,HAWAII,19.98501,-155.2341,2011-01-05,
957856,Minit Stop 86,Convenience Store,763,Leilani St, ,Hilo,HI,96720,4548,HAWAII,19.70949,-155.0647,2011-01-05,2021-03-30
986259,Minit Stop 83,Convenience Store,26,Kekela St, ,Hilo,HI,96720,6522,HAWAII,19.69535,-155.0668,2011-01-05,
1046022,Minit Stop 82,Convenience Store,64-964,Mamalahoa Hwy, ,Kamuela,HI,96743,7331,HAWAII,20.02703,-155.6543,2012-02-28,
1055794,Minit Stop 84,Convenience Store,16-119,Orchidland Dr, ,Keaau,HI,96749, ,HAWAII,19.55948,-154.9937,2012-05-11,
451963,MINIT STOP KAWAIHAE INC-KAWAIHAE  ,Convenience Store,61-3657,Akoni Pule Hwy, ,Kamuela,HI,96743,7709,HAWAII,20.03875,-155.8294,1999-02-22,2010-12-01
646551,MIZUNO SUPERETTE  ,Medium Grocery Store,96-3167,Pikake St, ,Pahala,HI,96777,9997,HAWAII,19.20168,-155.4773,1989-12-06,2023-05-11
1546915,Mizuno Superette 3,Medium Grocery Store,96-3167,Pikake St,,Pahala,HI,96777,9997,HAWAII,19.20167,-155.4772,2023-05-23,
285165,MR ED'S BAKERY  ,Small Grocery Store,2816 72,Government Main Rd, ,HONOMU,HI,96728, ,HAWAII,19.87236,-155.1122,2000-08-02,2013-09-23
1626173,Ms Hamakua 90,Convenience Store,45-3244,Mamalahoa Hwy,,Honokaa,HI,96727,6947,HAWAII,20.06897,-155.4574,2025-01-28,
1290360,Ms Hawi 85,Convenience Store,55-503,Hawi Rd, ,Hawi,HI,96719, ,HAWAII,20.23765,-155.8305,2017-07-05,
1290354,Ms Kohanaiki 87,Convenience Store,73-4041,Hulikoa Dr,,Kailua Kona,HI,96740,2663,HAWAII,19.7005,-156.0263,2017-07-06,
1439045,Ms. Honokaa 89,Convenience Store,45-3550,Mamane St, ,Honokaa,HI,96727,6973,HAWAII,20.07867,-155.4668,2021-02-08,
708441,"MT VIEW BAKERY, INC  ",Convenience Store,18-1319,Old Volcano Road, ,Mountain View,HI,96771,102,HAWAII,19.55134,-155.1073,2004-11-23,2019-12-26
1320033,Mt View Farm Store  ,Fruits/Veg Specialty,18-1325,Old Volcano Rd, ,Mountain View,HI,96771,149,HAWAII,19.55079,-155.1079,2018-05-07,2019-04-11
699013,MT VIEW MINI MART  ,Convenience Store,18-1314,Hwy 11, ,MOUNTAIN VIEW,HI,96771, ,HAWAII,19.55131,-155.1067,1988-05-19,2016-09-26
1257829,Mt. View Mini Mart  ,Small Grocery Store,18-1314,Volcano Rd, ,Mountain View,HI,96771,9997,HAWAII,19.55131,-155.1067,2016-10-18,
1337515,"Mundo Maya Hawaii, LLC  ",Combination Grocery/Other,852,Kilauea Ave, ,Hilo,HI,96720,4236,HAWAII,19.71573,-155.0781,2018-10-12,2019-09-23
979274,Mystical Dawn Apothecary  ,Farmers' Market,15-280,Puni Makai Loop S, ,Pahoa,HI,96778,8806,HAWAII,19.552,-154.8954,2010-11-23,2015-11-11
1390215,N & P Mart  ,Convenience Store,152992,Puna Rd, ,Pahoa,HI,96778, ,HAWAII,19.55613,-154.8857,2020-02-26,
625676,NAALEHU FRUIT STAND  ,Convenience Store, ,MAIN ST, ,NAALEHU,HI,96772, ,HAWAII,19.09368,-155.6212,2002-08-20,2005-08-07
1587069,Naito Store  ,Convenience Store,54-3695,Akoni Pule Hwy, ,Kapaau,HI,96755, ,HAWAII,20.23463,-155.8126,2024-03-12,
1304150,Nanawale Farmer's Market-Fremont Local Foods  ,Farmers' Market,14-855,Kehau Rd, ,Pahoa,HI,96778,8149,HAWAII,19.49565,-154.9156,2017-12-05,2019-09-20
263320,NEW STAR INC  ,Small Grocery Store,266-A,MAKAALA ST, ,HILO,HI,96720, ,HAWAII,19.69922,-155.0658,1997-04-16,2015-04-13
1202867,New Star Inc  ,Combination Grocery/Other,266,Makaala St,Ste A,Hilo,HI,96720,5139,HAWAII,19.69925,-155.0659,2015-08-11,2019-11-22
528238,NUTRIENT NICHE  ,Small Grocery Store,45-3321,Mamane St, ,Honokaa,HI,96727,6914,HAWAII,20.07614,-155.4611,2004-09-02,2007-05-31
528238,NUTRIENT NICHE  ,Small Grocery Store,45-3321,Mamane St, ,Honokaa,HI,96727,6914,HAWAII,20.07614,-155.4611,2007-06-04,2007-07-09
584255,O'KEEFE & SONS BREAD BAKERS # 2  ,Bakery Specialty,374,Kinoole St, ,Hilo,HI,96720,2919,HAWAII,19.72157,-155.0868,1998-11-20,2008-10-15
1495757,Ocean Fresh Fish  ,Seafood Specialty,74-5626,Alapa St,,Kailua Kona,HI,96740,3110,HAWAII,19.6441,-155.997,2022-04-12,2024-02-12
437074,OCEAN VIEW MARKET  ,Supermarket,BLDG 1,POHUE PLAZA, ,OCEAN VIEW,HI,96737, ,HAWAII,19.10635,-155.7829,1996-03-28,2006-06-13
879428,Ocean View Market  ,Super Store,92-8676,Lotus Blossom Lane, ,Ocean View,HI,96737, ,HAWAII,19.08519,-155.7745,2009-12-15,
1381044,Ohana Foods  ,Small Grocery Store,511,W Kawailani Street, ,Hilo,HI,96720, ,HAWAII,19.68368,-155.0823,2019-11-21,
1585501,Ohana Market & Grill  ,Small Grocery Store,17-4003,Auhuahu Pl, ,Mountian View,HI,96771, ,HAWAII,19.56965,-155.0806,2024-04-09,2024-11-18
1482379,Ohana Warehouse  ,Convenience Store,83-5487,Mamalahoa Hwy,,Captain Cook,HI,96704,8345,HAWAII,19.45926,-155.8808,2022-01-05,
1672241,One Spot Hawaii ,Convenience Store,28-2903,Hawaii Belt Rd, ,Pepeekeo,HI,96783, ,HAWAII,19.8348,-155.1042,2025-12-04,
1603490,Onomea Country Market  ,Convenience Store,28-1099,Old Mamalahoa Hwy,,Pepeekeo,HI,96783,7700,HAWAII,19.8307,-155.0972,2024-08-19,
729912,ORCHIDLAND GENERAL STORE  ,Combination Grocery/Other,16-125,ORCHIDLAND DR, ,KEAAU,HI,96749, ,HAWAII,19.55964,-154.9935,2006-02-10,2025-02-12
729912,ORCHIDLAND GENERAL STORE  ,Combination Grocery/Other,16-125,ORCHIDLAND DR, ,KEAAU,HI,96749, ,HAWAII,19.55964,-154.9935,2025-02-18,
265717,OSHIMA STORE  ,Convenience Store,79-7400,Mamalahoa Hwy, ,Kealakekua,HI,96750,7913,HAWAII,19.53233,-155.9265,1971-12-13,2019-04-11
434292,PAHOA CASH & CARRY  ,Convenience Store,2529,PAHOA GOVT RD, ,PAHOA,HI,96778, ,HAWAII,19.51206,-154.9089,1992-09-23,2014-01-28
719034,PAHOA FRESH FISH  ,Meat/Poultry Specialty,15-2670,Pahoa Village Rd, ,Pahoa,HI,96778,7730,HAWAII,19.50483,-154.9563,1999-02-25,2005-12-13
771206,"PAHOA FRESH FISH, MEAT N MORE  ",Convenience Store,15-2770,Pahoa Village Rd, ,Pahoa,HI,96778, ,HAWAII,19.49866,-154.9534,2005-12-23,2011-10-10
1139494,Papa'a Palaoa Bakery  ,Bakery Specialty,187,Kilauea Ave, ,Hilo,HI,96720,2907,HAWAII,19.72205,-155.0854,2014-05-08,2019-06-25
1370147,Papa'a Palaoa Bakery n/a,Convenience Store,187,Kilauea Ave, ,Hilo,HI,96720,2907,HAWAII,19.72211,-155.0854,2019-08-23,2024-08-29
1207254,Papaaloa Country Store And Cafe  ,Medium Grocery Store,35-2032,Old Mamalahoa Hwy,,Papaaloa,HI,96780,9997,HAWAII,19.97658,-155.2195,2015-08-25,
547914,PAPAALOA STORE INC.  ,Convenience Store,36-2797,MAMALAHOA HWY, ,PAPAALOA,HI,96780,28,HAWAII,19.95834,-155.1975,1990-12-19,2006-04-29
1413373,Paradise Express  ,Convenience Store,84-4811,Hawaii Belt Rd,,Captain Cook,HI,96704,8403,HAWAII,19.41878,-155.8815,2020-08-11,2024-03-04
693405,Patel's Auto Service  ,Convenience Store,83-5282,Mamalahoa Hwy, ,Captain Cook,HI,96704,8301,HAWAII,19.44474,-155.8797,1998-05-26,
536461,PINKY'S 5 EIGHT  ,Convenience Store,27-289,Mill Rd, ,Papaikou,HI,96781, ,HAWAII,19.78296,-155.0919,1989-04-25,2015-08-24
1469745,Plant Based Foods  ,Combination Grocery/Other,73-5619,Kauhola St,Ste 108,Kailua Kona,HI,96740,2668,HAWAII,19.69005,-156.0163,2021-09-22,2024-09-02
1578537,Plantation Market  ,Large Grocery Store,55-515,Hawi Rd,,Hawi,HI,96719,1100,HAWAII,20.23191,-155.8258,2024-04-23,
1270186,Poke To Go  ,Seafood Specialty,1990,Kinoole St,Ste 103,Hilo,HI,96720,5293,HAWAII,19.69002,-155.0695,2017-01-19,2022-03-24
963714,Poke To Your Taste  ,Combination Grocery/Other,790,Leilani St, ,Hilo,HI,96720,4550,HAWAII,19.70941,-155.0645,2010-08-13,2015-09-07
1254045,Poke To Your Taste Llc  ,Small Grocery Store,790,Leilani St, ,Hilo,HI,96720,4550,HAWAII,19.70943,-155.0645,2016-08-19,
720004,Puna Fresh Foods  ,Super Store,16-586,Old Volcano Rd, ,Keaau,HI,96749,8100,HAWAII,19.62153,-155.04,1981-10-26,2009-11-22
1314121,Puna Plantation Hawaii Ltd 11,Super Store,81-6602,Mamalahoa Hwy, ,Kealakekua,HI,96750,8129,HAWAII,19.51437,-155.9205,2018-04-04,
1060988,Punahele Bakery  ,Bakery Specialty,811,Laukapu St,Ste 6,Hilo,HI,96720,5073,HAWAII,19.70666,-155.0671,2012-06-14,2014-09-23
639589,PUPU PANTRY  ,Convenience Store,76-6246,ALII DR # 101, ,KAILUA-KONA,HI,96740, ,HAWAII,19.60761,-155.9768,2003-06-16,2007-01-28
812949,Pupu Pantry  ,Convenience Store,76-6246,Alii Dr, ,Kailua Kona,HI,96740, ,HAWAII,19.60761,-155.9768,2007-02-23,2008-10-15
1254139,Pure Kona Green Market  ,Farmers' Market,82-6160,Hawaii Belt Rd, ,Captain Cook,HI,96704,8203,HAWAII,19.48964,-155.9113,2016-08-16,2020-11-23
828255,Puueo County Market  ,Convenience Store,96,Wainaku St, ,Hilo,HI,96720,2307,HAWAII,19.72745,-155.091,2007-08-20,2008-02-24
412489,PUUEO POI FACTORY LTD  ,Fruits/Veg Specialty,265,Kekuanaoa St Ste D, ,Hilo,HI,96720,4396,HAWAII,19.71174,-155.0747,1992-07-07,2018-05-17
924839,Pwi Pwi Market  ,Bakery Specialty,830A,Kilauea Ave, ,Hilo,HI,96720,4215,HAWAII,19.71599,-155.0784,2010-01-11,2011-03-13
887469,Queen K Tesoro  ,Convenience Store,74-5035,Queen Kaahumanu Hwy, ,Kailua Kona,HI,96740,2700,HAWAII,19.67289,-156.0163,2009-04-10,
427205,R & G MINI MART & LAUNDROMAT  ,Convenience Store,96-1195,KAMANI ST, ,PAHALA,HI,96777, ,HAWAII,19.20244,-155.4769,2004-05-21,2014-03-25
1135778,R & G Minimart & Laundromat  ,Convenience Store,96-1195,Kamani Street, ,Pahala,HI,96777, ,HAWAII,19.20247,-155.4769,2014-04-03,
424041,R & R SARI SARI STORE  ,Combination Grocery/Other,96-3163,Pikake St, ,Pahala,HI,96777,9997,HAWAII,19.20201,-155.4772,2004-10-05,2011-05-11
559287,RYO MINI MART  ,Convenience Store,2179,Kinoole St, ,Hilo,HI,96720,5327,HAWAII,19.68502,-155.0691,1997-07-02,2006-01-31
416291,Sack N Save Hilo 21,Super Store,250,Kinoole St, ,Hilo,HI,96720,2917,HAWAII,19.7231,-155.0877,1971-12-14,
252386,Sack N Save Kona 25,Super Store,75-5595,Palani Rd,Ste A1,Kailua Kona,HI,96740,3136,HAWAII,19.64406,-155.9947,1979-03-07,
459389,Sack N Save Puainako 26,Super Store,2100,Kanoelehua Ave,Ste 101,Hilo,HI,96720,6544,HAWAII,19.69016,-155.0663,1979-11-13,
700639,SAFEWAY  2221,Supermarket,111J,E Puainako St, ,Hilo,HI,96720,5265,HAWAII,19.69532,-155.0639,1971-12-16,2011-11-01
540654,SAFEWAY  1501,Supermarket,75-1027,Henry St, ,Kailua Kona,HI,96740,3154,HAWAII,19.64634,-155.9889,1996-10-28,2022-02-02
991193,Safeway 2893,Supermarket,381,E Makaala St, ,Hilo,HI,96720,5146,HAWAII,19.6994,-155.0592,2011-02-09,
1430408,Safeway 1117,Supermarket,75-971,Henry St, ,Kailua Kona,HI,96740, ,HAWAII,19.64503,-155.9888,2020-11-19,
1628259,Safeway Fuel Center 5814,Convenience Store,75-961,Henry St, ,Kailua Kona,HI,96740,3670,HAWAII,19.64241,-155.9907,2024-12-13,2025-05-05
1120452,Short N Sweet Bakery Market Cafe  ,Combination Grocery/Other,374,Kinoole St, ,Hilo,HI,96720,2919,HAWAII,19.72157,-155.0868,2013-12-13,2023-12-04
1469084,So Juicy Hilo  ,Delivery Route,189,Mahiai St,,Hilo,HI,96720,5833,HAWAII,19.67631,-155.0579,2021-11-29,2024-10-06
1469084,So Juicy Hilo  ,Delivery Route,189,Mahiai St,,Hilo,HI,96720,5833,HAWAII,19.67631,-155.0579,2024-10-18,2025-02-13
1469084,So Juicy Hilo  ,Delivery Route,189,Mahiai St,,Hilo,HI,96720,5833,HAWAII,19.67631,-155.0579,2025-02-20,
492106,SOUTH KONA FRUIT STAND & NURSERY  ,Fruits/Veg Specialty,84-4770,Mamalahoa Hwy, ,Captain Cook,HI,96704,8402,HAWAII,19.41826,-155.8812,2003-12-19,2014-05-06
1160739,South Kona Green Market  ,Farmers' Market,82-6160,Mamalahoa Hwy, ,Captain Cook,HI,96704,8203,HAWAII,19.48965,-155.9113,2014-08-19,2016-08-15
1386703,Sovereign Tea & Books  ,Convenience Store,15-2903,Pahoa Village Rd, ,Pahoa,HI,96778, ,HAWAII,19.49409,-154.9464,2019-12-16,2021-03-30
957807,SPACE Market  ,Farmers' Market,Dec-38,Kalapana Kapoho Beach Rd, ,Pahoa,HI,96778,7808,HAWAII,19.36187,-154.9694,2010-08-04,2014-11-20
957807,SPACE Market  ,Farmers' Market,Dec-38,Kalapana Kapoho Beach Rd, ,Pahoa,HI,96778,7808,HAWAII,19.36187,-154.9694,2014-12-12,2015-06-07
685786,SUISAN COMPANY LTD  ,Seafood Specialty,85,Lihiwai St, ,Hilo,HI,96720,4611,HAWAII,19.72393,-155.07,2001-08-10,2019-06-18
685786,SUISAN COMPANY LTD  ,Seafood Specialty,85,Lihiwai St, ,Hilo,HI,96720,4611,HAWAII,19.72393,-155.07,2019-06-20,
1063190,Sun Dried Specialties  ,Seafood Specialty,81-951,Halekii St, ,Kealakekua,HI,96750,8103,HAWAII,19.51836,-155.9228,2012-07-23,2017-06-13
276214,SUNSET MINI MART  ,Convenience Store,77-6425,KUAKINI HWY,C-101,KAILUA-KONA,HI,96740, ,HAWAII,19.60438,-155.9625,2004-08-13,2023-11-29
1571238,Sunset Mini Mart  ,Convenience Store,77-6425,Kuakini Hwy,Ste C101,Kailua Kona,HI,96740,3207,HAWAII,19.60456,-155.9623,2023-12-14,2024-04-18
1609642,Sunset Mini Mart  ,Convenience Store,77-6425,Kuakini Highway,Suite C1,Kailua-kona,HI,96740, ,HAWAII,19.60456,-155.9623,2024-08-26,
410318,"T KANESHIRO STORE, INC  ",Super Store,45-5002,LEHUA ST, ,HONOKAA,HI,96727, ,HAWAII,20.07922,-155.4696,1971-12-20,2011-09-21
736379,T&T Parel Minimart & Snack Shoppe  ,Small Grocery Store,42-1027,Hawaii Belt Road, ,Paauilo,HI,96776, ,HAWAII,20.0302,-155.3488,2004-12-30,2007-08-01
904235,Target Store T-2412,Super Store,74-5455,Makala Blvd, ,Kailua Kona,HI,96740,2727,HAWAII,19.6475,-156.003,2009-06-23,
1011735,Target Store T-2682,Super Store,391,E Makaala St, ,Hilo,HI,96720,5146,HAWAII,19.69951,-155.0587,2011-06-20,
1456249,Tea Time Hawaii  ,Convenience Store,315,E Kawili St,,Hilo,HI,96720,5054,HAWAII,19.70604,-155.0682,2021-09-21,
1619544,The Farm Stand  ,Small Grocery Store,230,Kekuanaoa St,,Hilo,HI,96720,6427,HAWAII,19.71131,-155.0751,2024-12-10,
1135440,"The Food Basket, Inc., Hawaii Island's Food Bank  ",Food Buying Co-op,40,Holomua St, ,Hilo,HI,96720,5102,HAWAII,19.70454,-155.0662,2014-04-01,
1084083,"The Keaukaha General Store, Llc  ",Convenience Store,11,Silva Street, ,Hilo,HI,96720, ,HAWAII,19.72724,-155.0543,2012-12-27,
1081096,The Locavore Store  ,Fruits/Veg Specialty,15-2945,Pahoa Village Rd, ,Pahoa,HI,96778, ,HAWAII,19.49395,-154.9453,2012-11-28,2016-09-26
1175812,The Locavore Store  ,Combination Grocery/Other,60,Kamehameha Ave, ,Hilo,HI,96720,2831,HAWAII,19.72695,-155.087,2015-02-06,2024-09-22
1587037,The Locavore Store  ,Medium Grocery Store,333,Kilauea Ave,Ste 103,Hilo,HI,96720,3013,HAWAII,19.72092,-155.0834,2024-04-09,
1351168,The Volcano Store  ,Convenience Store,19-4005,Haunani Rd, ,Volcano,HI,96785,307,HAWAII,19.43857,-155.2408,2019-03-12,2024-11-18
1351168,The Volcano Store  ,Convenience Store,19-4005,Haunani Rd, ,Volcano,HI,96785,307,HAWAII,19.43857,-155.2408,2025-12-05,
293143,THE VOLCANO STORE INC  ,Small Grocery Store,19-4005,HAUNANI RD, ,VOLCANO,HI,96785,307,HAWAII,19.43857,-155.2408,1976-09-29,2018-12-20
1123217,Tin Shack Bakery  ,Bakery Specialty,15-2660,Nanawale Homestead Rd, ,Pahoa,HI,96778,750,HAWAII,19.49603,-154.9441,2014-01-23,2018-11-23
353398,TNT SEAFOOD IMPORTS & ASIAN GROCE  ,Combination Grocery/Other,212,Kamehameha Ave, ,Hilo,HI,96720,2835,HAWAII,19.72491,-155.086,1999-10-04,2014-01-12
381736,To Go Tesoro 61087,Combination Grocery/Other,81-6673,Mamalahoa Hwy, ,Kealakekua,HI,96750,8130,HAWAII,19.51899,-155.9201,2003-12-01,2013-09-29
1021801,Trini's Market  ,Medium Grocery Store,74-5533,Luhia St,Ste 103,Kailua Kona,HI,96740, ,HAWAII,19.64867,-156.0017,2011-11-08,2014-06-01
1021801,Trini's Market  ,Medium Grocery Store,74-5533,Luhia St,Ste 103,Kailua Kona,HI,96740, ,HAWAII,19.64867,-156.0017,2014-07-29,2021-01-26
1444188,Trini's Market  ,Small Grocery Store,74-5533,Luhia St,,Kailua Kona,HI,96740,3658,HAWAII,19.64899,-156.0011,2021-04-27,
469091,UNION MARKET LTD  ,Medium Grocery Store,54-3785,AKONI PULE HWY, ,KAPAAU,HI,96755,96,HAWAII,20.23237,-155.8069,1971-12-09,2006-11-30
638555,USHIJIMA STORE  ,Small Grocery Store,79-7300,Mamalahoa Hwy, ,Kealakekua,HI,96750, ,HAWAII,19.5383,-155.9286,1972-01-27,2008-09-17
1183344,Vallente Asian Store  ,Convenience Store,45-3593,Mamane St, ,Honokaa,HI,96727,6976,HAWAII,20.07916,-155.4683,2015-02-19,2015-08-24
1324988,Village Bake Shop  ,Combination Grocery/Other,16-566,Keaau Pahoa Rd, ,Keaau,HI,96749,8137,HAWAII,19.62147,-155.0387,2018-09-11,2018-10-03
1039716,Volcano Farmers Market  ,Farmers' Market,19-4030,Old Volcano Hwy,,Volcano,HI,96785,9997,HAWAII,19.4281,-155.2362,2012-01-06,
732760,WAIAKEA SHELL FOODMART  ,Convenience Store,2200,Kinoole St, ,Hilo,HI,96720,5641,HAWAII,19.68429,-155.0691,2004-11-03,2011-01-13
1495045,Waiakea Texaco 20611,Convenience Store,321,E Makaala St,,Hilo,HI,96720,5146,HAWAII,19.70051,-155.0636,2022-04-19,
1578087,Waiakeawaena Texaco  ,Convenience Store,2188,Kinoole St,,Hilo,HI,96720,5328,HAWAII,19.68495,-155.0693,2024-03-12,
1083577,Waiakeywaiena Texaco  ,Convenience Store,2188,Kinoole St, ,Hilo,HI,96720,5328,HAWAII,19.68501,-155.0691,2013-02-12,2018-07-18
1083577,Waiakeywaiena Texaco  ,Convenience Store,2188,Kinoole St, ,Hilo,HI,96720,5328,HAWAII,19.68501,-155.0691,2020-10-06,2024-02-21
1565757,Waiholokui Garden  ,Convenience Store,15-2660,Pahoa Village Rd,Ste 201,Pahoa,HI,96778,6722,HAWAII,19.50503,-154.9582,2023-10-30,
1056660,Waikoloa Chevron  ,Convenience Store,68-1845,Waikoloa Rd,Bldg. 4,Waikoloa,HI,96738,4408,HAWAII,19.92685,-155.7876,2012-07-11,2017-01-04
1056660,Waikoloa Chevron  ,Convenience Store,68-1845,Waikoloa Rd,Bldg. 4,Waikoloa,HI,96738,4408,HAWAII,19.92685,-155.7876,2017-03-08,
465053,WAIKOLOA VILLAGE MARKET  ,Super Store,68-3916,Paniolo Ave, ,Waikoloa,HI,96738, ,HAWAII,19.9287,-155.7867,1990-07-31,
1300612,Waimea Butcher Shop  ,Meat/Poultry Specialty,64-1032,Mamalahoa Hwy,Ste 101,Kamuela,HI,96743,8441,HAWAII,20.02531,-155.6593,2017-10-10,2018-09-03
1355802,Waimea Butcher Shop Llc  ,Meat/Poultry Specialty,64-1032,Mamalahoa Hwy,,Kamuela,HI,96743,8441,HAWAII,20.02593,-155.6596,2019-03-20,
1013599,Waimea Chevron Food Mart  ,Convenience Store,65-1200,Mamalahoa Hwy, ,Kamuela,HI,96743,7332,HAWAII,20.02034,-155.6691,2011-07-05,
680076,WAIMEA EXPRESS  ,Convenience Store,65-1210,Kawaihae Rd, ,Kamuela,HI,96743,8436,HAWAII,20.02201,-155.6718,2004-06-02,2014-02-11
1130701,Waimea Express  ,Convenience Store,65-1210,Kawaihae Rd, ,Kamuela,HI,96743,8436,HAWAII,20.02198,-155.6717,2014-02-12,
1330282,Waimea Midweek Market Llc  ,Farmers' Market,67-139,Pukalani Rd,,Kamuela,HI,96743,8383,HAWAII,20.01837,-155.662,2018-08-15,
732753,WAIMEA SHELL FOODMART  ,Convenience Store,64-5196,Kinohou St, ,Kamuela,HI,96743,8409,HAWAII,20.02472,-155.6598,2004-11-03,2011-01-13
1005738,Walgreens 13836,Combination Grocery/Other,301,E Makaala St, ,Hilo,HI,96720,5146,HAWAII,19.69933,-155.0639,2011-05-11,2022-02-07
562743,Walmart 2473,Super Store,325,E Makaala St,,Hilo,HI,96720,5144,HAWAII,19.70017,-155.0621,1997-11-20,
326616,Walmart 2321,Super Store,75-1015,Henry St, ,Kailua Kona,HI,96740,1681,HAWAII,19.64558,-155.9888,1998-02-27,
1089150,Whalers General Store 1230,Convenience Store,69-250,Waikoloa Beach Dr,Ste A5,Waikoloa,HI,96738,5719,HAWAII,19.91641,-155.8833,2013-02-04,
1165041,Whalers General Store 1377,Convenience Store,75-5669,Alii Dr, ,Kailua Kona,HI,96740,1601,HAWAII,19.64015,-155.9964,2014-09-04,2021-06-16
318735,WIKI WIKI MART 2,Convenience Store,511,WEST KAWAILANI, ,HILO,HI,96720, ,HAWAII,19.68367,-155.0823,1978-12-06,2012-10-15
392948,WIKI WIKI MART 4,Combination Grocery/Other,16119,Orchidland Dr, ,Keaau,HI,96749,8100,HAWAII,19.55948,-154.9937,1988-06-06,2012-05-06
292370,WIKI WIKI MART 5,Convenience Store,1710,KAM AVENUE, ,HILO,HI,96720, ,HAWAII,19.71784,-155.0879,1989-08-14,2016-09-26
1049629,Wiki Wiki Mart Union 76  ,Medium Grocery Store,95-5591,Mamalahoa Hwy, ,Naalehu,HI,96772,8900,HAWAII,19.06113,-155.5835,2012-04-02,2016-01-31
1049629,Wiki Wiki Mart Union 76  ,Medium Grocery Store,95-5591,Mamalahoa Hwy, ,Naalehu,HI,96772,8900,HAWAII,19.06113,-155.5835,2016-05-02,
916798,Will & Grace Filipino Store  ,Small Grocery Store,95-5657,Mamalahoa Hwy, ,Naalehu,HI,96772,9997,HAWAII,19.06047,-155.5867,2009-10-13,2025-01-03
285529,WILLIAM/ELEANOR DERASIN  ,Convenience Store,95-5591,MAMALAHOA HWY, ,NAALEHU,HI,96772, ,HAWAII,19.06113,-155.5835,1997-09-04,2012-04-01
600423,WONG YUEN STORE  ,Convenience Store,95-6045,Mamalahoa Hwy, ,NAALEHU,HI,96772, ,HAWAII,19.06668,-155.6107,1998-05-06,2018-09-03
1541403,Wong Yuen Store  ,Convenience Store,95-6049,Mamalahoa Hwy, ,Naalehu,HI,96772, ,HAWAII,19.06683,-155.611,2023-05-05,
1390214,Woodland Center  ,Convenience Store,15-1450,Kahakai Blvd,,Pahoa,HI,96778,6604,HAWAII,19.50397,-154.9548,2020-01-23,
1084117,"Y. Hata & Co., Ltd  ",Combination Grocery/Other,300,Kanoelehua Ave, ,Hilo,HI,96720,4688,HAWAII,19.71842,-155.0643,2013-01-10,2014-01-28
1003868,Yokwe Store  ,Combination Grocery/Other,74-5599,Luhia St,Ste E3,Kailua Kona,HI,96740,1677,HAWAII,19.6469,-155.9978,2011-08-25,2012-09-19
608970,007 MARKET  ,Convenience Store,1912,KALIHI ST, ,HONOLULU,HI,96817, ,HONOLULU,21.34043,-157.8672,2004-02-18,2006-05-08
792306,007 MARKET  ,Small Grocery Store,1912-A,KALIHI ST, ,HONOLULU,HI,96819,4252,HONOLULU,21.3402,-157.8674,2006-06-09,2007-02-08
1048176,1 2 3 Store  ,Convenience Store,430,Lewers St,Ste 100,Honolulu,HI,96815,2498,HONOLULU,21.28185,-157.8281,2012-03-23,2017-01-04
1249955,1 BI Farm  ,Fruits/Veg Specialty,1120,Maunakea St,Ste 103,Honolulu,HI,96817,5173,HONOLULU,21.31246,-157.8625,2016-09-06,2024-06-23
949347,121 Market  ,Small Grocery Store,660,Ahua St, ,Honolulu,HI,96819,2041,HONOLULU,21.33648,-157.8984,2010-05-03,2019-12-26
803301,123 STORE  ,Small Grocery Store,430,Lewers St Ste 100, ,Honolulu,HI,96815,2498,HONOLULU,21.28185,-157.8281,2006-10-20,2007-10-08
888240,123 Store  ,Convenience Store,430,Lewers St,Ste 100,Honolulu,HI,96815,2498,HONOLULU,21.28185,-157.8281,2009-05-04,2012-03-08
1287522,123 Store  ,Convenience Store,430,Lewers St,Ste 100,Honolulu,HI,96815,2498,HONOLULU,21.28212,-157.8278,2017-07-07,
669297,21 MART  ,Convenience Store,1135,N SCHOOL ST, ,HONOLULU,HI,96817, ,HONOLULU,21.32966,-157.8646,2001-07-30,2006-01-31
779247,21 MART  ,Convenience Store,1135,N SCHOOL ST, ,HONOLULU,HI,96817, ,HONOLULU,21.32966,-157.8646,2006-02-08,2008-03-16
848569,21 Mart  ,Convenience Store,1135,N School St, ,Honolulu,HI,96817, ,HONOLULU,21.32966,-157.8646,2008-03-27,2012-02-29
1047864,21 Mart  ,Convenience Store,1135,N School St, ,Honolulu,HI,96817, ,HONOLULU,21.32966,-157.8646,2012-03-29,2015-03-30
1164414,21 Mart  ,Convenience Store,1135,N School St, ,Honolulu,HI,96817, ,HONOLULU,21.32965,-157.8646,2014-10-20,2016-08-01
1256453,21 Mart  ,Small Grocery Store,1135,N School St, ,Honolulu,HI,96817,6904,HONOLULU,21.32965,-157.8646,2016-11-01,2023-09-13
1256453,21 Mart  ,Small Grocery Store,1135,N School St, ,Honolulu,HI,96817,6904,HONOLULU,21.32965,-157.8646,2023-11-07,
354100,236 GROCERY  ,Convenience Store,236,LILIUOKALANI AVE, ,HONOLULU,HI,96815, ,HONOLULU,21.27601,-157.8217,2002-01-17,2005-03-08
354100,236 GROCERY  ,Convenience Store,236,LILIUOKALANI AVE, ,HONOLULU,HI,96815, ,HONOLULU,21.27601,-157.8217,2006-06-15,2020-02-12
1181045,24/7 Grab N' Go  ,Convenience Store,2463,Kuhio Ave,Ste 1,Honolulu,HI,96815,3361,HONOLULU,21.27606,-157.823,2015-02-23,2019-06-09
1367042,247 Grab N' Go  ,Convenience Store,2463,Kuhio Ave, ,Honolulu,HI,96815,3367,HONOLULU,21.27605,-157.823,2019-06-20,2023-08-29
819617,368 Mini Market LLC  ,Combination Grocery/Other,1167,Maunakea St, ,Honolulu,HI,96817,5133,HONOLULU,21.3129,-157.8617,2007-05-11,2008-11-30
991094,"5 Star Trading, LLC  ",Medium Grocery Store,174,N Hotel St, ,Honolulu,HI,96817,5002,HONOLULU,21.31331,-157.8633,2011-03-01,
738092,555 Market  ,Medium Grocery Store,138,N King St, ,Honolulu,HI,96817,5009,HONOLULU,21.31244,-157.864,2004-12-15,
824550,555 Market Co LLP  ,Meat/Poultry Specialty,142,N King St, ,Honolulu,HI,96817,5013,HONOLULU,21.31263,-157.864,2007-06-22,2011-09-21
1311146,7 Eleven 54292,Convenience Store,500,Fort Street Mall,Ste 110,Honolulu,HI,96813, ,HONOLULU,21.30752,-157.8651,2018-01-16,2020-05-19
1352172,7 Eleven 54295,Convenience Store,98-316,Kamehameha Hwy, ,Aiea,HI,96701,4341,HONOLULU,21.37963,-157.9377,2019-02-04,
416623,7-ELEVEN  54218,Convenience Store,45-620,KAMEHAMEHA HWY, ,KANEOHE,HI,96744, ,HONOLULU,21.40172,-157.7999,1989-12-22,2011-03-24
446715,7-ELEVEN  54214,Convenience Store,2299,Kuhio Ave, ,Honolulu,HI,96815,2632,HONOLULU,21.27962,-157.8264,1989-12-22,2007-05-14
517270,7-ELEVEN 54132,Convenience Store,1221,Piikoi St, ,Honolulu,HI,96814,1516,HONOLULU,21.30226,-157.8429,1989-12-22,2009-07-29
268621,7-ELEVEN 54139,Convenience Store,1900,Dillingham Blvd, ,Honolulu,HI,96819,4021,HONOLULU,21.32839,-157.8812,1989-12-22,2014-12-11
287128,7-ELEVEN 54223,Convenience Store,1695,KAPIOLANI BLVD, ,HONOLULU,HI,96814, ,HONOLULU,21.29082,-157.8375,1989-12-22,2018-04-26
525074,7-Eleven 54105,Convenience Store,202,N Kamehameha Hwy, ,Wahiawa,HI,96786,1870,HONOLULU,21.49846,-158.0294,1989-12-22,
331291,7-Eleven 54141,Convenience Store,87-1926,Farrington Hwy,,Waianae,HI,96792,3747,HONOLULU,21.38946,-158.1535,1989-12-22,
402094,7-Eleven 54150,Convenience Store,91-924,Makule Rd, ,Ewa Beach,HI,96706,2465,HONOLULU,21.31573,-158.0126,1989-12-22,
311725,7-Eleven 54201,Convenience Store,897,KAMEHAMEHA HWY, ,PEARL CITY,HI,96782, ,HONOLULU,21.39363,-157.9699,1989-12-22,
558855,7-Eleven 54101,Convenience Store,3105,Waialae Ave, ,Honolulu,HI,96816,1509,HONOLULU,21.28844,-157.8103,1989-12-22,
486710,7-Eleven 54126,Convenience Store,1755,Nuuanu Ave, ,Honolulu,HI,96817,3207,HONOLULU,21.31909,-157.8534,1989-12-22,
678445,7-Eleven 54128,Convenience Store,85-010,Farrington Hwy, ,Waianae,HI,96792,2105,HONOLULU,21.46034,-158.2063,1989-12-22,
480830,7-Eleven 54229,Convenience Store,99-187,Aiea Heights Dr, ,Aiea,HI,96701,3923,HONOLULU,21.38018,-157.9286,1989-12-22,
400356,7-Eleven 54131,Convenience Store,41-1540,Kalanianaole Hwy,,Waimanalo,HI,96795,1136,HONOLULU,21.34769,-157.7221,1989-12-22,2023-08-08
558916,7-Eleven 54207,Convenience Store,54-138,Kamehameha Hwy, ,Hauula,HI,96717,9645,HONOLULU,21.61151,-157.9114,1989-12-22,
470886,7-Eleven 54203,Convenience Store,4805,Bougainville Dr, ,Honolulu,HI,96818,3174,HONOLULU,21.34467,-157.9309,1989-12-22,
428329,7-Eleven 54224,Convenience Store,98-150,KAONOHI ST, ,AIEA,HI,96701, ,HONOLULU,21.38428,-157.9453,1989-12-22,
408989,7-Eleven 54133,Convenience Store,94-911A,FARRINGTON HWY, ,WAIPAHU,HI,96797, ,HONOLULU,21.3763,-158.0264,1989-12-22,
365286,7-Eleven 54210,Convenience Store,2404,N School St, ,Honolulu,HI,96819,2517,HONOLULU,21.34195,-157.8753,1989-12-22,
631210,7-Eleven 54129,Convenience Store,41-849,Kalanianaole Hwy, ,Waimanalo,HI,96795,1624,HONOLULU,21.3329,-157.6974,1989-12-22,
369433,7-Eleven 54140,Convenience Store,51-484,Kamehameha Hwy, ,Kaaawa,HI,96730,9809,HONOLULU,21.55564,-157.8531,1989-12-22,
272626,7-Eleven 54103,Convenience Store,85-997,Farrington Hwy, ,Waianae,HI,96792,2640,HONOLULU,21.44179,-158.1869,1989-12-22,
489251,7-Eleven 54106,Convenience Store,655,California Ave, ,Wahiawa,HI,96786,1941,HONOLULU,21.49681,-158.0275,1989-12-22,
539703,7-Eleven 54208,Convenience Store,1323,Kalakaua Ave, ,Honolulu,HI,96826,1909,HONOLULU,21.29831,-157.8365,1989-12-22,
594136,7-Eleven 54211,Convenience Store,2646,S King St, ,Honolulu,HI,96826,3243,HONOLULU,21.29141,-157.821,1989-12-22,
547227,7-Eleven 54107,Convenience Store,3546,Waialae Ave, ,Honolulu,HI,96816,2719,HONOLULU,21.28329,-157.8001,1989-12-22,
541551,7-Eleven 54109,Convenience Store,1901,Kalakaua Ave, ,Honolulu,HI,96815,1851,HONOLULU,21.2869,-157.8337,1989-12-22,
465073,7-Eleven 54127,Convenience Store,1247,KAILUA ROAD, ,KAILUA,HI,96734, ,HONOLULU,21.38313,-157.7534,1989-12-22,
729115,7-Eleven 54130,Convenience Store,256,Kuulei Rd, ,Kailua,HI,96734,2720,HONOLULU,21.3967,-157.7403,1989-12-22,
359592,7-Eleven 54250,Convenience Store,1000,Kamokila Blvd, ,Kapolei,HI,96707,2003,HONOLULU,21.3349,-158.0813,1996-01-19,
505963,7-Eleven 54270,Convenience Store,1136,N King St, ,Honolulu,HI,96817,3310,HONOLULU,21.32549,-157.8692,1996-08-27,
676489,7-Eleven 54252,Convenience Store,1199,Kamehameha IV Rd,,Honolulu,HI,96819,2475,HONOLULU,21.33819,-157.8799,1998-03-03,
599802,7-Eleven 54256,Convenience Store,91-1669,Fort Weaver Rd, ,Ewa Beach,HI,96706,1907,HONOLULU,21.34676,-158.0267,1999-05-14,
277004,7-Eleven 54251,Convenience Store,94-429,Ukee St, ,Waipahu,HI,96797,4209,HONOLULU,21.42505,-158.0023,1999-09-16,
628489,7-Eleven 54257,Convenience Store,515,Government Road, ,Pahoa,HI,96825, ,HONOLULU,19.54934,-154.87,2000-10-23,
672026,7-Eleven 54262,Convenience Store,1602,NUUANU AVE, ,HONOLULU,HI,96817, ,HONOLULU,21.31673,-157.8557,2000-11-01,
384031,7-Eleven 54263,Convenience Store,87-720,Farrington Hwy, ,Waianae,HI,96792,3211,HONOLULU,21.41018,-158.1768,2000-11-01,
372402,7-Eleven 54265,Convenience Store,47-515,Kamehameha Hwy, ,Kaneohe,HI,96744,4706,HONOLULU,21.45786,-157.8381,2000-11-01,
638409,7-Eleven 54264,Convenience Store,2028,Wilder Ave, ,Honolulu,HI,96822,3356,HONOLULU,21.29913,-157.8266,2000-11-01,
603427,7-Eleven 54232,Convenience Store,85-830,Farrington Hwy, ,Waianae,HI,96792,2402,HONOLULU,21.4459,-158.1882,2000-11-01,
235138,7-Eleven 54261,Convenience Store,66-632,Kamehameha Hwy, ,Haleiwa,HI,96712,1427,HONOLULU,21.57691,-158.1053,2000-11-01,
468247,7-Eleven 54259,Convenience Store,1960,KAPIOLANI BLVD, ,HONOLULU,HI,96826, ,HONOLULU,21.28987,-157.8334,2003-03-27,
804570,7-Eleven 54275,Convenience Store,565,Halemaumau St, ,Honolulu,HI,96821,2136,HONOLULU,21.28274,-157.735,2006-11-27,
819506,7-Eleven 54276,Convenience Store,505,Kapahulu Ave, ,Honolulu,HI,96815,3854,HONOLULU,21.2764,-157.8148,2007-04-24,
804387,7-Eleven 54274,Convenience Store,1206,S King St, ,Honolulu,HI,96814,1918,HONOLULU,21.2998,-157.8439,2007-06-04,
848729,7-Eleven 54278,Convenience Store,153,Oneawa St, ,Kailua,HI,96734,2514,HONOLULU,21.39662,-157.7457,2008-04-14,
901891,7-Eleven 54280,Convenience Store,98-1277,Kaahumanu St, ,Aiea,HI,96701,5314,HONOLULU,21.39019,-157.9533,2009-07-02,
995473,7-Eleven 54282,Convenience Store,1040,Bishop St, ,Honolulu,HI,96813,4210,HONOLULU,21.30887,-157.8611,2011-03-24,
1020793,7-Eleven 54283,Convenience Store,900,North Nimitz Highway,Unit 2,Honolulu,HI,96817,4590,HONOLULU,21.31615,-157.8747,2011-08-26,
1073056,7-Eleven 54285,Convenience Store,46-047,Kamehameha Highway,Space A,Kaneohe,HI,96744,3736,HONOLULU,21.41965,-157.802,2012-10-22,
1128883,7-Eleven 54287,Convenience Store,306,Kalihi St, ,Honolulu,HI,96819,3259,HONOLULU,21.32408,-157.8823,2014-01-28,
1133682,7-Eleven 54286,Convenience Store,555,North King Street,Suite 101/102,Honolulu,HI,96817,4658,HONOLULU,21.31875,-157.865,2014-03-24,
1212641,7-Eleven 54290,Convenience Store,1922,Kalakaua Ave,,Honolulu,HI,96815,1854,HONOLULU,21.28664,-157.8332,2015-10-05,
1220762,7-Eleven 54279,Convenience Store,66-031,Kamehameha Hwy, ,Haleiwa,HI,96712,2418,HONOLULU,21.59255,-158.1033,2015-11-17,
1225434,7-Eleven 54289,Convenience Store,590,Queen St, ,Honolulu,HI,96813,5014,HONOLULU,21.30262,-157.8584,2015-12-08,
1283519,7-Eleven 54291,Convenience Store,1255,Kuala St, ,Pearl City,HI,96782,2899,HONOLULU,21.40219,-157.9705,2017-04-20,
400356,7-Eleven 54131,Convenience Store,41-1540,Kalanianaole Hwy,,Waimanalo,HI,96795,1136,HONOLULU,21.34769,-157.7221,2023-08-18,
498765,7-ELEVEN #54135  ,Convenience Store,1717,N King St, ,Honolulu,HI,96819,3449,HONOLULU,21.33117,-157.8761,1989-12-22,2009-12-28
395466,7-ELEVEN STORE 54272,Convenience Store,94-264,Farrington Hwy, ,Waipahu,HI,96797,1903,HONOLULU,21.38001,-158.0193,2000-10-23,2017-11-29
995391,7-Eleven Store 54281,Convenience Store,2155,Kalakaua Ave,Ste 110,Honolulu,HI,96815,2354,HONOLULU,21.28102,-157.8304,2011-03-24,2020-05-19
1377725,7-Eleven Store 54294,Convenience Store,4960,Kapolei Parkway, ,Kapolei,HI,96707, ,HONOLULU,21.3288,-158.0778,2019-08-27,
1432687,7-Eleven Store 54296,Convenience Store,693,Komohana St, ,Kapolei,HI,96707,3909,HONOLULU,21.32042,-158.0963,2020-12-09,2025-12-31
1541241,7-Eleven Store 54298,Convenience Store,45-934,Kamehameha Highway,2A/2B,Kaneohe,HI,96744, ,HONOLULU,21.41415,-157.8008,2023-03-16,
1548687,7-Eleven Store 54297,Convenience Store,91-5480,Kapolei Parkway,Bldg 1,Kapolei,HI,96707, ,HONOLULU,21.33632,-158.0432,2023-05-12,
667116,777 LIQUOR GROCERY & GIFT SHOP  ,Convenience Store,931,UNIVERSITY AVE, ,HONOLULU,HI,96826, ,HONOLULU,21.29134,-157.8223,1999-03-12,2017-01-31
1271356,"777 Liquors, Grocer & Gift Shop  ",Convenience Store,931,University Ave,Ste 107,Honolulu,HI,96826,3200,HONOLULU,21.29144,-157.8222,2017-02-13,2022-06-27
343194,88 MARKET  ,Convenience Store,43,S Kamehameha Hwy, ,Wahiawa,HI,96786,1824,HONOLULU,21.49523,-158.0297,2004-07-01,2011-09-28
1550703,88 Mart  ,Super Store,1088,Bishop St,Ste 103,Honolulu,HI,96813,3109,HONOLULU,21.30938,-157.8612,2023-06-22,2025-11-26
1287861,88 Palpal Supermarket  ,Super Store,835,Keeaumoku St,Ste I-102,Honolulu,HI,96814, ,HONOLULU,21.29703,-157.8408,2017-06-05,2022-02-10
1611784,98 Supermarket  ,Combination Grocery/Other,1033,Maunakea St,,Honolulu,HI,96817,5130,HONOLULU,21.31192,-157.863,2024-10-07,2025-08-27
289994,99 RANCH MARKET  ,Super Store,1151,MAPUNAPUNA ST, ,HONOLULU,HI,96819, ,HONOLULU,21.3468,-157.8964,1998-05-06,2007-08-29
1109967,A & H Kinalau Mini Mart LLC  ,Convenience Store,775,Kinalau Pl,Apt 104,Honolulu,HI,96813,2618,HONOLULU,21.30575,-157.8499,2013-09-11,
592880,A T POLYNESIAN MARKET  ,Convenience Store,87-1784,FARRINGTON HWY,B2-3,WAIANAE,HI,96792, ,HONOLULU,21.39199,-158.1568,2002-09-24,2014-02-05
484749,A.M. MAUNAKEA  ,Fruits/Veg Specialty,1120,Maunakea St Ste 136, ,Honolulu,HI,96817,5168,HONOLULU,21.31253,-157.8624,2000-09-14,2005-04-05
486067,AA MARKET  ,Unknown,1034,Kekaulike St, ,Honolulu,HI,96817,5007,HONOLULU,21.31289,-157.8635,2001-10-02,2005-12-06
794995,AA MART  ,Convenience Store,3327,Campbell Ave, ,Honolulu,HI,96815,3816,HONOLULU,21.27702,-157.8133,2006-07-18,2013-03-04
1210062,Aa Mart  ,Convenience Store,94-609,Ukee St, ,Waipahu,HI,96797,4204,HONOLULU,21.41906,-158.0045,2015-09-02,
1485067,Aala Meat & Seafood 1,Combination Grocery/Other,751,Waiakamilo Rd,,Honolulu,HI,96817,4312,HONOLULU,21.32602,-157.8737,2022-01-26,
401014,AALA MEAT MARKET INC  ,Meat/Poultry Specialty,751,Waiakamilo Rd, ,Honolulu,HI,96817,4312,HONOLULU,21.32609,-157.874,1975-01-31,2006-04-23
1362859,ABC 201,Convenience Store,1450,Ala Moana Blvd,Ste 1335,Honolulu,HI,96814,4615,HONOLULU,21.28964,-157.8436,2019-05-07,
616684,ABC DISCOUNT STORE 27,Convenience Store,2462,Kuhio Ave, ,Honolulu,HI,96815,3336,HONOLULU,21.2762,-157.823,2002-12-03,2015-05-05
1265013,ABC Market ,Combination Grocery/Other,145,N King St,Ste 25,Honolulu,HI,96817,5309,HONOLULU,21.3127,-157.8642,2016-11-29,2022-03-29
1166235,ABC Market LLC  ,Combination Grocery/Other,145,N King St,Ste 25,Honolulu,HI,96817,5309,HONOLULU,21.3127,-157.8642,2015-02-18,2016-09-26
271324,ABC STORE 21,Convenience Store,2394,Kuhio Ave, ,Honolulu,HI,96815,3056,HONOLULU,21.27762,-157.8243,2004-10-05,
462892,ABC Store 26,Convenience Store,2020,Kalakaua Ave, ,Honolulu,HI,96815,2045,HONOLULU,21.28443,-157.8322,2009-05-20,
895873,ABC Store 53,Convenience Store,405,Ena Rd,,Honolulu,HI,96815,1735,HONOLULU,21.28531,-157.836,2009-05-20,2021-06-16
895879,ABC Store 35,Convenience Store,2546,Lemon Rd, ,Honolulu,HI,96815,3740,HONOLULU,21.27305,-157.822,2009-05-26,
896016,ABC Store 72,Convenience Store,408,Lewers Street, ,Honolulu,HI,96815, ,HONOLULU,21.28154,-157.8284,2009-05-26,
446120,ABC Store 33,Convenience Store,124,Kapahulu Ave, ,Honolulu,HI,96815,4014,HONOLULU,21.27167,-157.822,2009-05-26,2025-05-01
895662,ABC Store 30,Convenience Store,2301,Kuhio Avenue, ,Honolulu,HI,96815, ,HONOLULU,21.27902,-157.8257,2009-05-26,2014-03-11
993094,Abc Store 68,Convenience Store,2255,Kuhio Ave,Ste 106,Honolulu,HI,96815,2681,HONOLULU,21.28011,-157.827,2011-03-02,2015-11-04
1052375,ABC Store 82,Convenience Store,1923,Kalakaua Ave, ,Honolulu,HI,96815,1851,HONOLULU,21.28644,-157.8335,2012-03-30,2017-05-16
1170244,Abc Store 70,Convenience Store,160,Liliuokalani Ave, ,Honolulu,HI,96815,3538,HONOLULU,21.27538,-157.8227,2014-11-25,
1219784,Abc Store 81,Convenience Store,1450,Ala Moana Blvd,Ste 1122,Honolulu,HI,96814,4606,HONOLULU,21.28931,-157.8422,2015-11-04,
1219781,ABC Store 65,Convenience Store,2270,Kalakaua Ave, ,Honolulu,HI,96815, ,HONOLULU,21.27856,-157.8283,2015-11-09,
1275775,Abc Store 52,Convenience Store,2432,Koa Ave, ,Honolulu,HI,96815,3201,HONOLULU,21.2759,-157.8244,2017-03-14,
1052375,ABC Store 82,Convenience Store,1923,Kalakaua Ave, ,Honolulu,HI,96815,1851,HONOLULU,21.28644,-157.8335,2017-05-30,2021-06-16
1353420,ABC Store 12,Convenience Store,2520,Kalakaua Ave, ,Honolulu,HI,96815,3641,HONOLULU,21.2733,-157.8237,2019-04-04,
1377660,ABC Store 98,Convenience Store,2301,Kuhio Ave, ,Honolulu,HI,96815,2980,HONOLULU,21.27907,-157.8258,2019-09-03,
1384015,ABC Store 66,Convenience Store,2586,Kalakaua Ave, ,Honolulu,HI,96815,6614,HONOLULU,21.27175,-157.8228,2019-11-04,
1384016,ABC Store 83,Convenience Store,1831,Ala Moana Blvd, ,Honolulu,HI,96815,1650,HONOLULU,21.28447,-157.837,2019-11-04,
1404283,ABC Store 14,Convenience Store,2456,Kalakaua Ave, ,Honolulu,HI,96815,3237,HONOLULU,21.27495,-157.8246,2020-04-27,
1421435,ABC Store 31,Convenience Store,2233,Kalakaua Ave, ,Honolulu,HI,96815,5200,HONOLULU,21.27868,-157.8292,2020-09-01,
1421443,ABC Store 37,Convenience Store,2340,Kalakaua Ave, ,Honolulu,HI,96815,2947,HONOLULU,21.2771,-157.8264,2020-09-01,
1421446,ABC Store 38,Convenience Store,205,Lewers St, ,Honolulu,HI,96815,1986,HONOLULU,21.27851,-157.8312,2020-09-01,
1421453,ABC Store 202,Convenience Store,2330,Kalakaua Ave,Ste 174,Honolulu,HI,96815,5026,HONOLULU,21.27826,-157.8266,2020-09-01,
1435303,ABC Store 78,Supermarket,226,Lewers St,Ste 100,Honolulu,HI,96815,1956,HONOLULU,21.27977,-157.8307,2021-01-04,
1435315,ABC Store 6,Supermarket,2138,Kalakaua Ave, ,Honolulu,HI,96815,2319,HONOLULU,21.2814,-157.8302,2021-01-04,
1444269,ABC Store 85,Convenience Store,120,Kaiulani Ave, ,Honolulu,HI,96815,3296,HONOLULU,21.27751,-157.8257,2021-03-11,
1469680,ABC Store 49,Supermarket,2070,Kalakaua Ave, ,Honolulu,HI,96815,2096,HONOLULU,21.2834,-157.8312,2021-09-02,
1477218,ABC Store 17H,Convenience Store,2424,Kalakaua Ave,Suite 134A,Honolulu,HI,96815,3289,HONOLULU,21.27594,-157.825,2021-10-26,
895873,ABC Store 53,Convenience Store,405,Ena Rd,,Honolulu,HI,96815,1735,HONOLULU,21.28531,-157.836,2022-01-18,2024-03-12
1523563,ABC Store 39,Convenience Store,2424,Kalakaua Ave,Suite 121,Honolulu,HI,96815,3289,HONOLULU,21.27594,-157.825,2022-10-24,
1559160,ABC STORE 207,Convenience Store,2280,Kalakaua Ave, ,Honolulu,HI,96815,2517,HONOLULU,21.27861,-157.8278,2023-08-09,
1620706,ABC Store 55,Supermarket,255,Beach Walk, ,Honolulu,HI,96815, ,HONOLULU,21.28,-157.8309,2024-10-17,
1666759,ABC STORE 25,Supermarket,2490,Kalakaua Avenue,K-1,Honolulu,HI,96815, ,HONOLULU,21.27469,-157.8232,2025-08-12,
1435347,ABC Stores 45,Supermarket,2552,Kalakaua Ave, ,Honolulu,HI,96815,3699,HONOLULU,21.2732,-157.8228,2021-01-04,
483797,ABC SUPERETTE 56,Convenience Store,1732,Ala Moana Blvd, ,Honolulu,HI,96815,1466,HONOLULU,21.28584,-157.8389,2002-10-29,
458513,ACE KOREAN BBQ & MARKET  ,Convenience Store,526,N SCHOOL ST, ,HONOLULU,HI,96817, ,HONOLULU,21.32223,-157.8604,2003-12-12,2008-11-24
874407,Ace Korean BBQ & Market  ,Convenience Store,526,N School St, ,Honolulu,HI,96817, ,HONOLULU,21.32223,-157.8604,2008-12-22,2014-04-30
639976,ACE MARKET  ,Fruits/Veg Specialty,145,N KING ST # 28, ,HONOLULU,HI,96817, ,HONOLULU,21.3127,-157.8642,1974-07-12,2009-01-01
247074,"Aces Mushroom Farm, Inc II  ",Farmers' Market,91-1746,Paeko St, ,Ewa Beach,HI,96706,4826,HONOLULU,21.33881,-158.0449,2004-04-06,2008-12-29
249232,Adam's Retail Fresh Vegetables  ,Fruits/Veg Specialty,1120,Maunakea St,Ste 107B,Honolulu,HI,96817,5184,HONOLULU,21.31253,-157.8625,1999-02-24,2013-07-24
1578582,Aichi LLC  ,Seafood Specialty,1039,Kekaulike St,Stall 105,Honolulu,HI,96817,5365,HONOLULU,21.31243,-157.8635,2024-04-24,
1574690,Aikahi 93568,Convenience Store,25,Kaneohe Bay Dr, ,Kailua,HI,96734,1727,HONOLULU,21.42332,-157.749,2023-12-08,
1001311,AIM Diamond Head 1091,Convenience Store,3203,Monsarrat Ave, ,Honolulu,HI,96815,4445,HONOLULU,21.26952,-157.8112,2011-04-18,
1291982,AIM Hawaii Kai 1130,Convenience Store,249,Keahole St, ,Honolulu,HI,96825,3402,HONOLULU,21.28386,-157.7135,2017-07-20,
991283,AIM Kailua Shell 1306,Convenience Store,434,Kuulei Rd, ,Kailua,HI,96734,2705,HONOLULU,21.39473,-157.7432,2011-02-15,
991281,AIM Kapolei Shell 1310,Convenience Store,91-577,Farrington Hwy, ,Kapolei,HI,96707, ,HONOLULU,21.3455,-158.0683,2011-02-15,
991284,AIM King Street Shell 1304,Convenience Store,666,N King St, ,Honolulu,HI,96817,4508,HONOLULU,21.32007,-157.8659,2011-02-15,
1329968,AIM Leokane 1131,Convenience Store,94-264,Farrington Hwy, ,Waipahu,HI,96797,1903,HONOLULU,21.38006,-158.0192,2018-07-24,
1048421,AIM Likelike 1082,Convenience Store,45-620,Kamehameha Hwy, ,Kaneohe,HI,96744,2017,HONOLULU,21.40212,-157.8002,2012-03-05,
1290526,AIM Paiea St Shell 1330,Convenience Store,3269,Koapaka St, ,Honolulu,HI,96819,1929,HONOLULU,21.33589,-157.9145,2017-07-06,
917875,AIM Wahiawa 1098,Convenience Store,150,N Kamehameha Hwy, ,Wahiawa,HI,96786,1827,HONOLULU,21.49771,-158.0294,2010-02-23,
1615573,Aina Farm Stand  ,Small Grocery Store,66-249,Kamehameha Hwy,,Haleiwa,HI,96712,1487,HONOLULU,21.58669,-158.1038,2024-12-16,
965812,Aina Ono  ,Fruits/Veg Specialty,66-149,Kamehameha Hwy, ,Haleiwa,HI,96712,1420,HONOLULU,21.58921,-158.103,2010-09-10,2011-09-21
637137,AIRPORT 7 MARKET INC  ,Convenience Store,550,PAIEA ST,L-2,HONOLULU,HI,96819, ,HONOLULU,21.33538,-157.9149,1999-06-23,2019-09-12
739827,AIRPORT SHELL STATION  ,Convenience Store,2805,Ualena St, ,Honolulu,HI,96819,1911,HONOLULU,21.33287,-157.9021,2005-01-13,2014-03-05
1463687,Aj Island Fresh Fruits & More  ,Fruits/Veg Specialty,145,N King St,Ste 20,Honolulu,HI,96817,5309,HONOLULU,21.31261,-157.8643,2021-10-27,2025-09-24
543917,ALA WAI PANTRY  ,Convenience Store,2211,ALA WAI BLVD, ,HONOLULU,HI,96815, ,HONOLULU,21.28238,-157.8267,1993-11-26,2010-04-04
949526,Ala Wai Pantry & Deli  ,Convenience Store,2211,Ala Wai Blvd, ,Honolulu,HI,96815, ,HONOLULU,21.28238,-157.8267,2010-05-03,2015-03-02
1190664,Ala Wai Pantry & Deli  ,Convenience Store,2211,Ala Wai Blvd., ,Honolulu,HI,96815, ,HONOLULU,21.28226,-157.8265,2015-04-06,2018-04-08
1317006,Ala Wai Pantry & Deli  ,Convenience Store,2211,Ala Wai Blvd, ,Honolulu,HI,96815,2440,HONOLULU,21.28259,-157.8269,2018-04-19,
917862,Ala Wai Service Inc.  ,Convenience Store,407,Kapahulu Ave, ,Honolulu,HI,96815,3849,HONOLULU,21.27427,-157.8161,2009-12-16,
936506,ALAKEA MARKET  ,Convenience Store,202,Merchant St, ,Honolulu,HI,96813,2922,HONOLULU,21.30731,-157.8613,2010-03-23,2015-04-20
460163,ALAKEA PRODUCE  ,Convenience Store,202,Merchant St, ,Honolulu,HI,96813,2922,HONOLULU,21.30731,-157.8613,1984-11-27,2010-03-14
617235,Alicia's Market  ,Combination Grocery/Other,267,Mokauea St, ,Honolulu,HI,96819,3144,HONOLULU,21.32442,-157.8847,1971-12-09,
1584282,Aloha Best Seafood Inc  ,Seafood Specialty,1380,S King St,Unit B,Honolulu,HI,96814,2007,HONOLULU,21.29877,-157.8404,2024-04-16,
851372,"Aloha Best Seafood, Inc  ",Seafood Specialty,1039,Kekaulike St Ste 105, ,Honolulu,HI,96817,5365,HONOLULU,21.31262,-157.8639,2008-04-24,2011-01-09
454873,Aloha Island Mart 10th Ave. 1016,Convenience Store,1451,10th Ave, ,Honolulu,HI,96816,2711,HONOLULU,21.28823,-157.7985,2003-06-09,
853904,Aloha Island Mart Dillingham 1086,Convenience Store,1701,Dillingham Blvd, ,Honolulu,HI,96819,4018,HONOLULU,21.32725,-157.88,2008-05-22,
306827,Aloha Island Mart Kahala 1017,Convenience Store,4339,Waialae Ave, ,Honolulu,HI,96816,5710,HONOLULU,21.27824,-157.7843,2003-06-09,
853903,Aloha Island Mart Kam IV 1096,Convenience Store,2314,N School St, ,Honolulu,HI,96819,2540,HONOLULU,21.34125,-157.8747,2008-05-22,
327420,Aloha Island Mart Kaneohe 1047,Convenience Store,45-596,Kamehameha Hwy, ,Kaneohe,HI,96744,1944,HONOLULU,21.40058,-157.7997,1993-02-05,
1584844,Aloha Island Mart Kaneohe Shell 1337,Convenience Store,45-1039,Kamehameha Hwy, ,Kaneohe,HI,96744,3223,HONOLULU,21.41622,-157.8009,2024-02-02,
277368,Aloha Island Mart Kapahulu 1005,Convenience Store,1001,Kapahulu Ave, ,Honolulu,HI,96816,1305,HONOLULU,21.28573,-157.8132,1993-05-12,
477586,Aloha Island Mart King St. 1054,Convenience Store,1860,N King St, ,Honolulu,HI,96819,3430,HONOLULU,21.33156,-157.8768,1992-12-10,
471976,Aloha Island Mart Mililani 1048,Convenience Store,95-280,Kipapa Dr, ,Mililani,HI,96789,1101,HONOLULU,21.45644,-158.0151,1993-02-05,
1153553,Aloha Island Mart Nanakuli 1089,Convenience Store,87-1942,Farrington Hwy, ,Waianae,HI,96792,3747,HONOLULU,21.38893,-158.1535,2014-06-17,
381945,Aloha Island Mart Palolo 1010,Convenience Store,1841,Palolo Ave, ,Honolulu,HI,96816,2940,HONOLULU,21.29633,-157.7987,2001-07-31,
452505,Aloha Island Mart School St. 1020,Convenience Store,1403,N School St,,Honolulu,HI,96817,1915,HONOLULU,21.33222,-157.8667,2003-06-10,2023-12-07
452505,Aloha Island Mart School St. 1020,Convenience Store,1403,N School St,,Honolulu,HI,96817,1915,HONOLULU,21.33222,-157.8667,2024-07-03,
387814,Aloha Island Mart Waialua 1055,Convenience Store,67-218,Goodale Ave, ,Waialua,HI,96791, ,HONOLULU,21.57347,-158.1228,2000-08-24,
512719,Aloha Island Mart Waianae 1021,Convenience Store,85-803,Farrington Hwy, ,Waianae,HI,96792,2439,HONOLULU,21.44661,-158.1886,1993-05-12,
853901,Aloha Island Mart Waikiki 1093,Convenience Store,2025,Kalakaua Ave, ,Honolulu,HI,96815,2044,HONOLULU,21.2842,-157.8321,2008-06-10,
853902,Aloha Island Mart Waipahu 1097,Convenience Store,94-780,Farrington Hwy, ,Waipahu,HI,96797,3348,HONOLULU,21.3841,-158.0045,2008-07-01,
304075,Aloha Island Mart Waipio Gentry 1050,Convenience Store,94-826,Ukee St,Suite Pad A,Waipahu,HI,96797, ,HONOLULU,21.41191,-157.9998,1993-01-11,
601004,ALOHA MARKET  ,Medium Grocery Store,415,Kapahulu Ave, ,Honolulu,HI,96815,3849,HONOLULU,21.27437,-157.816,2000-11-07,2009-03-10
1112267,Amana Liquor 426,Convenience Store,747,Amana St,Ste 101,Honolulu,HI,96814,5116,HONOLULU,21.2937,-157.8404,2013-09-10,2018-03-07
1316478,"Amana Liquor, Inc.  ",Convenience Store,747,Amana St,Ste 101,Honolulu,HI,96814,5116,HONOLULU,21.29368,-157.8404,2018-05-14,
478057,AMBASSADOR MARKET  ,Medium Grocery Store,1341,N School St, ,Honolulu,HI,96817,1906,HONOLULU,21.33196,-157.8663,1977-03-09,2009-08-09
301180,AN DONG MARKET  ,Combination Grocery/Other,165,N King St, ,Honolulu,HI,96817,5012,HONOLULU,21.31307,-157.8643,2003-04-02,2010-11-17
372366,ANGELA'S MINI MART  ,Convenience Store,98-064,KAM HWY, ,AIEA,HI,96701, ,HONOLULU,21.38577,-157.9368,2002-11-04,2006-05-08
577796,ANGIE'S MARKET  ,Convenience Store,44-748,Kaneohe Bay Dr, ,Kaneohe,HI,96744,2558,HONOLULU,21.41097,-157.7747,2000-07-26,2005-10-27
769295,ANGIE'S MARKET  ,Convenience Store,44-748,Kaneohe Bay Dr, ,Kaneohe,HI,96744,2558,HONOLULU,21.41097,-157.7747,2005-11-16,2016-03-01
357585,ANGIE'S MINI MART  ,Convenience Store,2525,DATE ST, ,HONOLULU,HI,96826, ,HONOLULU,21.28684,-157.8229,2002-05-08,2012-11-05
1080363,Angie's Mini Mart  ,Medium Grocery Store,2525,Date St,Ste 101,Honolulu,HI,96826, ,HONOLULU,21.28684,-157.8229,2012-11-19,2015-10-04
1212544,Angie's Mini Mart  ,Convenience Store,2525,Date St, ,Honolulu,HI,96826,5437,HONOLULU,21.28672,-157.8228,2015-11-05,
984978,Anney Polynesian Food  ,Convenience Store,94-307,Farrington Hwy,Ste A1,Waipahu,HI,96797,2500,HONOLULU,21.38052,-158.0179,2011-01-05,2011-05-03
984978,Anney Polynesian Food  ,Convenience Store,94-307,Farrington Hwy,Ste A1,Waipahu,HI,96797,2500,HONOLULU,21.38052,-158.0179,2011-05-09,2013-08-03
666168,ANNIE'S BAKERY  ,Bakery Specialty,1120,MAUNAKEA ST,106,HONOLULU,HI,96817, ,HONOLULU,21.31253,-157.8624,1991-04-17,2014-06-16
1184264,Annie's Bakery  ,Combination Grocery/Other,1120,Maunakea St,Ste 106,Honolulu,HI,96817,5173,HONOLULU,21.31253,-157.8625,2015-02-24,2016-04-06
1211168,Aoa Pantry  ,Convenience Store,1236,Keeaumoku St, ,Honolulu,HI,96814,1506,HONOLULU,21.301,-157.8392,2015-11-13,2017-08-03
974726,Asian Farmers Market  ,Fruits/Veg Specialty,70,Kukui St,Unit F,Wahiawa,HI,96786, ,HONOLULU,21.49708,-158.0309,2010-10-15,2013-01-28
552839,Asian Grocery  ,Medium Grocery Store,1319,S Beretania St, ,Honolulu,HI,96814,1821,HONOLULU,21.3006,-157.8406,1985-08-07,2022-06-16
294829,ASSOCIATED PRODUCERS CORP  ,Meat/Poultry Specialty,439,Kalihi St, ,Honolulu,HI,96819,3266,HONOLULU,21.32581,-157.8806,1975-06-12,2015-08-24
229934,ATH-USA Travel Inc  ,Combination Grocery/Other,901,River St,Ste 101,Honolulu,HI,96817,5399,HONOLULU,21.3133,-157.8647,2004-02-03,2014-06-26
230513,B & J STORE  ,Small Grocery Store,1818,KALANI ST, ,HONOLULU,HI,96819, ,HONOLULU,21.32647,-157.8821,1999-08-19,2014-01-07
1124938,B & J Store  ,Combination Grocery/Other,1818,Kalani St,Ste 9,Honolulu,HI,96819,3280,HONOLULU,21.32647,-157.8821,2014-01-23,2014-04-20
1075501,B & P Meat Market  ,Meat/Poultry Specialty,1199,Dillingham Blvd,E13,Honolulu,HI,96817, ,HONOLULU,21.32239,-157.8737,2012-11-06,2013-08-03
700206,B H MARKET  ,Combination Grocery/Other,925,Maunakea St,Unit C2,Honolulu,HI,96817,5166,HONOLULU,21.31136,-157.8643,2004-05-13,2014-05-06
404961,B K SUPERETTE  ,Convenience Store,87-1680,Farrington Hwy, ,Waianae,HI,96792,3641,HONOLULU,21.39393,-158.1589,1985-05-31,2016-04-11
564198,B Y GROCERY LLC  ,Combination Grocery/Other,1039,Kekaulike St Ste 1001, ,Honolulu,HI,96817,5366,HONOLULU,21.31262,-157.8639,2003-07-18,
1209818,"B&C Variety Store, LLC 445100",Convenience Store,524,Olive Ave,Ste A,Wahiawa,HI,96786,1842,HONOLULU,21.49464,-158.0289,2015-08-25,2020-10-07
1010027,B.I. Farm  ,Fruits/Veg Specialty,1120,Maunakea St,Ste 148,Honolulu,HI,96817,5169,HONOLULU,21.31253,-157.8624,2011-06-24,2016-05-23
412087,BALDUEZA'S MINI-MART  ,Convenience Store,91-896,Makule Rd,Ste 106,Ewa Beach,HI,96706,2543,HONOLULU,21.31556,-158.0126,1996-02-29,2011-04-10
1532118,Banchan House  ,Combination Grocery/Other,735,Keeaumoku St,Ste 112,Honolulu,HI,96814,3012,HONOLULU,21.29552,-157.841,2023-03-07,
653281,BANGKOK VIENTIENE VIDEO PRODUCE  ,Fruits/Veg Specialty,1120,Maunakea St,Ste 102,Honolulu,HI,96817,5173,HONOLULU,21.31253,-157.8624,2004-05-27,2009-01-14
583143,BAY DRIVE MARKET  ,Convenience Store,44-740,Kaneohe Bay Dr, ,Kaneohe,HI,96744,2558,HONOLULU,21.411,-157.7743,2002-02-11,2005-08-15
763258,BAY DRIVE MARKET  ,Convenience Store,44-740,Kaneohe Bay Dr, ,Kaneohe,HI,96744,2558,HONOLULU,21.411,-157.7743,2005-08-25,
659857,BAYANIHAN STORE  ,Small Grocery Store,2043,N King St, ,Honolulu,HI,96819,3459,HONOLULU,21.33281,-157.8789,2003-06-16,2005-07-18
1077650,Beeceegee Seafood And Product Market  ,Combination Grocery/Other,125,N Hotel St, ,Honolulu,HI,96817,5003,HONOLULU,21.31273,-157.8631,2013-03-06,2014-03-12
1495038,Beretania Texaco 90423,Convenience Store,1378,S Beretania St,,Honolulu,HI,96814,1514,HONOLULU,21.30063,-157.8396,2022-04-19,
564483,BEST FARM PRODUCT & GROCERY  ,Combination Grocery/Other,100,N Beretania St,Ste 173-1,Honolulu,HI,96817,4767,HONOLULU,21.31411,-157.8618,2004-03-02,2009-10-29
777005,BEST LIQUOR STORE  ,Convenience Store,1408,Middle St, ,Honolulu,HI,96819,2501,HONOLULU,21.34131,-157.8796,2006-02-13,2006-09-26
528364,BEST MARKET  ,Meat/Poultry Specialty,152,N Pauahi St Ste C, ,Honolulu,HI,96817,5914,HONOLULU,21.31331,-157.8624,2004-06-14,2006-01-04
779584,BEST MARKET  ,Small Grocery Store,152,N Pauahi St Ste C, ,Honolulu,HI,96817,5914,HONOLULU,21.31331,-157.8624,2006-04-18,2008-05-01
812583,Best Western Meat Inc Honolulu  ,Delivery Route,923-A,Hikina Ln, ,Honolulu,HI,96817,4537,HONOLULU,21.32272,-157.8687,2007-07-02,2011-08-14
1020393,Best Western Meats Inc.  ,Meat/Poultry Specialty,923A,Hikina Ln, ,Honolulu,HI,96817,4537,HONOLULU,21.32258,-157.8688,2011-09-01,
1114113,Bev Mart  ,Convenience Store,2441,Date St, ,Honolulu,HI,96826,4602,HONOLULU,21.28812,-157.8244,2013-09-24,2023-07-26
850661,Big Way Seafood  ,Meat/Poultry Specialty,94-340,Waipahu Depot St,Stall 6 & 7,Waipahu,HI,96797,3011,HONOLULU,21.38525,-158.0073,2008-04-15,2014-04-28
1262599,Bishop Pantry  ,Convenience Store,737,Bishop St,Ste 101,Honolulu,HI,96813,3291,HONOLULU,21.30731,-157.8631,2016-10-31,2022-08-14
1515339,Bishop Pantry 1,Convenience Store,737,Bishop St,Ste 101,Honolulu,HI,96813,3291,HONOLULU,21.30691,-157.8625,2022-09-27,2024-04-21
1244664,Bk Superette  ,Convenience Store,87-1680,Farrington Hwy,,Waianae,HI,96792,3641,HONOLULU,21.39425,-158.1589,2016-06-07,2022-06-01
1244664,Bk Superette  ,Convenience Store,87-1680,Farrington Hwy,,Waianae,HI,96792,3641,HONOLULU,21.39425,-158.1589,2022-07-14,2025-08-12
1667350,Bk Superette  ,Small Grocery Store,87-1680,Farrington Hwy,,Waianae,HI,96792,3641,HONOLULU,21.39424,-158.1589,2025-11-17,
753891,BLIND VENDING STAND # 57  ,Convenience Store,1485,Linapuni St Rm 112, ,Honolulu,HI,96819,3575,HONOLULU,21.33823,-157.8775,2005-05-31,2007-02-26
768024,BLISS A HAPPY PLACE FOR DIABETICS  ,Fruits/Veg Specialty,87-132,Farrington Hwy, ,Waianae,HI,96792,3179,HONOLULU,21.42573,-158.1785,2005-11-03,2008-04-09
1579606,Blue Fin Distribution Corp.  ,Combination Grocery/Other,3239,Ualena St,,Honolulu,HI,96819,1919,HONOLULU,21.33399,-157.9138,2024-03-18,2024-09-02
1633524,Blue Fresh Seafood Llc  ,Seafood Specialty,1120,Maunakea St,Stall #168,Honolulu,HI,96814,5100,HONOLULU,21.31287,-157.8628,2025-03-05,
752948,BM MEAT MARKET  ,Meat/Poultry Specialty,145,N King St Spc 8, ,Honolulu,HI,96817,5309,HONOLULU,21.3127,-157.8642,2005-05-13,2006-03-09
752948,BM MEAT MARKET  ,Meat/Poultry Specialty,145,N King St Spc 8, ,Honolulu,HI,96817,5309,HONOLULU,21.3127,-157.8642,2006-03-20,2006-05-02
551157,BM MEAT MARKET LLC  ,Meat/Poultry Specialty,1120,Maunakea St,Ste 138,Honolulu,HI,96817,5168,HONOLULU,21.31253,-157.8624,1994-05-02,2020-09-01
1416457,BM Meat Market LLC ,Meat/Poultry Specialty,145,N King St,Ste 24,Honolulu,HI,96817,5309,HONOLULU,21.31262,-157.8643,2020-11-19,
1092574,BMA Mart  ,Convenience Store,3327,Campbell Ave, ,Honolulu,HI,96815,3816,HONOLULU,21.27702,-157.8133,2013-04-22,2016-04-07
840642,Bo Bo Mini Mart  ,Convenience Store,98-064,Kamehameha Hwy, ,Aiea,HI,96701,5122,HONOLULU,21.3847,-157.9487,2008-04-07,2008-12-07
888568,Bo Bos Mini Mart  ,Convenience Store,98-064,Kamehameha Hwy,Ste B,Aiea,HI,96701,5198,HONOLULU,21.3847,-157.9487,2009-05-18,2010-08-08
490065,BO WAH TRADING CO  ,Combination Grocery/Other,1037,Maunakea St, ,Honolulu,HI,96817,5130,HONOLULU,21.31194,-157.8633,1989-02-17,2023-08-28
1559204,Bo Wah Trading Co  ,Medium Grocery Store,1037,Maunakea St,,Honolulu,HI,96817,5130,HONOLULU,21.31194,-157.863,2023-09-15,
375329,BOB'S MARKET  ,Convenience Store,1729,Liliha St, ,Honolulu,HI,96817,3112,HONOLULU,21.32337,-157.8578,1993-02-16,2013-05-19
428865,"Bobby's at Waimanalo, Inc.  ",Small Grocery Store,41-867,Kalanianaole Hwy, ,Waimanalo,HI,96795,1626,HONOLULU,21.33359,-157.6982,1972-09-18,2025-09-16
787876,BOBO'S MINI MART  ,Convenience Store,98-064,KAMEHAMEHA HWY, ,AIEA,HI,96701, ,HONOLULU,21.3847,-157.9487,2006-07-25,2008-03-02
964941,Bobos Mini Mart  ,Convenience Store,98-064,Kamehameha Hwy, ,Aiea,HI,96701,5122,HONOLULU,21.3847,-157.9487,2010-08-19,2013-04-22
1293447,Boualay Venevongsoth  ,Fruits/Veg Specialty,1199,Dillingham Blvd, ,Honolulu,HI,96817,4440,HONOLULU,21.3224,-157.8737,2017-10-24,2019-04-11
1254938,Boulangerie Bakery  ,Bakery Specialty,1495,S King St,Ste 103,Honolulu,HI,96814,2500,HONOLULU,21.29766,-157.8381,2016-09-07,
718200,BOYD'S FISH MARKET  ,Seafood Specialty,87-1784,Farrington Hwy,B4,Waianae,HI,96792,3754,HONOLULU,21.39199,-158.1568,1996-02-21,2018-02-28
1476797,Br Essential Llc  ,Combination Grocery/Other,1088,Bishop St,Ste 100A,Honolulu,HI,96813,3109,HONOLULU,21.30934,-157.8608,2022-01-27,
1073248,Brian's Seafood Market  ,Combination Grocery/Other,1199,Dillingham Blvd,Spc D-13,Honolulu,HI,96817, ,HONOLULU,21.32239,-157.8737,2012-10-26,
1241939,"Brian's Seafood Market, Llc 2",Combination Grocery/Other,94-333,Waipahu Depot St, ,Waipahu,HI,96797,3012,HONOLULU,21.38491,-158.007,2016-05-31,2016-10-19
348237,BUDGET MINI MART  ,Convenience Store,1435,Middle St Rm 3, ,Honolulu,HI,96819,2505,HONOLULU,21.34196,-157.8787,2004-08-18,2005-05-15
753934,BUDGET MINI MART  ,Convenience Store,1435,Middle St Rm 3, ,Honolulu,HI,96819,2505,HONOLULU,21.34196,-157.8787,2005-05-24,2006-06-01
815932,Budget Mini Mart  ,Convenience Store,1435,Middle St,Rm 3,Honolulu,HI,96819,2505,HONOLULU,21.34196,-157.8787,2007-04-03,2010-10-19
328361,BVS SNACK SHOP  ,Convenience Store,1485,Linapuni St Rm 112, ,Honolulu,HI,96819,3575,HONOLULU,21.33823,-157.8775,2003-07-28,2005-05-15
405754,C & C FARMS  ,Fruits/Veg Specialty, ,PO Box 583, ,Kahuku,HI,96731,583,HONOLULU,21.68538,-157.9713,2002-01-30,2006-04-18
393673,"C & C VEGE HEALTH FOOD, INC  ",Unknown,1123,Kapahulu Ave, ,Honolulu,HI,96816,5811,HONOLULU,21.28833,-157.8128,1996-03-27,2006-05-11
830500,C & G Mini Mart  ,Convenience Store,2828,S King St, ,Honolulu,HI,96826,3529,HONOLULU,21.28989,-157.8179,2007-10-24,2009-07-30
620075,C AND K SNACK CENTER  ,Convenience Store,1111,Bishop St Ste 1132G, ,Honolulu,HI,96813,2832,HONOLULU,21.30942,-157.86,2000-08-02,2005-12-05
1524276,C U  Market  ,Medium Grocery Store,526,N School St,Ste 103,Honolulu,HI,96817,3045,HONOLULU,21.32244,-157.8601,2022-12-09,
1268567,C U Market  ,Medium Grocery Store,526,N School St,Ste 103,Honolulu,HI,96817,3045,HONOLULU,21.32228,-157.8604,2017-02-24,2022-10-31
678754,CACKLE FRESH EGG FARM  ,Meat/Poultry Specialty,55-730,Kamehameha Hwy, ,Laie,HI,96762,1211,HONOLULU,21.65425,-157.9301,1987-02-06,2018-12-20
1352912,Cackle Fresh Egg Farm Store  ,Meat/Poultry Specialty,,PO Box 966,,Laie,HI,96762,966,HONOLULU,21.64596,-157.9223,2019-05-06,2024-09-08
947193,CALIFORNIA MARKET  ,Convenience Store,404,California Ave, ,Wahiawa,HI,96786,1947,HONOLULU,21.49581,-158.0301,2010-04-21,2010-06-27
582725,CALIFORNIA MARKET INC.  ,Convenience Store,404,California Ave, ,Wahiawa,HI,96786,1947,HONOLULU,21.49581,-158.0301,1996-10-03,2010-04-05
329442,CAMPBELL MARKET  ,Convenience Store,3368,CAMPBELL AVE, ,HONOLULU,HI,96814, ,HONOLULU,21.27572,-157.8128,1998-01-16,2005-10-17
768893,CAMPBELL STOP & SHOP  ,Convenience Store,3368,CAMPBELL AVE, ,HONOLULU,HI,96815, ,HONOLULU,21.27573,-157.8128,2005-10-25,2014-09-28
1168180,Campbell Stop & Shop  ,Convenience Store,3368,Campbell Ave, ,Honolulu,HI,96815, ,HONOLULU,21.27573,-157.8128,2014-10-09,2020-09-28
1422829,Campbell Stop & Shop 1,Medium Grocery Store,3368,Campbell Ave,,Honolulu,HI,96815,4181,HONOLULU,21.27578,-157.8127,2020-09-29,2024-03-04
627562,Canton Market  ,Combination Grocery/Other,124,N King St,,Honolulu,HI,96817,5009,HONOLULU,21.31236,-157.8637,1995-12-07,2023-09-24
378653,Capital Market  ,Convenience Store,2109,N School St, ,Honolulu,HI,96819,2535,HONOLULU,21.33815,-157.8725,2006-02-22,
467555,Carnate's Market & Seafood  ,Meat/Poultry Specialty,1120,Maunakea St,Ste 151,Honolulu,HI,96817,5169,HONOLULU,21.31253,-157.8624,1998-06-15,2010-08-19
592638,Carnate's Market Inc  ,Meat/Poultry Specialty,1039,Kekaulike St Ste 117, ,Honolulu,HI,96817,5366,HONOLULU,21.31262,-157.8639,2002-09-20,2008-05-31
967471,Carnate's Meat Market  ,Meat/Poultry Specialty,1120,Maunakea St,Ste 151,Honolulu,HI,96817,5169,HONOLULU,21.31253,-157.8624,2010-08-21,2012-08-08
1068622,Carnate's Meat Market  ,Combination Grocery/Other,1120,Maunakea St. Stall 151, ,Honolulu,HI,96817, ,HONOLULU,21.31246,-157.8625,2012-08-09,2017-05-10
1286977,Carnate's Meat Market 151,Medium Grocery Store,1120,Maunakea St,Ste 151,Honolulu,HI,96817,5169,HONOLULU,21.31253,-157.8625,2017-08-14,
259494,"CELESTIAL NATURAL FOODS, INC.  ",Combination Grocery/Other,66-443,Kamehameha Hwy, ,Haleiwa,HI,96712,1424,HONOLULU,21.58149,-158.1053,1974-01-18,
440005,CELY'S MARKET  ,Combination Grocery/Other,1039,KEKAULIKE ST,109,HONOLULU,HI,96817, ,HONOLULU,21.31262,-157.8639,2000-11-28,2010-04-04
440005,CELY'S MARKET  ,Combination Grocery/Other,1039,KEKAULIKE ST,109,HONOLULU,HI,96817, ,HONOLULU,21.31262,-157.8639,2010-05-07,2011-10-10
983816,Cen Pac Sundries  ,Convenience Store,220,South King St,Ste 20,Honolulu,HI,96813, ,HONOLULU,21.30729,-157.8605,2011-03-03,2011-09-21
1067162,Cen Pac Sundries  ,Convenience Store,220,S King St,Ste 20,Honolulu,HI,96813, ,HONOLULU,21.30729,-157.8605,2012-08-02,2019-11-04
1394699,Cen Pac Sundries  ,Combination Grocery/Other,1067,Alakea St,,Honolulu,HI,96813,4520,HONOLULU,21.30838,-157.86,2020-03-05,2021-09-16
1009799,Chad Polynesian Market  ,Convenience Store,1829,Palolo Avenue, ,Honolulu,HI,96816, ,HONOLULU,21.29609,-157.7989,2011-06-23,2014-02-17
1578318,Chaminade University ,Convenience Store,3140,Waialae Ave,,Honolulu,HI,96816,1578,HONOLULU,21.2908,-157.8058,2024-02-09,
586721,CHAN'S MARKET CORP  ,Fruits/Veg Specialty,1020,Kekaulike St, ,Honolulu,HI,96817,5007,HONOLULU,21.31269,-157.8639,2002-12-13,2017-07-02
808065,CHAR SIU HOUSE LLC  ,Meat/Poultry Specialty,1134,Maunakea St, ,Honolulu,HI,96817,5131,HONOLULU,21.31269,-157.8623,2006-12-11,2017-07-03
813051,Chau's Fresh Fruit  ,Fruits/Veg Specialty,1120,Maunakea St,Ste 107A,Honolulu,HI,96817,5184,HONOLULU,21.31287,-157.8628,2007-02-14,2022-06-23
813051,Chau's Fresh Fruit  ,Fruits/Veg Specialty,1120,Maunakea St,Ste 107A,Honolulu,HI,96817,5184,HONOLULU,21.31287,-157.8628,2023-08-25,
1534621,Chau's Seafood  ,Seafood Specialty,1120,Maunakea St,Ste 101,Honolulu,HI,96817,5173,HONOLULU,21.31287,-157.8628,2023-04-28,
273699,CHEAP MARKET INC  ,Fruits/Veg Specialty,1039,Kekaulike St,Ste 102,Honolulu,HI,96817,5365,HONOLULU,21.31262,-157.8639,1998-06-10,2013-04-08
805604,CHEAP S CIGARETTES  ,Convenience Store,1327,Nuuanu Ave, ,Honolulu,HI,96817,4033,HONOLULU,21.31363,-157.8585,2006-11-14,2010-09-02
967295,Cheap S Cigarettes  ,Convenience Store,1327,Nuuanu Ave, ,Honolulu,HI,96817,4033,HONOLULU,21.31363,-157.8585,2010-09-17,2011-09-21
438325,CHECKOUT CONVENIENCE INC  ,Convenience Store,2463,KUHIO AVE, ,HONOLULU,HI,96815, ,HONOLULU,21.27616,-157.8231,1999-12-17,2015-02-11
1421415,Chefzone  ,Super Store,2888,Ualena St,,Honolulu,HI,96819,1910,HONOLULU,21.33377,-157.9047,2020-10-16,2021-06-16
230896,CHEN'S STORE  ,Convenience Store,518,Wailepo St, ,Kailua,HI,96734,2645,HONOLULU,21.39614,-157.7456,1988-04-07,2009-11-23
553653,CHEUNG CHAU KUN KEE STORE INC  ,Convenience Store,100,N Beretania St Ste 169, ,Honolulu,HI,96817,4708,HONOLULU,21.31411,-157.8618,1997-03-27,2014-01-08
292783,CHEUNG CHAU TRADING COMPANY INC  ,Combination Grocery/Other,1290C,Maunakea St, ,Honolulu,HI,96817,4119,HONOLULU,21.31443,-157.8598,1992-05-28,2014-12-09
719959,CHEUNG FHOT GROCERY  ,Fruits/Veg Specialty,45-512,Keaahala Rd Ste 101, ,Kaneohe,HI,96744,3369,HONOLULU,21.41472,-157.8013,1995-12-21,2007-09-04
831744,Cheung Fhot Grocery  ,Meat/Poultry Specialty,45-512,Keaahala Rd, ,Kaneohe,HI,96744, ,HONOLULU,21.41472,-157.8013,2007-09-18,2010-01-31
1203670,Chevron 2534,Convenience Store,565,Farrington Hwy, ,Kapolei,HI,96707,2001,HONOLULU,21.33854,-158.078,2015-06-04,2016-10-31
1203688,Chevron 2542,Convenience Store,4561,Salt Lake Blvd, ,Honolulu,HI,96818, ,HONOLULU,21.3653,-157.9291,2015-06-04,2016-10-31
1209770,Chevron 1530,Convenience Store,710,Kailua Rd, ,Kailua,HI,96734,2818,HONOLULU,21.39441,-157.7437,2015-07-30,2016-10-31
1209771,Chevron 1531,Convenience Store,986,Valkenburgh St, ,Honolulu,HI,96818,3920,HONOLULU,21.34417,-157.9279,2015-07-30,2016-10-31
1209772,Chevron 1532,Convenience Store,1378,S Beretania St, ,Honolulu,HI,96814,1514,HONOLULU,21.30037,-157.8398,2015-07-30,2016-10-31
948210,CHICK-N-SHACK MIDDLE ST DELI  ,Convenience Store,1328,Middle St, ,Honolulu,HI,96819,2403,HONOLULU,21.34072,-157.8803,2010-04-27,2011-07-07
552650,CHICKEN CRADLE  ,Meat/Poultry Specialty,145,N King St Spc 19, ,Honolulu,HI,96817,5309,HONOLULU,0.0,0.0,1981-01-13,2005-01-18
736967,Chicken Cradle  ,Meat/Poultry Specialty,145,N King St,Spc 19,Honolulu,HI,96817,5309,HONOLULU,21.3127,-157.8642,2005-02-02,
1257052,China Town Market  ,Combination Grocery/Other,181,N King St, ,Honolulu,HI,96817,5012,HONOLULU,21.31326,-157.8643,2016-09-21,2017-07-02
845143,China Town Thai Market  ,Fruits/Veg Specialty,1120,Maunakea St,Ste 171,Honolulu,HI,96817,5198,HONOLULU,21.31253,-157.8624,2008-03-13,2010-02-28
1057547,Chinatown Express Bakery  ,Bakery Specialty,1041,Maunakea Street, ,Honolulu,HI,96813, ,HONOLULU,21.31212,-157.863,2012-05-22,2013-09-06
1026603,Chinatown Hawaiian Market  ,Fruits/Veg Specialty,1120,Maunakea St,Ste 171,Honolulu,HI,96817,5198,HONOLULU,21.31253,-157.8624,2011-10-12,
327008,CHINATOWN LIQUOR  ,Convenience Store,100,N Beretania St Ste 129, ,Honolulu,HI,96817,4708,HONOLULU,21.31411,-157.8618,2002-08-08,2005-11-13
1239108,Chinatown Liquors  ,Convenience Store,100,N Beretania St,Ste 129-32,Honolulu,HI,96817,4770,HONOLULU,21.31384,-157.8616,2016-08-01,2019-07-10
1643483,Chinatown Liquors  ,Convenience Store,100,N Beretania St,Ste 129-32,Honolulu,HI,96817,4770,HONOLULU,21.31424,-157.8609,2025-08-05,
769423,CHINATOWN LIQUORS INC  ,Convenience Store,100,N Beretania St,# 129-32,Honolulu,HI,96817,4770,HONOLULU,21.31411,-157.8618,2005-11-15,2008-10-14
922245,Chinatown Thai Mart  ,Fruits/Veg Specialty,1120,Maunakea St,Ste 171,Honolulu,HI,96817,5198,HONOLULU,21.31253,-157.8624,2010-03-09,2011-10-06
403170,Chings Punaluu Store  ,Small Grocery Store,53-360,Kamehameha Hwy, ,Hauula,HI,96717,9731,HONOLULU,21.57952,-157.8856,1984-02-29,2025-01-03
403170,Chings Punaluu Store  ,Small Grocery Store,53-360,Kamehameha Hwy, ,Hauula,HI,96717,9731,HONOLULU,21.57952,-157.8856,2025-01-15,
387558,CHONG MEAT MARKET INC  ,Medium Grocery Store,1270,N King St, ,Honolulu,HI,96817,3352,HONOLULU,21.32725,-157.8704,2004-05-11,2006-04-17
589467,CHONG'S MARKET  ,Convenience Store,243,KALIHI ST, ,HONOLULU,HI,96819, ,HONOLULU,21.32253,-157.8837,1995-12-07,2018-09-04
1334098,Chong's Market  ,Convenience Store,243,Kalihi St, ,Honolulu,HI,96819,3916,HONOLULU,21.32253,-157.8837,2018-10-16,
328328,CHOW'S SEAFOOD  ,Meat/Poultry Specialty,1039,Kekaulike St,Ste 121,Honolulu,HI,96817,5366,HONOLULU,21.31262,-157.8639,2003-12-09,2018-03-15
1301715,Chow's Seafood And Meat Market Llc  ,Meat/Poultry Specialty,1039,Kekaulike St,Ste 121,Honolulu,HI,96817,5366,HONOLULU,21.31274,-157.8637,2017-12-12,
1236641,Chris Bakery  ,Bakery Specialty,1120,Maunakea St,Ste 106,Honolulu,HI,96817,5173,HONOLULU,21.31246,-157.8625,2016-05-02,2019-11-22
1350331,Chris Liquor & Grocery  ,Convenience Store,634,Sheridan St, ,Honolulu,HI,96814,3111,HONOLULU,21.29495,-157.8448,2019-04-02,2019-12-29
819173,Chris Peanut & Seeds  ,Convenience Store,1865,S King St, ,Honolulu,HI,96826,2137,HONOLULU,21.29531,-157.8316,2007-05-08,2008-04-03
862818,Chris Peanut Shop 2  ,Small Grocery Store,94-300,Farrington Hwy,Ste B02,Waipahu,HI,96797,2648,HONOLULU,21.3802,-158.019,2008-09-03,
850100,Chris Peanuts & Seeds  ,Convenience Store,1865,S King St, ,Honolulu,HI,96826,2137,HONOLULU,21.29531,-157.8316,2008-05-09,2017-07-02
378514,CHRIS' LIQUOR & GROCERY  ,Convenience Store,634,Sheridan St, ,Honolulu,HI,96814,3111,HONOLULU,21.29505,-157.8447,1995-03-23,2016-02-08
1232749,Chris' Liquor & Grocery 2,Convenience Store,634,Sheridan St, ,Honolulu,HI,96814,3111,HONOLULU,21.29496,-157.8448,2016-03-22,2019-03-06
572071,CHRIS'S PEANUT SHOP  ,Convenience Store,98-044,Kamehameha Hwy, ,Aiea,HI,96701,5120,HONOLULU,21.38525,-157.9498,2001-08-20,2016-08-03
1023593,Chuan Produce Inc  ,Fruits/Veg Specialty,920,Maunakea St, ,Honolulu,HI,96817,5128,HONOLULU,21.31136,-157.8645,2011-10-04,2013-08-03
1241091,Chubby's Pantry  ,Convenience Store,945,Kamehameha Hwy, ,Pearl City,HI,96782,2521,HONOLULU,21.3941,-157.9713,2016-05-02,2017-07-09
1291721,Chubby's Pantry  ,Convenience Store,945,Kamehameha Hwy,Ste 6,Pearl City,HI,96782,2521,HONOLULU,21.39412,-157.9713,2017-07-13,
1179877,Chubbys Pantry  ,Convenience Store,945,Kamehameha Hwy, ,Pear City,HI,96818, ,HONOLULU,21.34315,-157.9066,2015-02-24,2016-09-26
415294,Chun's Meat Market  ,Meat/Poultry Specialty,157,N KING ST, ,HONOLULU,HI,96817, ,HONOLULU,21.31287,-157.8642,2003-09-25,
1522256,Chuuk Market  ,Small Grocery Store,1947,N King St,,Honolulu,HI,96819,3455,HONOLULU,21.33204,-157.8784,2022-11-10,2025-02-03
836969,CJ Market  ,Convenience Store,68A,N Hotel St, ,Honolulu,HI,96817,5105,HONOLULU,21.312,-157.8625,2007-11-16,2015-11-23
1228270,CJ Market  ,Convenience Store,68,N Hotel St,Unit 105,Honolulu,HI,96817,5105,HONOLULU,21.31211,-157.8625,2016-01-26,2020-12-16
1228270,CJ Market  ,Convenience Store,68,N Hotel St,Unit 105,Honolulu,HI,96817,5105,HONOLULU,21.31211,-157.8625,2021-03-22,2024-05-06
1598610,Cj Market 1,Convenience Store,68,N Hotel St,STE 105,Honolulu,HI,96817,5105,HONOLULU,21.31214,-157.8625,2024-05-20,
1116185,CJ Seafood (Waipahu Festival Market)  ,Seafood Specialty,94-340,Waipahu Depot Rd,Stalls 6 & 7,Waipahu,HI,96797,3006,HONOLULU,21.38507,-158.0075,2013-11-14,2023-11-24
1116185,CJ Seafood (Waipahu Festival Market)  ,Seafood Specialty,94-340,Waipahu Depot Rd,Stalls 6 & 7,Waipahu,HI,96797,3006,HONOLULU,21.38507,-158.0075,2024-01-23,
1471551,Ck Mart  ,Convenience Store,630,Cooke Street, ,Honolulu,HI,96813, ,HONOLULU,21.30025,-157.8571,2021-11-09,2025-01-20
976987,CK's Delights & Grocery  ,Convenience Store,747,Amana St,Ste 101,Honolulu,HI,96814,5116,HONOLULU,21.2937,-157.8404,2010-11-03,2013-08-22
1652510,Coco Corner Mini Mart  ,Convenience Store,1778,Ala Moana Blvd,Ste UL02,Honolulu,HI,96815,1605,HONOLULU,21.28534,-157.838,2025-06-25,
1188644,Coco Cove Center Of Waikiki 1241,Combination Grocery/Other,2284,Kalakaua Ave,Ste 101,Honolulu,HI,96815,2584,HONOLULU,21.27831,-157.828,2015-04-07,2022-03-27
811979,CORNER BAY MART  ,Convenience Store,581,Dillingham Blvd, ,Honolulu,HI,96817,4602,HONOLULU,21.31837,-157.8661,2007-01-26,2008-01-29
680188,CORNER GROCETERIA  ,Combination Grocery/Other,924,Hikina Ln, ,Honolulu,HI,96817,4536,HONOLULU,21.32277,-157.8688,1972-01-11,2012-11-05
641489,CORNER MARKET  ,Unknown,517,N Vineyard Blvd, ,Honolulu,HI,96817,3834,HONOLULU,21.3201,-157.8624,2003-04-25,2006-05-22
790338,CORNER MARKET INC  ,Small Grocery Store,517,N Vineyard Blvd, ,Honolulu,HI,96817,3834,HONOLULU,21.3201,-157.8624,2006-06-20,2008-06-01
923598,Costco Wholesale 0120,Super Store,333A,Keahole St,,Honolulu,HI,96825,3404,HONOLULU,21.28437,-157.711,2009-10-30,
923769,Costco Wholesale 0687,Super Store,525,Alakawa St, ,Honolulu,HI,96817,5764,HONOLULU,21.31858,-157.8711,2009-10-30,
923724,Costco Wholesale 0485,Super Store,94-1231,KA Uka Blvd, ,Waipahu,HI,96797,4495,HONOLULU,21.42647,-158.0001,2009-10-30,
923818,Costco Wholesale 1038,Super Store,4589,Kapolei Pkwy, ,Kapolei,HI,96707,1879,HONOLULU,21.32678,-158.088,2009-10-30,
713795,Country Market  ,Convenience Store,47-723,Kam Hwy, ,Kaneohe,HI,96744,5029,HONOLULU,21.46676,-157.8433,1988-01-28,2025-08-04
1164425,Country Power & Health  ,Convenience Store,85-979,Farrington Hwy, ,Waianae,HI,96792,2640,HONOLULU,21.44228,-158.187,2014-10-01,2018-11-22
720336,COUNTRY POWER AND HEALTH  ,Convenience Store,85-979,Farrington Hwy,Ste E,Waianae,HI,96792,2678,HONOLULU,21.44227,-158.187,1996-07-29,2013-08-25
720336,COUNTRY POWER AND HEALTH  ,Convenience Store,85-979,Farrington Hwy,Ste E,Waianae,HI,96792,2678,HONOLULU,21.44227,-158.187,2013-08-30,2014-02-10
1574411,Countryside Marketplace  ,Convenience Store,87-1988,Pakeke St,Unit 102,Waianae,HI,96792,3491,HONOLULU,21.40679,-158.164,2024-01-19,2025-09-15
319500,CRACK SEED HAWAII  ,Convenience Store,45-955,Kamehameha Hwy,Ste 103-A,Kaneohe,HI,96744,3294,HONOLULU,21.41431,-157.8003,1996-01-10,2018-10-14
706308,CRUZZETTE STORE  ,Meat/Poultry Specialty,1120,Maunakea St,Ste 155,Honolulu,HI,96817,5169,HONOLULU,21.31253,-157.8624,2000-06-27,2019-04-11
865606,CTH Imports & Produce  ,Fruits/Veg Specialty,94-340,Waipahu Depot St,Unit 108,Waipahu,HI,96797,3011,HONOLULU,21.38525,-158.0073,2008-09-26,
685893,CTN Seafood  ,Seafood Specialty,1120,Maunakea St Ste 154B, ,Honolulu,HI,96817,5184,HONOLULU,21.31253,-157.8624,2000-10-18,2019-06-21
685893,CTN Seafood  ,Seafood Specialty,1120,Maunakea St Ste 154B, ,Honolulu,HI,96817,5184,HONOLULU,21.31253,-157.8624,2019-06-29,
1668139,Cu Market Prime  ,Small Grocery Store,2101,N School St, ,Honolulu,HI,96819, ,HONOLULU,21.33824,-157.8725,2025-11-13,
1622648,"Cu Market Waipahu, Inc.  ",Small Grocery Store,94-210,Leokane St,Ste 104,Waipahu,HI,96797,2131,HONOLULU,21.37994,-158.0201,2024-11-15,2025-12-07
1217002,Cupcake & Things Bakery 1,Bakery Specialty,885,Kamokila Blvd,Ste 103,Kapolei,HI,96707,4518,HONOLULU,21.33271,-158.0826,2015-11-04,2021-06-14
1114248,CVS 10295,Combination Grocery/Other,841,Bishop St, ,Honolulu,HI,96813, ,HONOLULU,21.30779,-157.8624,2013-08-12,2022-10-17
1204987,CVS 10153,Combination Grocery/Other,54-316,Kamehameha Hwy, ,Hauula,HI,96717,9539,HONOLULU,21.62018,-157.9156,2015-06-30,2015-07-06
1216880,CVS 10621,Combination Grocery/Other,2155,Kalakaua Ave, ,Honolulu,HI,96815, ,HONOLULU,21.28094,-157.8303,2015-10-11,
1228644,CVS 10620,Combination Grocery/Other,5156,Kalanianaole Hwy, ,Honolulu,HI,96821,1507,HONOLULU,21.27777,-157.7557,2015-11-30,
880576,CVS Pharmacy 9955,Combination Grocery/Other,848,Ala Lilikoi St, ,Honolulu,HI,96818, ,HONOLULU,21.34476,-157.9131,2009-02-12,
881688,CVS Pharmacy 9317,Combination Grocery/Other,590,Farrington Hwy,Unit 300,Kapolei,HI,96707,2002,HONOLULU,21.33847,-158.0784,2009-03-02,
881276,CVS Pharmacy 9835,Combination Grocery/Other,2750,Woodlawn Dr, ,Honolulu,HI,96822,1894,HONOLULU,21.30789,-157.8092,2009-03-03,
892486,CVS Pharmacy 9206,Combination Grocery/Other,1450,Ala Moana Blvd,Ste 2004,Honolulu,HI,96814,4671,HONOLULU,21.28931,-157.8422,2009-04-14,
892720,CVS Pharmacy 9228,Combination Grocery/Other,1330,Pali Hwy, ,Honolulu,HI,96813,2282,HONOLULU,21.31277,-157.8568,2009-04-15,
892722,CVS Pharmacy 9164,Combination Grocery/Other,3221,Waialae Ave,Ste 317D,Honolulu,HI,96816,5895,HONOLULU,21.28703,-157.8076,2009-04-15,
892721,CVS Pharmacy 9653,Combination Grocery/Other,1620,NORTH SCHOOL ST, ,HONOLULU,HI,96817, ,HONOLULU,21.33568,-157.8691,2009-04-15,
892685,CVS Pharmacy 9185,Combination Grocery/Other,377,Keahole St,Ste D11,Honolulu,HI,96825,3411,HONOLULU,21.28522,-157.7091,2009-04-15,
892695,CVS Pharmacy 9954,Combination Grocery/Other,2470,S King St, ,Honolulu,HI,96826,3013,HONOLULU,21.2927,-157.824,2009-04-15,
892682,CVS Pharmacy 9220,Combination Grocery/Other,4211,Waialae Ave,Ste 1260,Honolulu,HI,96816,5336,HONOLULU,21.27846,-157.7866,2009-04-15,
894088,CVS Pharmacy 9300,Combination Grocery/Other,925,California Ave, ,Wahiawa,HI,96786,2123,HONOLULU,21.49771,-158.0254,2009-04-23,
894127,CVS Pharmacy 9956,Combination Grocery/Other,86-120,Farrington Hwy, ,Waianae,HI,96792,3044,HONOLULU,21.43637,-158.1837,2009-04-23,
894074,CVS Pharmacy 9813,Combination Grocery/Other,98-1005,Moanalua Rd,Ste 4,AIEA,HI,96701, ,HONOLULU,21.38626,-157.9416,2009-04-23,
894998,CVS Pharmacy 9890,Combination Grocery/Other,95-1249D,MEHEULA PKWY, ,MILILANI,HI,96789, ,HONOLULU,21.45208,-158.006,2009-04-29,
895056,CVS Pharmacy 9864,Combination Grocery/Other,94-780A,MEHEULA PKWY, ,MILILANI,HI,96789, ,HONOLULU,21.48095,-157.9883,2009-04-29,2024-05-29
895001,CVS Pharmacy 9671,Combination Grocery/Other,46-047,Kamehameha Hwy, ,Kaneohe,HI,96744,3769,HONOLULU,21.41965,-157.802,2009-04-29,
894844,CVS Pharmacy 9825,Combination Grocery/Other,609,Kailua Rd, ,Kailua,HI,96734, ,HONOLULU,21.394,-157.742,2009-04-29,
895059,CVS Pharmacy 9953,Combination Grocery/Other,45-480,KANEOHE BAY DR, ,KANEOHE,HI,96744, ,HONOLULU,21.40274,-157.7993,2009-04-29,
895063,CVS Pharmacy 9988,Combination Grocery/Other,91-1401,Fort Weaver Rd, ,Ewa Beach,HI,96706,2222,HONOLULU,21.33494,-158.0235,2009-04-29,
894994,CVS Pharmacy 9275,Combination Grocery/Other,850,KAMEHAMEHA HWY, ,PEARL CITY,HI,96782, ,HONOLULU,21.39359,-157.969,2009-04-29,
895062,CVS Pharmacy 9259,Combination Grocery/Other,94-060,Farrington Hwy, ,Waipahu,HI,96797,1839,HONOLULU,21.37785,-158.0249,2009-04-29,
941229,CVS Pharmacy 3040,Combination Grocery/Other,1748,Liliha St, ,Honolulu,HI,96817,3111,HONOLULU,21.32319,-157.8582,2010-03-02,2023-09-05
961890,CVS Pharmacy 4728,Combination Grocery/Other,1130,Kuala St, ,Pearl City,HI,96782,2959,HONOLULU,21.39948,-157.9745,2010-07-20,
962288,CVS Pharmacy 3070,Combination Grocery/Other,66-197,Kamehameha Hwy,Ste 1,Haleiwa,HI,96712,1400,HONOLULU,21.58813,-158.1038,2010-07-22,
986124,CVS Pharmacy 7356,Combination Grocery/Other,91-919,Fort Weaver Rd, ,Ewa Beach,HI,96706,2201,HONOLULU,21.31703,-158.0132,2011-01-04,2025-03-20
1066863,CVS Pharmacy 4405,Combination Grocery/Other,95-1077,Ainamakua Dr, ,Mililani,HI,96789,4301,HONOLULU,21.46807,-158.0011,2012-07-10,
1108342,CVS Pharmacy 10153,Combination Grocery/Other,54-316,Kamehameha Hwy, ,Hauula,HI,96717,9539,HONOLULU,21.61967,-157.9163,2013-06-26,2015-06-04
1152980,CVS Pharmacy 10081,Combination Grocery/Other,1030,S King St, ,Honolulu,HI,96817, ,HONOLULU,21.32388,-157.8683,2014-05-19,
1108342,CVS Pharmacy 10153,Combination Grocery/Other,54-316,Kamehameha Hwy, ,Hauula,HI,96717,9539,HONOLULU,21.61967,-157.9163,2015-06-23,
1285171,CVS Pharmacy 10780,Combination Grocery/Other,500,N Nimitz Hwy, ,Honolulu,HI,96817,5030,HONOLULU,21.31466,-157.8679,2017-05-14,2023-04-25
1318863,CVS Pharmacy 10988,Combination Grocery/Other,84-160,Farrington Hwy, ,Waianae,HI,96792, ,HONOLULU,21.4802,-158.2257,2018-04-05,
1384404,CVS Pharmacy 10740,Combination Grocery/Other,988,Halekauwila St, ,Honolulu,HI,96814, ,HONOLULU,21.29717,-157.8558,2019-10-27,2025-07-08
1388029,CVS Pharmacy 7107,Combination Grocery/Other,89-102,Farrington Hwy, ,Waianae,HI,96792,4101,HONOLULU,21.38218,-158.1421,2019-12-05,
1573381,CVS Pharmacy 10987,Combination Grocery/Other,91-5408,Kapolei Pkwy,Unit 3,Kapolei,HI,96707,5012,HONOLULU,21.33596,-158.0536,2023-11-29,
1077639,D & Q Market LLC  ,Combination Grocery/Other,1312,Kaumualii St, ,Honolulu,HI,96817, ,HONOLULU,21.32393,-157.8738,2012-11-20,2015-08-24
1190891,"D&G Global Investment, Inc.  ",Supermarket,1010,Kaili St, ,Honolulu,HI,96819,3427,HONOLULU,21.33202,-157.8772,2015-04-03,2016-10-13
610714,DA POKEMAN FISH MARKET  ,Convenience Store,36,N Kamehameha Hwy, ,Wahiawa,HI,96786,1825,HONOLULU,21.49645,-158.0298,2003-09-18,2014-02-10
363244,DA Seafood Store  ,Seafood Specialty,925,Maunakea St Unit B, ,Honolulu,HI,96817,5166,HONOLULU,21.31136,-157.8643,1973-04-13,
863867,Dae Han Market  ,Combination Grocery/Other,100,N Beretania,Stall 173-16,Honolulu,HI,96817, ,HONOLULU,21.31383,-157.8616,2008-10-07,2021-09-16
244736,DAN'S MAILE 76  ,Convenience Store,87-890,Farrington Hwy, ,Waianae,HI,96792,3305,HONOLULU,21.40559,-158.1771,2000-06-06,2018-09-11
1052877,Dan's Maile Shave Ice  ,Convenience Store,87-139,Hookele St, ,Waianae,HI,96792,3325,HONOLULU,21.40549,-158.1757,2012-04-11,2023-02-01
365716,Dana Daody Market  ,Meat/Poultry Specialty,1039,Kekaulike St,Ste 108,Honolulu,HI,96817,5365,HONOLULU,21.31262,-157.8639,1998-06-22,2014-05-06
1152445,Dana Daody Market  ,Combination Grocery/Other,1039,Kekaulike St,Ste 108,Honolulu,HI,96817,5365,HONOLULU,21.31261,-157.8639,2014-11-03,2016-09-26
327962,DAPHNE'S MARKET  ,Fruits/Veg Specialty,1039,Kekaulike St,Ste 115,Honolulu,HI,96817,5366,HONOLULU,21.31262,-157.8639,2000-07-06,2010-02-03
327962,DAPHNE'S MARKET  ,Fruits/Veg Specialty,1039,Kekaulike St,Ste 115,Honolulu,HI,96817,5366,HONOLULU,21.31262,-157.8639,2010-02-23,2015-03-02
506079,DATE STREET GROCERY  ,Convenience Store,2441,Date St, ,Honolulu,HI,96826,4602,HONOLULU,0.0,0.0,2000-04-04,2005-03-27
572985,DEAL FAIR 2,Combination Grocery/Other,1315,N SCHOOL ST, ,HONOLULU,HI,96817, ,HONOLULU,21.33138,-157.8658,2004-07-12,2014-08-04
590588,DECA COMMISSARY STORE NAS BP  ,Military Commissary,BLDG 152,ENTERPRISE AVE, ,KAPOLEI,HI,96707, ,HONOLULU,21.31822,-158.0672,1971-12-09,2010-10-26
239051,DEE LITE BAKERY (DILLINGHAM)  ,Bakery Specialty,1930,Dillingham Blvd, ,Honolulu,HI,96819,4021,HONOLULU,21.32864,-157.8815,1994-02-01,2019-04-11
596942,DEE LITE BAKERY (WAIPAHU)  ,Bakery Specialty,94-766,Farrington Hwy, ,Waipahu,HI,96797,3348,HONOLULU,21.38399,-158.0051,1994-02-04,2018-09-04
806646,DELIA'S MARKET  ,Convenience Store,70,Kukui St,Unit C,WAHIAWA,HI,96786, ,HONOLULU,21.49708,-158.0309,2006-12-11,2013-06-27
228354,DELUXE PASTRY SHOP  ,Bakery Specialty,45-1042,Kamehameha Hwy, ,Kaneohe,HI,96744,3206,HONOLULU,21.41613,-157.8012,1982-12-29,2009-02-12
1002282,Dianne E Reyes  ,Combination Grocery/Other,1000,Uluohia St,Ste 309,Kapolei,HI,96707,2040,HONOLULU,21.32977,-158.0813,2011-04-21,2011-09-21
1002282,Dianne E Reyes  ,Combination Grocery/Other,1000,Uluohia St,Ste 309,Kapolei,HI,96707,2040,HONOLULU,21.32977,-158.0813,2011-09-27,2016-03-01
1167060,"Dining Switch, LLC  ",Seafood Specialty,1039,Kekaulike St.,Stall 113,Honolulu,HI,96813, ,HONOLULU,21.31274,-157.8637,2014-12-05,2019-11-22
1312312,Djs Jerky Llc  ,Combination Grocery/Other,85-993,Farrington Hwy,Rm 101,Waianae,HI,96792,2679,HONOLULU,21.44202,-158.1869,2018-03-08,2020-11-02
1634156,Don Don Donki 63,Super Store,500,Kamokila Blvd,,Kapolei,HI,96707,2026,HONOLULU,21.33217,-158.0856,2025-03-11,
629378,DON QUIJOTE - KAHEKA  ,Super Store,801,Kaheka St,,Honolulu,HI,96814,3725,HONOLULU,21.29337,-157.8387,1980-01-17,
689275,DON QUIJOTE - KAILUA  ,Super Store,345,HAHANI STREET, ,KAILUA,HI,96734,2802,HONOLULU,21.3913,-157.7411,1980-01-17,2011-02-09
641158,DON QUIJOTE - PEARL CITY  ,Super Store,850,Kamehameha Hwy,,Pearl City,HI,96782,2656,HONOLULU,21.39435,-157.9689,1980-01-17,
265950,DON QUIJOTE - WAIPAHU  ,Super Store,94-144,Farrington Hwy,,Waipahu,HI,96797,1918,HONOLULU,21.37925,-158.0226,1995-11-14,2025-02-13
906605,Donna's Market  ,Fruits/Veg Specialty,94-340,Waipahu Depot St,Ste 106,Waipahu,HI,96797,3069,HONOLULU,21.38525,-158.0073,2009-07-20,2022-04-20
333811,DOT'S GROCERY & LIQUOR STORE  ,Convenience Store,2161,N School St, ,Honolulu,HI,96819,2565,HONOLULU,21.3397,-157.8735,1993-03-11,2006-04-12
856321,Douangchanh Market  ,Fruits/Veg Specialty,94-340,Waipahu Depot St,Ste 13,Waipahu,HI,96797,3011,HONOLULU,21.38525,-158.0073,2008-07-08,2025-07-21
1010024,Down To Earth  ,Large Grocery Store,4460,Kapolei Parkway,Suite 320,Kapolei,HI,96707, ,HONOLULU,21.32961,-158.0903,2011-06-29,
640341,DOWN TO EARTH NATURAL FOOD-KAILUA  ,Combination Grocery/Other,201,Hamakua Dr,105 Bldg C,Kailua,HI,96734,3984,HONOLULU,21.39009,-157.7403,2000-10-03,2020-02-17
580225,Down to Earth Natural Foods  ,Combination Grocery/Other,2525,S King St,,Honolulu,HI,96826,3154,HONOLULU,21.29219,-157.8234,1992-06-25,
280092,DOWN TO EARTH NATURAL FOODS-PEARL  ,Combination Grocery/Other,98-131,Kaonohi St, ,Aiea,HI,96701,4704,HONOLULU,21.3843,-157.9451,2000-08-16,2019-12-26
1345581,Down To Earth Organic & Natural 47,Super Store,98-211,Pali Momi St,,Aiea,HI,96701,4301,HONOLULU,21.38176,-157.9399,2018-11-19,2019-09-23
1373501,Down To Earth Organic & Natural 44,Combination Grocery/Other,573,Kailua Rd,Ste 101,Kailua,HI,96734,2836,HONOLULU,21.39369,-157.741,2019-08-09,
1345581,Down To Earth Organic & Natural 47,Super Store,98-211,Pali Momi St,,Aiea,HI,96701,4301,HONOLULU,21.38176,-157.9399,2020-01-08,
405521,DOWNTOWN MARKET  ,Convenience Store,1158,Fort Street Mall, ,Honolulu,HI,96813,2709,HONOLULU,21.31083,-157.86,2004-06-22,2010-04-13
595487,DUK SING  ,Fruits/Veg Specialty,1180,Maunakea St, ,Honolulu,HI,96817,5134,HONOLULU,21.31317,-157.8615,2000-07-20,2007-10-24
1421449,Dukes Lane Market & Eatery 97,Convenience Store,2255,Kuhio Ave,Ste 106,Honolulu,HI,96815,2681,HONOLULU,21.27987,-157.827,2020-09-01,
379604,DYKE'S MARKET  ,Convenience Store,298,Kalihi St, ,Honolulu,HI,96819,3937,HONOLULU,21.32384,-157.8825,1985-05-28,2012-06-11
1058350,Dyke's Market  ,Small Grocery Store,298,Kalihi St, ,Honolulu,HI,96819,3937,HONOLULU,21.32384,-157.8825,2012-06-13,2014-02-02
1130720,Dyke's Market  ,Convenience Store,298,Kalihi St, ,Honolulu,HI,96819,3937,HONOLULU,21.32383,-157.8826,2014-03-04,2018-11-23
1349018,Dyke's Market  ,Convenience Store,298,Kalihi St, ,Honolulu,HI,96819,3937,HONOLULU,21.32379,-157.8826,2019-01-29,
602022,E A BARCELONA GROCERIES  ,Convenience Store,909,FACTORY ST, ,HONOLULU,HI,96819, ,HONOLULU,21.33209,-157.8792,1981-02-02,2017-07-02
757774,E-MART  ,Combination Grocery/Other,2441,Date St, ,Honolulu,HI,96826,4602,HONOLULU,21.28812,-157.8244,2005-07-18,2013-08-27
1053879,Eagle's Minimart LLC  ,Convenience Store,1247,Gulick Ave, ,Honolulu,HI,96819,4117,HONOLULU,21.33581,-157.8752,2012-05-25,2013-08-03
1160034,Eagle's Minimart LLC  ,Convenience Store,1247,Gulick Ave, ,Honolulu,HI,96819,4117,HONOLULU,21.33581,-157.8752,2014-09-02,2015-05-05
1233835,Eagles Seafoods & Asian Foods Store LLC  ,Combination Grocery/Other,94-333,Waipahu St, ,Waipahu,HI,96797,2620,HONOLULU,21.38327,-158.0209,2016-02-20,2017-11-29
855437,Ebelau Company  ,Fruits/Veg Specialty,942,Maunakea St, ,Honolulu,HI,96817,5128,HONOLULU,21.31149,-157.8643,2008-08-08,2009-06-28
855437,Ebelau Company  ,Fruits/Veg Specialty,942,Maunakea St, ,Honolulu,HI,96817,5128,HONOLULU,21.31149,-157.8643,2009-09-18,2011-07-06
1243717,Eco Supermarket  ,Combination Grocery/Other,835,Keeaumoku St,Suite I-102,Honolulu,HI,96814, ,HONOLULU,21.29703,-157.8408,2016-06-07,2017-06-04
795498,ECT FRESH PRODUCE & MEATS  ,Meat/Poultry Specialty,1039,Kekaulike St Ste 104, ,Honolulu,HI,96817,5365,HONOLULU,21.31262,-157.8639,2006-12-22,2008-02-20
1239470,Ed's Mini Mart  ,Combination Grocery/Other,110,N Cane St, ,Wahiawa,HI,96786,2106,HONOLULU,21.4991,-158.0248,2016-03-31,2021-02-19
260116,EGGS HAWAII INC  ,Meat/Poultry Specialty,419,Waiakamilo Rd,E1,Honolulu,HI,96817,4940,HONOLULU,21.32242,-157.8778,1974-08-05,
476352,Eighty-Eight Fresh Fish Market  ,Seafood Specialty,145,N King St,Spc 23,Honolulu,HI,96817,5309,HONOLULU,21.3127,-157.8642,2002-07-11,
1016504,EJ's Market  ,Combination Grocery/Other,1404,Colburn St, ,Honolulu,HI,96817,4903,HONOLULU,21.32339,-157.8764,2011-09-01,2013-09-06
1128619,EJ'S Market  ,Combination Grocery/Other,1404,Colburn St, ,Honolulu,HI,96817,4903,HONOLULU,21.32368,-157.8768,2014-03-18,2015-08-24
404640,EMANI PALAUNI TUILAGI'S CTRY BABY  ,Convenience Store,94-366,Pupupani St Ste 102, ,Waipahu,HI,96797,2644,HONOLULU,21.38124,-158.0171,1998-02-04,2008-08-13
1527327,Emesefich Shop LLC  ,Combination Grocery/Other,94-666,Farrington Hwy,,Waipahu,HI,96797,3014,HONOLULU,21.38363,-158.0081,2023-01-04,
1361045,Emma's Market And Grill  ,Convenience Store,56-565,Kamehameha Hwy, ,Kahuku,HI,96731,9998,HONOLULU,21.67743,-157.9501,2019-05-20,2021-03-30
469417,ERIC FARM  ,Farmers' Market,41-1009,Mahiku Pl, ,Waimanalo,HI,96795,1100,HONOLULU,21.343,-157.7413,2001-04-26,2008-04-10
974243,Erick Variety Store  ,Convenience Store,703,Mokauea St, ,Honolulu,HI,96819,4052,HONOLULU,21.32938,-157.88,2010-10-20,2011-08-08
813914,ESJ Liquors Inc  ,Small Grocery Store,1912,Kalihi St, ,Honolulu,HI,96819, ,HONOLULU,21.34045,-157.8672,2007-02-27,2007-10-29
277586,ESTEBAN'S ENTERPRISES  ,Meat/Poultry Specialty,98-850,Moanalua Rd,Kam Swap Meet,Aiea,HI,96701, ,HONOLULU,21.39079,-157.9484,1994-04-13,2009-07-09
1127207,Ewa Beach CP 19,Farmers' Market,91-955,North Rd, ,Ewa Beach,HI,96706,2755,HONOLULU,21.31411,-158.0085,2013-12-05,2016-09-27
481414,Ewa Mart  ,Convenience Store,91-831,Fort Weaver Rd, ,Ewa Beach,HI,96706,2536,HONOLULU,21.31522,-158.012,2002-03-19,
758713,EWA PANTRY  ,Convenience Store,91-1001,KAIMALIE ST, ,EWA BEACH,HI,96706, ,HONOLULU,21.3195,-158.0155,2005-07-27,2006-11-13
1204715,"Ewa Repair Shop, Inc.  ",Convenience Store,94-303,Waipahu St, ,Waipahu,HI,96797,2621,HONOLULU,21.38347,-158.0205,2015-07-20,2024-09-02
1223565,Express Mini Mart  ,Convenience Store,2004,Pacific Heights Rd, ,Honolulu,HI,96813,1321,HONOLULU,21.31991,-157.8493,2015-12-04,
1556698,F&M Snack Shop  ,Combination Grocery/Other,86-120,Farrington Hwy,Ste A108,Waianae,HI,96792,3071,HONOLULU,21.43637,-158.1837,2023-09-12,
1020163,Faith Harriet Foundation  ,Convenience Store,87-217,Saint Johns Rd, ,Waianae,HI,96792,3259,HONOLULU,21.41657,-158.1733,2011-10-07,2012-08-08
1099432,Family Cheap Market  ,Combination Grocery/Other,1039,Kekaulike St,Ste 102,Honolulu,HI,96817,5365,HONOLULU,21.31262,-157.8639,2013-09-04,2015-08-24
308704,FAMILY FEEDS  ,Convenience Store,850,N King St, ,Honolulu,HI,96817,4513,HONOLULU,0.0,0.0,1997-07-08,2005-03-20
397740,Family Grocery Store  ,Combination Grocery/Other,45-1127,Kamehameha Hwy,Ste C,Kaneohe,HI,96744,3200,HONOLULU,21.41765,-157.8014,2003-09-18,2013-07-24
397740,Family Grocery Store  ,Combination Grocery/Other,45-1127,Kamehameha Hwy,Ste C,Kaneohe,HI,96744,3200,HONOLULU,21.41765,-157.8014,2013-12-03,
773612,FAMILY KITCHEN  ,Meat/Poultry Specialty,135,N King St Spc 2A, ,Honolulu,HI,96817,5084,HONOLULU,21.3123,-157.8639,2006-01-12,2009-05-10
297807,FAMILY MARKET  ,Convenience Store,930,N King St, ,Honolulu,HI,96817,4543,HONOLULU,21.32301,-157.8679,1996-08-21,2020-01-07
1427171,Family Market  ,Convenience Store,850,N King St,,Honolulu,HI,96817,4513,HONOLULU,21.32234,-157.8673,2021-03-19,2025-05-05
365077,FAMILY RICE NOODLE SHOP  ,Bakery Specialty,175,N Hotel St,Ste 5,Honolulu,HI,96817,5354,HONOLULU,21.31331,-157.8635,1996-07-09,2012-10-31
1079053,Family Rice Noodle Shop  ,Combination Grocery/Other,175,N Hotel St,Ste 5,Honolulu,HI,96817,5354,HONOLULU,21.31331,-157.8635,2012-11-26,2013-03-18
948477,Fanny's Corner  ,Fruits/Veg Specialty,1180,Maunakea St, ,Honolulu,HI,96817,5134,HONOLULU,21.31317,-157.8615,2010-05-05,2011-06-19
1004351,Fanny's Corner  ,Combination Grocery/Other,1180,Maunakea St, ,Honolulu,HI,96817,5134,HONOLULU,21.31317,-157.8615,2011-07-07,2012-10-24
1292987,Farm Life LLC 103 A,Fruits/Veg Specialty,1199,Dillingham Blvd,103 A,Honolulu,HI,96817,4400,HONOLULU,21.3224,-157.8737,2017-08-24,2019-04-14
1292987,Farm Life LLC 103 A,Fruits/Veg Specialty,1199,Dillingham Blvd,103 A,Honolulu,HI,96817,4400,HONOLULU,21.3224,-157.8737,2019-08-19,2024-09-02
1405312,Farm Link Hawaii  ,Delivery Route,743,Waiakamilo Rd,Ste J,Honolulu,HI,96817,4336,HONOLULU,21.32555,-157.8736,2020-08-10,
379823,FASTOP #10 MILILANI  ,Convenience Store,95-026,Kamehameha Hwy, ,Mililani,HI,96789,3365,HONOLULU,21.45885,-158.0172,1989-10-23,
473430,Fastop #11 Nanakuli 11,Convenience Store,87-2130,Farrington Hwy,,Waianae,HI,96792,3854,HONOLULU,21.3857,-158.1493,1990-02-14,2023-07-05
473430,Fastop #11 Nanakuli 11,Convenience Store,87-2130,Farrington Hwy,,Waianae,HI,96792,3854,HONOLULU,21.3857,-158.1493,2024-03-12,
409488,FASTOP #2 PALISADES  ,Convenience Store,2321-A,AUHUHU ST, ,PEARL CITY,HI,96782, ,HONOLULU,21.42514,-157.9523,1988-03-02,2014-09-05
609825,FASTOP #4 CAMPBELL AVE  ,Convenience Store,3327,Campbell Ave, ,Honolulu,HI,96815,3816,HONOLULU,21.27702,-157.8133,1988-03-02,2006-06-15
276091,FASTOP #5 STADIUM MALL  ,Convenience Store,4510,SALT LAKE BLVD, ,HONOLULU,HI,96818, ,HONOLULU,21.36454,-157.9285,1988-03-02,2007-05-30
490675,FASTOP #9 SCHOOL STREET  ,Convenience Store,2011,N School St, ,Honolulu,HI,96819,4162,HONOLULU,21.33796,-157.8721,1988-08-15,
235031,FENG CHENG 1,Convenience Store,1047,Bethel St, ,Honolulu,HI,96813,4301,HONOLULU,21.3104,-157.8617,2002-09-25,2016-09-26
658784,FENG CHENG # 2  ,Delivery Route,#466,KAM SWAP MEET, ,AIEA,HI,96701, ,HONOLULU,21.38577,-157.9368,2002-08-29,2006-06-22
1589313,Fenua Store  ,Convenience Store,511,N Vineyard Blvd,,Honolulu,HI,96817,3834,HONOLULU,21.31994,-157.8625,2024-04-12,2025-11-26
1127183,FFMB 7,Farmers' Market, ,Alapai & Beretania St, ,Honolulu,HI,96813, ,HONOLULU,21.30502,-157.8527,2013-12-05,2019-09-20
306789,FIESTA MART  ,Convenience Store,1947,N King St, ,Honolulu,HI,96819,3455,HONOLULU,21.3322,-157.8783,2001-11-20,2005-04-10
747941,Fiesta Mart & Video Rentals  ,Small Grocery Store,1943,N King St, ,Honolulu,HI,96819,3455,HONOLULU,21.33234,-157.8785,2005-04-19,
1253953,Fiesta Mart Travel Agency & Services  ,Convenience Store,94-366,Pupupani St,Ste 103,Waipahu,HI,96797,2650,HONOLULU,21.38138,-158.0168,2016-09-07,2022-12-19
936116,FIJI MARKET LLC  ,Convenience Store,56-565,Kamehameha Hwy, ,Kahuku,HI,96731,2202,HONOLULU,21.67741,-157.9499,2010-02-05,2015-03-02
1193624,Fiji Market LLC  ,Convenience Store,56-565,Kamehameha Hwy, ,Kahuku,HI,96731,2202,HONOLULU,21.6774,-157.95,2015-04-21,2017-07-31
1193624,Fiji Market LLC  ,Convenience Store,56-565,Kamehameha Hwy, ,Kahuku,HI,96731,2202,HONOLULU,21.6774,-157.95,2017-08-21,2019-05-02
231906,FILMART  ,Convenience Store,409,N King St, ,Honolulu,HI,96817,4704,HONOLULU,21.3168,-157.8643,1998-07-07,2007-03-21
1042062,First Kon  ,Small Grocery Store,2219,N School St,Rm A,Honolulu,HI,96819,2591,HONOLULU,21.34028,-157.874,2012-03-13,2013-12-25
1362749,First Produce Inc.  ,Medium Grocery Store,1120,Maunakea St,Ste 104,Honolulu,HI,96817,5173,HONOLULU,21.31253,-157.8625,2019-07-29,2021-04-19
1362749,First Produce Inc.  ,Medium Grocery Store,1120,Maunakea St,Ste 104,Honolulu,HI,96817,5173,HONOLULU,21.31253,-157.8625,2022-06-15,
685761,"FIRST USA FOOD STORES, LLC  ",Convenience Store,2333,Kapiolani Blvd,Ste C4,Honolulu,HI,96826,4486,HONOLULU,21.28778,-157.8277,2001-08-01,2013-01-02
1170251,"First USA Food Stores, LLC  ",Small Grocery Store,2499,Kapiolani Blvd,Ste 101,Honolulu,HI,96826,5310,HONOLULU,21.2875,-157.8237,2014-11-05,2023-11-30
1165440,Flagship Fastlube 6,Convenience Store,826,Kamehameha Hwy, ,Pearl City,HI,96782,2601,HONOLULU,21.39336,-157.9684,2014-10-06,2017-07-02
944188,Flamingo Mart  ,Convenience Store,1221,Piikoi St, ,Honolulu,HI,96814,1516,HONOLULU,21.30226,-157.8429,2010-04-14,2011-12-20
1233831,Florie's Store  ,Fruits/Veg Specialty,94-1234,Henokea St,,Waipahu,HI,96797,3804,HONOLULU,21.39584,-158.0033,2016-02-23,2021-02-19
721308,FONGS MEAT MARKET  ,Meat/Poultry Specialty,145,N King St,Stall 16,Honolulu,HI,96817,5309,HONOLULU,21.3127,-157.8642,1972-12-19,2014-05-06
482274,Food Pantry 1001,Combination Grocery/Other,2370,Kuhio Ave, ,Honolulu,HI,96815,2965,HONOLULU,21.27838,-157.8249,1972-07-07,2017-06-07
482274,Food Pantry 1001,Combination Grocery/Other,2370,Kuhio Ave, ,Honolulu,HI,96815,2965,HONOLULU,21.27838,-157.8249,2017-06-13,2017-06-26
1292708,Food Pantry 1001,Super Store,2370,Kuhio Ave,Side,Honolulu,HI,96815,5052,HONOLULU,21.27812,-157.8247,2017-08-01,2020-02-03
650007,Food Pantry Eaton Square 1003,Convenience Store,438,Hobron Ln,Ste 110,Honolulu,HI,96815, ,HONOLULU,21.28739,-157.836,1976-02-23,
1089151,Food Pantry Express 1369,Convenience Store,2370,Kuhio Ave, ,Honolulu,HI,96815, ,HONOLULU,21.27838,-157.8249,2013-02-04,2020-02-03
662921,FOODLAND 4,Super Store,1460,S Beretania St, ,Honolulu,HI,96814,1329,HONOLULU,21.29961,-157.8376,1971-12-14,2020-02-17
581712,FOODLAND 15,Super Store,7192,KALANIANAOLE HWY, ,HONOLULU,HI,96825, ,HONOLULU,21.2763,-157.7052,1971-12-14,2011-11-03
265009,FOODLAND 11,Super Store, ,ALA MOANA SHOPPING CTR, ,HONOLULU,HI,96814,2099,HONOLULU,21.29359,-157.8548,1971-12-14,2015-05-05
588060,Foodland Dillingham 18,Super Store,1505,DILLINGHAM BLVD, ,HONOLULU,HI,96817, ,HONOLULU,21.32468,-157.877,1971-12-14,
332860,Foodland Ewa Beach 16,Super Store,91-1401,Fort Weaver Rd, ,Ewa Beach,HI,96706,2222,HONOLULU,21.33494,-158.0235,1971-12-14,
1399744,Foodland Farms  Ka Makana Ali`i 48,Super Store,91-5431,Kapolei Pkwy,Suite 1704,Kapolei,HI,96707,5000,HONOLULU,21.33333,-158.0524,2020-03-16,
601252,Foodland Farms Aina Haina 3,Super Store,820,W Hind Dr,Ste 101,Honolulu,HI,96821,1851,HONOLULU,21.2785,-157.7552,1971-12-14,
1257053,Foodland Farms Ala Moana 11,Super Store,1450,Ala Moana Blvd,Ste 8000,Honolulu,HI,96814, ,HONOLULU,21.29116,-157.8439,2016-08-23,
509242,Foodland Farms Pearl City 9,Super Store,1150,Kuala St,,Pearl City,HI,96782,2959,HONOLULU,21.40066,-157.9749,1971-12-14,
1219748,Foodland Gas Station 47,Convenience Store,55-510,Kamehameha Hwy, ,Laie,HI,96762,1138,HONOLULU,21.64714,-157.9215,2015-11-30,
1426410,Foodland Kahala Mkt 50,Super Store,4210,Waialae Avenue,Suite 301,Honolulu,HI,96816, ,HONOLULU,21.27905,-157.7871,2020-10-14,
269993,Foodland Kailua 37,Super Store,108,HEKILI ST, ,KAILUA,HI,96734, ,HONOLULU,21.39245,-157.7434,2001-07-17,
422546,Foodland Kaneohe 8,Super Store,45-480,Kaneohe Bay Dr,,Kaneohe,HI,96744,2039,HONOLULU,21.4016,-157.798,1971-12-14,
1072639,Foodland Kapolei 43,Super Store,4850,Kapolei Parkway,Bldg A,Kapolei,HI,96707, ,HONOLULU,21.32872,-158.0788,2012-09-04,
316823,Foodland Laie 32,Super Store,55-510,KAMEHAMEHA HWY, ,LAIE,HI,96762,2099,HONOLULU,21.64671,-157.9217,1993-07-26,
591088,Foodland Market City 1,Super Store,2939,Harding Ave, ,Honolulu,HI,96816,1303,HONOLULU,21.28847,-157.8143,1971-12-14,
499659,Foodland Mililani 19,Super Store,95-221,KIPAPA DR, ,MILILANI,HI,96789,2099,HONOLULU,21.4586,-158.0159,1971-12-14,2018-02-26
499659,Foodland Mililani 19,Super Store,95-221,KIPAPA DR, ,MILILANI,HI,96789,2099,HONOLULU,21.4586,-158.0159,2018-03-01,
326205,Foodland Pupukea 27,Super Store,59-720,Kamehameha Hwy, ,Haleiwa,HI,96712,9403,HONOLULU,21.64843,-158.0617,1979-11-15,
342059,Foodland School Street 2,Super Store,414,N School St, ,Honolulu,HI,96817,3141,HONOLULU,21.32095,-157.8594,1971-12-14,2024-01-08
260130,Foodland Wahiawa 10,Super Store,823,CALIFORNIA AVENUE, ,WAHIAWA,HI,96786,2099,HONOLULU,21.49746,-158.0259,1971-12-14,
297451,Foodland Waipio 31,Super Store,94-1040,Waipio Uka St, ,Waipahu,HI,96797,4051,HONOLULU,21.41128,-157.9986,1985-02-15,
1427382,Forage Hawaii  ,Meat/Poultry Specialty,1001,Dillingham Blvd,,Honolulu,HI,96817,4507,HONOLULU,21.32072,-157.8716,2021-01-21,
363675,FORT RUGER MARKET  ,Convenience Store,3585,Alohea Ave, ,Honolulu,HI,96816,2260,HONOLULU,21.27202,-157.805,2003-09-18,2011-02-17
993180,Fort Ruger Market  ,Convenience Store,3585,Alohea Ave, ,Honolulu,HI,96816,2260,HONOLULU,21.27202,-157.805,2011-02-28,2013-09-02
272025,FOUR SEASONS ENTERPRISE  ,Convenience Store,721,Mokauea St, ,Honolulu,HI,96819,4053,HONOLULU,21.32987,-157.8795,2000-07-06,2013-12-15
934426,Four Seasons Produce  ,Fruits/Veg Specialty,125,N Hotel St, ,Honolulu,HI,96817,5003,HONOLULU,21.31273,-157.8631,2010-01-26,2012-11-14
299458,FOUR SEASONS VILLAGE MARKET  ,Small Grocery Store,135,N King St Spc 4A, ,Honolulu,HI,96817,5084,HONOLULU,21.3123,-157.8639,2003-05-27,2012-09-30
1172605,Franceddie's Bakery & Cafe 1,Bakery Specialty,2219,N School St, ,Honolulu,HI,96819,2591,HONOLULU,21.34027,-157.874,2014-12-15,2019-11-22
1000584,Fred Sundries  ,Convenience Store,159,N Hotel St, ,Honolulu,HI,96817,5004,HONOLULU,21.31309,-157.8634,2011-04-21,2014-01-08
1124689,Fred Sundries  ,Convenience Store,159,N Hotel St, ,Honolulu,HI,96817,5004,HONOLULU,21.31309,-157.8634,2013-12-24,2015-03-22
736017,Fred's Sundry Liquor  ,Convenience Store,159,N Hotel St, ,Honolulu,HI,96817,5004,HONOLULU,21.31309,-157.8634,2004-12-10,2011-04-10
932074,Fresh & Green Market  ,Combination Grocery/Other,1034,Kekaulike St, ,Honolulu,HI,96817,5007,HONOLULU,21.31289,-157.8635,2010-02-08,2014-03-20
1069177,Fresh Catch  ,Combination Grocery/Other,45-1048,Kamehameha Hwy, ,Kaneohe,HI,96744,3206,HONOLULU,21.41629,-157.8013,2012-10-22,2014-02-02
896527,Fresh Catch LLC  ,Meat/Poultry Specialty,3109,Waialae Ave, ,Honolulu,HI,96816,1509,HONOLULU,21.28832,-157.8101,2009-06-22,2010-10-05
905906,Fresh Catch LLC  ,Meat/Poultry Specialty,45-1118,Kamehameha Hwy, ,Kaneohe,HI,96744,3207,HONOLULU,21.41729,-157.8017,2009-07-30,2010-10-05
1407674,FreshPoint Oahu (Honolulu) 570,Fruits/Veg Specialty,802,Mapunapuna St, ,Honolulu,HI,96819,2037,HONOLULU,21.34073,-157.9001,2020-05-26,2024-07-24
1026596,Friendly Store  ,Convenience Store,414,Mokauea Street, ,Honolulu,HI,96819, ,HONOLULU,21.32693,-157.8825,2011-11-02,2022-03-20
1026596,Friendly Store  ,Convenience Store,414,Mokauea Street, ,Honolulu,HI,96819, ,HONOLULU,21.32693,-157.8825,2022-03-22,2022-04-14
1500523,Friendly Store 0,Convenience Store,414,Mokauea Street,Unit E,Honolulu,HI,96819, ,HONOLULU,21.32712,-157.8827,2022-05-09,
1300149,Fruition Market  ,Fruits/Veg Specialty,1039,Kekaulike St,Ste 103,Honolulu,HI,96817,5365,HONOLULU,21.31274,-157.8637,2017-10-25,2020-09-29
1300149,Fruition Market  ,Fruits/Veg Specialty,1039,Kekaulike St,Ste 103,Honolulu,HI,96817,5365,HONOLULU,21.31274,-157.8637,2020-10-07,
1421201,"Fruition Market, Llc  ",Fruits/Veg Specialty,1165,Maunakea St,,Honolulu,HI,96817,5154,HONOLULU,21.31276,-157.8616,2020-09-01,2021-03-16
500977,Ft Shafter Exchange  ,Military Commissary, ,Pierce St,Bldg 550,Fort Shafter,HI,96858, ,HONOLULU,21.3379,-157.8877,2001-12-28,2013-01-10
398864,FUJI MARKET  ,Small Grocery Store,582,N King St, ,Honolulu,HI,96817,4603,HONOLULU,21.31897,-157.865,1991-11-06,
342401,FUJI'S MARKET  ,Convenience Store,284,Mokauea St, ,Honolulu,HI,96819,3140,HONOLULU,21.32494,-157.8844,1975-01-20,2007-05-28
962386,G's Sweet Treats 'n Things  ,Convenience Store,91-902,Fort Weaver Rd,Ste 104,Ewa Beach,HI,96706,2261,HONOLULU,21.31697,-158.0131,2010-09-14,2011-07-31
1350198,Gabi Corp  ,Convenience Store,3131,N Nimitz Hwy,Ste 101,Honolulu,HI,96819,1982,HONOLULU,21.33608,-157.9098,2019-03-12,
855497,Gabriel/Germaine's Meat Market  ,Meat/Poultry Specialty,1039,Kekaulike St,Ste 117,Honolulu,HI,96817,5366,HONOLULU,21.31262,-157.8639,2008-06-11,2015-05-05
459641,GALILEE SEAFOOD MART  ,Combination Grocery/Other,1104,Maunakea St, ,Honolulu,HI,96817,5131,HONOLULU,21.31238,-157.8627,2002-04-09,2016-11-17
862994,Gateway Variety Store 0,Convenience Store,94-366,Pupupani St,Ste 102,Waipahu,HI,96797,2644,HONOLULU,21.38124,-158.0171,2008-08-25,2010-02-08
818543,GCI Express  ,Convenience Store,500,Ala Moana Blvd Ste 2C, ,Honolulu,HI,96813,4902,HONOLULU,21.30097,-157.8631,2007-05-21,2008-04-03
857228,GMJ Seafood  ,Combination Grocery/Other,94-340,Waipahu Depot St,Stall 8,Waipahu,HI,96797, ,HONOLULU,21.38509,-158.0072,2008-06-30,2013-07-24
857228,GMJ Seafood  ,Combination Grocery/Other,94-340,Waipahu Depot St,Stall 8,Waipahu,HI,96797, ,HONOLULU,21.38509,-158.0072,2013-11-14,2018-11-23
857228,GMJ Seafood  ,Combination Grocery/Other,94-340,Waipahu Depot St,Stall 8,Waipahu,HI,96797, ,HONOLULU,21.38509,-158.0072,2019-03-22,
848302,Golden Fish Market  ,Meat/Poultry Specialty,94-340,Waipahu Depot St,Stall 8 & 9,Waipahu,HI,96797,3011,HONOLULU,21.38525,-158.0073,2008-04-15,2009-02-10
957478,Golden Mart  ,Convenience Store,95-119,Kamehameha Hwy,Ste E,Mililani,HI,96789,3393,HONOLULU,21.45822,-158.0176,2011-03-24,2012-11-26
1260992,Gonti Corp  ,Combination Grocery/Other,1020,Kekaulike St, ,Honolulu,HI,96817,5007,HONOLULU,21.31269,-157.8639,2016-11-25,
527839,GOOD HEALTH FOOD STORE  ,Convenience Store,98-027,Hekaha St,Ste 35,Aiea,HI,96701,4920,HONOLULU,21.38474,-157.9514,2001-06-28,2020-02-17
879330,Goodies Market  ,Convenience Store,198,S Kamehameha Hwy, ,Wahiawa,HI,96786,1811,HONOLULU,21.49311,-158.0285,2009-01-14,2016-09-26
1331802,Goodies Market 0,Convenience Store,198,S Kamehameha Hwy, ,Wahiawa,HI,96786,1811,HONOLULU,21.49308,-158.0285,2018-10-09,2024-07-31
590095,GOODIES MARKET INC  ,Convenience Store,198,S Kamehameha Hwy, ,Wahiawa,HI,96786,1811,HONOLULU,21.49311,-158.0285,2004-07-01,2008-11-09
516963,GOODRICH LIQUOR LLC  ,Convenience Store,2828,S King St, ,Honolulu,HI,96826,3529,HONOLULU,21.28989,-157.8179,2003-03-20,2007-07-29
1104344,Gourmet Liquors  ,Small Grocery Store,2437,South King Street, ,Honolulu,HI,96826, ,HONOLULU,21.2928,-157.8245,2014-03-25,2019-03-28
618973,GREEN GROCERS  ,Farmers' Market,87-945,Paakea Rd,Peoples Open Market,Waianae,HI,96792,3434,HONOLULU,21.41639,-158.1561,1983-10-20,2008-12-21
248011,GREENFIELD PRODUCE & GROCER  ,Meat/Poultry Specialty,135,N KING ST, ,HONOLULU,HI,96814, ,HONOLULU,21.29984,-157.8441,2002-04-09,2008-09-16
644919,GREENLANDS MART  ,Convenience Store,94-866,Moloalo St,Ste D9,Waipahu,HI,96797,3356,HONOLULU,21.38458,-158.0025,1998-12-01,2010-06-13
644919,GREENLANDS MART  ,Convenience Store,94-866,Moloalo St,Ste D9,Waipahu,HI,96797,3356,HONOLULU,21.38458,-158.0025,2012-01-13,2012-07-24
1052344,Greenwheel Food Hub  ,Farmers' Market,1830,Kanakanui St, ,Honolulu,HI,96819,3224,HONOLULU,21.32536,-157.8829,2012-03-29,2017-03-06
1056939,Greenwheel Food Hub at Honolulu Farmers Market  ,Farmers' Market,777,Ward Ave,,Honolulu,HI,96814,2166,HONOLULU,21.299,-157.8503,2012-04-27,
1107532,Greenwheel Food Hub At Waimanalo Health Center  ,Farmers' Market,41-1347,Kalanianaole Hwy, ,Waimanalo,HI,96795,1215,HONOLULU,21.34662,-157.7126,2013-07-23,2014-12-08
1121275,Greenwheel Food Hub At West Loch Elderly Village  ,Farmers' Market,91-1472,Renton Rd, ,Ewa Beach,HI,96706,4200,HONOLULU,21.35079,-158.0255,2013-11-07,2018-11-23
404240,GROCERY OUTLET  ,Supermarket,1199,Dillingham Blvd Spc A103, ,Honolulu,HI,96817,4400,HONOLULU,0.0,0.0,2001-02-16,2005-01-25
1518854,Gulick Sjd Liquor And Grocery Store  ,Convenience Store,1323,Gulick Ave,,Honolulu,HI,96819,4174,HONOLULU,21.33616,-157.8744,2022-10-28,
712383,GULICK STORE  ,Convenience Store,1247,Gulick Ave, ,Honolulu,HI,96819,4117,HONOLULU,21.33581,-157.8752,2001-10-26,2006-02-20
1134307,H & A Market  ,Convenience Store,1218,North School Street,Unit 4,Honolulu,HI,96817, ,HONOLULU,21.33015,-157.8649,2014-04-23,
279960,H & L MINI MART  ,Meat/Poultry Specialty,1039,"KEKAULIKE ST # 117, # 118", ,HONOLULU,HI,96817, ,HONOLULU,21.31274,-157.8637,1994-07-06,2009-04-01
575345,H HAMADA STORE INC  ,Large Grocery Store,885,QUEEN ST, ,HONOLULU,HI,96813, ,HONOLULU,21.29836,-157.855,1971-12-09,2007-04-27
1260707,"H Mart Honolulu, Corp  ",Supermarket,1010,Kaili St, ,Honolulu,HI,96819,3427,HONOLULU,21.33202,-157.8772,2016-09-19,
1508432,H Mart Kakaako  ,Super Store,850,Kamehameha Hwy, ,Pearl City,HI,96782,2656,HONOLULU,21.39433,-157.9689,2022-06-22,
1392641,"H MART KAKAAKO, LLC  ",Super Store,458,Keawe St, ,Honolulu,HI,96813,5125,HONOLULU,21.29984,-157.8603,2020-01-06,
244107,H&H HAWAII FINEST SEAFOOD INC  ,Seafood Specialty,135,N King St Spc 5A, ,Honolulu,HI,96817,5084,HONOLULU,0.0,0.0,2003-12-29,2005-01-18
819044,H20 Convenience Store  ,Convenience Store,2671,S King St Ste C, ,Honolulu,HI,96826,3267,HONOLULU,21.29112,-157.8206,2007-04-20,2007-12-25
522415,H20 STORE  ,Convenience Store,2671,S King St Ste C, ,Honolulu,HI,96826,3267,HONOLULU,21.29112,-157.8206,2002-08-09,2007-04-04
752507,HAE MARKET  ,Convenience Store,1402,Lusitana St, ,Honolulu,HI,96813,2016,HONOLULU,21.30948,-157.853,2005-09-06,2008-12-21
402715,HAILI'S HAWAIIAN FOODS  ,Unknown,1020,AUAHI ST, ,HONOLULU,HI,96814, ,HONOLULU,21.29524,-157.8559,1989-03-14,2005-09-18
1127206,Halawa DP 18,Farmers' Market,99-795,Iwaiwa St, ,Aiea,HI,96701,3245,HONOLULU,21.37252,-157.9149,2013-12-05,2019-09-20
1158833,Halawa Height Market  ,Convenience Store,99-793,Halawa Heights Rd, ,Aiea,HI,96701,3219,HONOLULU,21.38032,-157.9146,2014-08-06,
245182,HALAWA HEIGHTS MARKET  ,Convenience Store,99-793,Halawa Heights Rd, ,Aiea,HI,96701,3219,HONOLULU,21.38009,-157.9147,2004-01-09,2014-06-17
407593,HALEIWA CHEVRON  ,Convenience Store,62-594,Kam Hwy, ,Haleiwa,HI,96712,1417,HONOLULU,21.5963,-158.103,1998-07-29,2008-03-06
233066,"HALEIWA SUPER MARKET, LTD  ",Super Store,66-197,Kamehameha Hwy, ,Haleiwa,HI,96712,1420,HONOLULU,21.58887,-158.103,1971-12-27,2009-02-16
845528,Hana Ho Convenience Store  ,Convenience Store,626,Coral St,Apt 101,Honolulu,HI,96813,5911,HONOLULU,21.30059,-157.8577,2008-03-03,2011-01-26
288586,HANA MARKET  ,Convenience Store,930,MCCULLY ST, ,HONOLULU,HI,96826, ,HONOLULU,0.0,0.0,2001-05-22,2005-02-17
746472,HANA MARKET  ,Convenience Store,930,McCully St,Ste 202,Honolulu,HI,96826,6702,HONOLULU,21.29436,-157.8307,2005-03-21,2021-03-07
936317,Hanarum Market  ,Convenience Store,1602,Kalakaua Ave, ,Honolulu,HI,96826,2478,HONOLULU,21.29483,-157.8368,2010-02-10,2012-04-10
1483242,Hangane  ,Small Grocery Store,1649,Kalakaua Ave,Unit #8,Honolulu,HI,96826,2494,HONOLULU,21.29337,-157.8371,2022-04-27,
1375215,Hannah's Bakery  ,Bakery Specialty,1120,Maunakea St,Ste 106,Honolulu,HI,96817,5173,HONOLULU,21.31294,-157.8629,2019-11-22,
1215231,Hanul Sintoburi  ,Combination Grocery/Other,835,Keeaumoku St,"1-102, Ste C",Honolulu,HI,96814, ,HONOLULU,21.29703,-157.8408,2015-10-06,2016-09-26
840069,Happy Mini  Mart  ,Convenience Store,846,Richards St, ,Honolulu,HI,96813,4702,HONOLULU,21.30655,-157.8611,2007-12-31,2010-02-28
783609,HAPPY MINI MART  ,Convenience Store,846,Richards St, ,Honolulu,HI,96813,4702,HONOLULU,21.30655,-157.8611,2006-04-10,2006-12-17
810071,HAPPY MINI MART  ,Small Grocery Store,846,Richards St, ,Honolulu,HI,96813,4702,HONOLULU,21.30655,-157.8611,2007-01-19,2007-11-12
940077,Happy Mini Mart  ,Convenience Store,846,Richards St,Ste 102,Honolulu,HI,96813,4702,HONOLULU,21.30655,-157.8611,2010-03-18,2014-10-26
1168139,Happy Mini Mart  ,Convenience Store,846,Richards St, ,Honolulu,HI,96813,4702,HONOLULU,21.30669,-157.8609,2014-10-27,2020-01-23
670390,HAPPY SNACK SHOP  ,Convenience Store,2023,N King St, ,Honolulu,HI,96819,3457,HONOLULU,21.33262,-157.8787,2004-07-12,2005-04-07
749915,HAPPY SNACK SHOP  ,Convenience Store,2023,N King St, ,Honolulu,HI,96819,3457,HONOLULU,21.33262,-157.8787,2005-05-28,2009-05-25
898826,Happy Snack Shop  ,Convenience Store,2023,N King St, ,Honolulu,HI,96819,3457,HONOLULU,21.33262,-157.8787,2009-06-02,2014-02-17
1254021,Happy Snack Shop  ,Convenience Store,2021,N King St, ,Honolulu,HI,96819,3457,HONOLULU,21.33275,-157.8788,2016-08-03,2020-02-10
1394819,Happy Snack Shop  ,Convenience Store,2021,N King St,,Honolulu,HI,96819,3457,HONOLULU,21.33266,-157.879,2020-02-24,2020-12-09
1394819,Happy Snack Shop  ,Convenience Store,2021,N King St,,Honolulu,HI,96819,3457,HONOLULU,21.33266,-157.879,2021-07-29,2023-08-14
457602,HAPPY WORLD MARKET  ,Convenience Store,194,N Hotel St, ,Honolulu,HI,96817,5002,HONOLULU,21.31356,-157.8636,2003-09-18,2008-11-19
1188489,Harbor Mini Mart  ,Convenience Store,55,Merchant St, ,Honolulu,HI,96813, ,HONOLULU,21.30937,-157.8632,2015-03-27,2016-09-26
423881,HARRY'S LIQUOR & GROCERY  ,Convenience Store,1101,Waimanu St, ,Honolulu,HI,96814,4235,HONOLULU,21.29531,-157.8506,1996-08-14,2007-04-29
820733,Harry's Liquor Groceries  ,Convenience Store,1111-E,Waimanu St, ,Honolulu,HI,96814,4235,HONOLULU,21.29504,-157.8504,2007-05-14,2022-11-06
695690,HATO ROAST PORK AND MEAT MARKET  ,Meat/Poultry Specialty,145,N King St Spc 4, ,Honolulu,HI,96817,5309,HONOLULU,21.3127,-157.8642,2000-02-17,2007-05-03
1567375,Hawaii Banchan Company 1,Small Grocery Store,1347,Kapiolani Blvd,Ste 103,Honolulu,HI,96814,4512,HONOLULU,21.29395,-157.8451,2023-11-28,
854018,Hawaii Farm Bureau Federation  ,Farmers' Market,2343,Rose St,Waianae Farmers Market - WCCHC,Honolulu,HI,96819, ,HONOLULU,21.34091,-157.8795,2008-05-20,2009-11-15
1108979,Hawaii Farmers Produce  ,Combination Grocery/Other,94-866,Moloalo St,Ste D9,Waipahu,HI,96797,3356,HONOLULU,21.38458,-158.0025,2013-08-05,2016-09-26
1127217,Hawaii Kai 25,Farmers' Market,300,Keahole St, ,Honolulu,HI,96825, ,HONOLULU,21.28473,-157.7104,2013-12-05,2019-09-20
1207679,Hawaii Kai Texaco  ,Convenience Store,7170,Kalanianaole Hwy, ,Honolulu,HI,96825,1832,HONOLULU,21.27698,-157.706,2015-09-04,
1579588,Hawaii Qq Market Llc  ,Combination Grocery/Other,1120,Maunakea St,Ste 179,Honolulu,HI,96817,5198,HONOLULU,21.31287,-157.8628,2024-04-15,
1317384,Healthy's Inc Dba Down To Earth Organic & Natural 42,Supermarket,500,Keawe St,,Honolulu,HI,96813,3101,HONOLULU,21.30044,-157.8599,2018-04-05,
1650108,HELE Honolulu 61104,Convenience Store,165,Sand Island Access Rd, ,Honolulu,HI,96819,2224,HONOLULU,21.32454,-157.8897,2025-05-02,
1132035,HELE STORES 61056,Convenience Store,95-614,Lanikuhana Ave, ,Mililani,HI,96789,2900,HONOLULU,21.45173,-158.0046,2014-02-11,
1132036,HELE STORES 61057,Convenience Store,95-1141,Ukuwai St, ,Mililani,HI,96789,5328,HONOLULU,21.46853,-158.0023,2014-02-11,
1132031,HELE STORES 61042,Convenience Store,94-050,Farrington Hwy,Ste 27,Waipahu,HI,96797,1918,HONOLULU,21.37757,-158.0241,2014-02-13,
1132032,HELE STORES 61046,Convenience Store,87-2070,Farrington Hwy., ,Waianae,HI,96792, ,HONOLULU,21.38674,-158.1511,2014-02-13,2018-11-23
1132024,HELE STORES 61016,Convenience Store,922,Kamehameha Hwy, ,Pearl City,HI,96782,2556,HONOLULU,21.39412,-157.9706,2014-02-13,
1132028,HELE STORES 61021,Convenience Store,1950,Kalihi St, ,Honolulu,HI,96819,4254,HONOLULU,21.34169,-157.8666,2014-02-14,
1132029,HELE STORES 61024,Convenience Store,759,S King St, ,Honolulu,HI,96813,3001,HONOLULU,21.30302,-157.8531,2014-02-14,
1132033,HELE STORES 61047,Convenience Store,86-090,Farrington Hwy, ,Waianae,HI,96792,3042,HONOLULU,21.54553,-158.2399,2014-02-14,
1132034,HELE STORES 61055,Convenience Store,91590,Farrington Hwy,Unit 6,Kapolei,HI,96707,2002,HONOLULU,21.36251,-158.1322,2014-02-14,
1132025,HELE STORES 61019,Convenience Store,4259,Lawehana St, ,Honolulu,HI,96818,3128,HONOLULU,21.35694,-157.9269,2014-02-19,
1132023,HELE STORES 61013,Convenience Store,707,Kapahulu Ave, ,Honolulu,HI,96816,1132,HONOLULU,21.28015,-157.8141,2014-02-19,
1132030,HELE STORES 61041,Convenience Store,94-120,Farrington Hwy, ,Waipahu,HI,96797,1901,HONOLULU,21.37846,-158.0223,2014-02-24,2018-09-03
1132026,HELE STORES 61020,Convenience Store,2260,Kamehameha Hwy, ,Honolulu,HI,96819,2308,HONOLULU,21.33131,-157.885,2014-03-10,
1132022,HELE STORES 61012,Convenience Store,1529,Dillingham Blvd, ,Honolulu,HI,96817,4803,HONOLULU,21.32514,-157.8775,2014-09-12,
1129849,HELE STORES 61022,Convenience Store,1311,Palama St, ,Honolulu,HI,96817,3400,HONOLULU,21.32318,-157.8651,2014-09-17,
1132032,HELE STORES 61046,Convenience Store,87-2070,Farrington Hwy., ,Waianae,HI,96792, ,HONOLULU,21.38674,-158.1511,2019-02-07,
1132030,HELE STORES 61041,Convenience Store,94-120,Farrington Hwy, ,Waipahu,HI,96797,1901,HONOLULU,21.37846,-158.0223,2019-02-07,
1609493,HELE Wahiawa 61199,Convenience Store,966,California Ave, ,Wahiawa,HI,96786,2124,HONOLULU,21.49827,-158.0248,2024-07-23,
540309,HELEN'S PARTY STORE  ,Convenience Store,902,PUMEHANA ST, ,HONOLULU,HI,96826, ,HONOLULU,21.29405,-157.8318,1991-09-25,2006-11-20
1407512,HFM Foodservice 424,Supermarket,716,Umi St, ,Honolulu,HI,96819,2391,HONOLULU,21.33362,-157.883,2020-05-26,2024-07-24
396405,Hickam AFB Commissary 1328,Military Commissary,20,Hickam Ct,Ste 2093,Jbphh,HI,96853,5255,HONOLULU,21.33892,-157.9535,1971-12-08,
248838,HIGHWAY INN  ,Combination Grocery/Other,94-226,Leoku St, ,Waipahu,HI,96797,1905,HONOLULU,21.37911,-158.0241,2000-06-28,2013-11-20
396305,HIGHWAY SUPERMARKET  ,Large Grocery Store,94-905,Waipahu St, ,Waipahu,HI,96797,3322,HONOLULU,21.38646,-158.0063,1995-09-07,2011-04-11
1000349,Highway Supermarket 1,Large Grocery Store,94-905,Waipahu St, ,Waipahu,HI,96797,3322,HONOLULU,21.38651,-158.0063,2011-04-12,2014-01-28
1129136,Highway Supermarket  ,Convenience Store,94-905,Waipahu St, ,Waipahu,HI,96797,3322,HONOLULU,21.3865,-158.0063,2014-02-27,2015-08-24
507546,HIL-MART  ,Convenience Store,159,Kaiulani Ave Ste 107, ,Honolulu,HI,96815,3224,HONOLULU,21.27731,-157.8243,2002-01-13,2006-06-29
837434,Hill Top Grocery & Liquor  ,Convenience Store,94-307,Farrington Hwy,A-014,Waipahu,HI,96797, ,HONOLULU,21.38052,-158.0179,2007-11-26,2008-09-28
812362,Hill Top Liquor Inc  ,Convenience Store,94-307,Farrington Hwy A-104, ,Waipahu,HI,96797, ,HONOLULU,21.38052,-158.0179,2007-02-27,2007-10-25
759003,HILL TOP MEAT MARKET  ,Medium Grocery Store,94-307,FARRINGTON HWY,Ste A-014,WAIPAHU,HI,96797, ,HONOLULU,21.38052,-158.0179,2005-07-06,2006-08-02
548859,HILLSIDE MARKET  ,Convenience Store,95-020,Waihau St, ,Mililani,HI,96789,3327,HONOLULU,21.46082,-158.0213,2004-05-21,2008-11-25
895663,Hilltop Grocery & Liquor  ,Small Grocery Store,94-307,Farrington Hwy,Ste 01A,Waipahu,HI,96797,2500,HONOLULU,21.38007,-158.0176,2009-07-20,2014-01-27
895663,Hilltop Grocery & Liquor  ,Small Grocery Store,94-307,Farrington Hwy,Ste 01A,Waipahu,HI,96797,2500,HONOLULU,21.38007,-158.0176,2014-02-18,2024-03-26
329328,HING MAU INC  ,Unknown,1040,Maunakea St, ,Honolulu,HI,96817,5129,HONOLULU,21.31205,-157.8633,1985-05-23,2006-01-31
659864,HIRO'S FISH MARKET  ,Seafood Specialty,145,N King St,Spc 12,Honolulu,HI,96817,5309,HONOLULU,21.3127,-157.8642,1991-10-22,2021-06-07
883924,HJL Market  ,Convenience Store,1932,Liliha St, ,Honolulu,HI,96817,2330,HONOLULU,21.32538,-157.8553,2009-04-27,2010-08-04
1576461,Ho Ho Hawaii Market  ,Combination Grocery/Other,100,N Beretania St,STE 106,Honolulu,HI,96813,2702,HONOLULU,21.31433,-157.8609,2024-03-11,
1137888,Hoku Market  ,Combination Grocery/Other,350,Ward Ave,Ste 110,Honolulu,HI,96814,4004,HONOLULU,21.29659,-157.8557,2014-04-16,2020-12-29
1249873,Holoholo Cafe And Market 1221,Medium Grocery Store,2330,Kuhio Avenue, ,Honolulu,HI,96815, ,HONOLULU,21.27867,-157.8252,2016-06-28,
1267975,Holoholo Market 283,Convenience Store,1170,Auahi St,Ste 133,Honolulu,HI,96814,4900,HONOLULU,21.29289,-157.8513,2016-12-27,2021-06-16
1352908,Homeplus Bakery Hawaii Llc  ,Convenience Store,801,Kaheka St,Ste A-3,Honolulu,HI,96814,3725,HONOLULU,21.29345,-157.8392,2019-04-09,2024-02-22
560122,HOMETOWN NOODLE FACTORY  ,Combination Grocery/Other,135,N King St,Stall 6B,HONOLULU,HI,96817, ,HONOLULU,21.3123,-157.8639,2004-01-22,2016-09-26
811798,HONG BAO MINI MARKET  ,Fruits/Veg Specialty,175,N Hotel St Ste 6A, ,Honolulu,HI,96817,5354,HONOLULU,21.31331,-157.8635,2007-02-15,2008-01-30
1017660,Hong Fa Corporation  ,Convenience Store,1036,Maunakea St, ,Honolulu,HI,96817,5129,HONOLULU,21.31203,-157.8633,2011-10-13,2013-07-24
1017660,Hong Fa Corporation  ,Convenience Store,1036,Maunakea St, ,Honolulu,HI,96817,5129,HONOLULU,21.31203,-157.8633,2013-09-27,2016-09-26
785459,HONG KONG SUPERMARKET INC  ,Combination Grocery/Other,1040,Maunakea St, ,Honolulu,HI,96817,5129,HONOLULU,21.31205,-157.8633,2006-05-11,2013-04-01
1296681,Hong Ying Market Llc  ,Fruits/Veg Specialty,1039,Kekaulike St,Ste 101,Honolulu,HI,96817,5365,HONOLULU,21.31274,-157.8637,2017-09-18,2019-09-23
241179,HONG'S GROCERY  ,Small Grocery Store,170,N King St, ,Honolulu,HI,96817,5013,HONOLULU,21.31301,-157.8642,2004-02-10,2018-03-16
1365471,Hong's Grocery  ,Medium Grocery Store,170,N King St, ,Honolulu,HI,96817,5013,HONOLULU,21.3131,-157.8642,2019-11-04,2025-01-03
418800,HONOLULU NUTS CO 2,Meat/Poultry Specialty,41-1537,Kalanianaole Hwy, ,Waimanalo,HI,96795,1185,HONOLULU,21.34797,-157.7216,2002-12-06,2014-01-28
326559,HONOLULU NUTS COMPANY 1,Fruits/Veg Specialty,99-500,Salt Lake Blvd,Aloha Stadium Swap Meet,Aiea,HI,96701, ,HONOLULU,21.37082,-157.9315,1997-07-22,2008-10-15
1186863,Honu Bakery  ,Convenience Store,1620,North School St,Ste C5b,Honolulu,HI,96817, ,HONOLULU,21.33567,-157.8691,2015-03-03,2020-02-18
1439064,Hooah Farms  ,Fruits/Veg Specialty,1622,Merkle St, ,Honolulu,HI,96819,3820,HONOLULU,21.34724,-157.8578,2021-02-09,2021-09-16
555824,Hoong Wun Market #1  ,Meat/Poultry Specialty,135,N King St # 6A, ,Honolulu,HI,96817,5084,HONOLULU,21.3123,-157.8639,1990-11-01,2023-09-26
1568370,Hoong Wun Market II  ,Meat/Poultry Specialty,135,N King St,6B,Honolulu,HI,96817,5084,HONOLULU,21.31221,-157.8641,2024-03-26,
248797,HOUSE OF HEALTH  ,Convenience Store,1541,S BERETANIA ST, ,HONOLULU,HI,96826, ,HONOLULU,21.29895,-157.8361,1997-02-11,2011-03-10
1356953,Hsk Investment Co n/a,Convenience Store,2437,S King St, ,Honolulu,HI,96826,5800,HONOLULU,21.2928,-157.8245,2019-05-14,
308597,HUALI MARKET  ,Convenience Store,1611,Lusitana St, ,Honolulu,HI,96813,1623,HONOLULU,21.31323,-157.8527,2000-06-06,2007-07-01
823825,Huali Market  ,Combination Grocery/Other,1611,Lusitana St, ,Honolulu,HI,96813,1623,HONOLULU,21.31323,-157.8527,2007-07-09,2014-08-05
1160733,Huali Market  ,Convenience Store,1611,Lusitana St, ,Honolulu,HI,96813,1623,HONOLULU,21.31349,-157.8527,2014-08-20,2016-02-07
1160733,Huali Market  ,Convenience Store,1611,Lusitana St, ,Honolulu,HI,96813,1623,HONOLULU,21.31349,-157.8527,2016-02-19,2016-02-23
1268077,Huali Market  ,Convenience Store,1611,Lusitana St, ,Honolulu,HI,96813,1623,HONOLULU,21.31344,-157.8527,2017-07-11,2018-05-20
597187,HUCKLEBERRY FARMS  ,Combination Grocery/Other,1613,NUUANU AVE, ,HONOLULU,HI,96817, ,HONOLULU,21.31675,-157.8556,1984-08-17,2009-10-21
1471741,Hui O Hauula Farmers Market ,Farmers' Market,54-256,Hauula Homestead Rd,,Hauula,HI,96717,9638,HONOLULU,21.61016,-157.9142,2021-10-13,
879579,Hula Boba  ,Combination Grocery/Other,94-340,Waipahu Depot St, ,Waipahu,HI,96797,3011,HONOLULU,21.38525,-158.0073,2009-01-27,2022-04-11
382686,Hung Hang Seafood Market Inc  ,Seafood Specialty,1039,Kekaulike St,Ste 1002,Honolulu,HI,96817,5366,HONOLULU,21.31262,-157.8639,1998-05-20,2014-06-17
382686,Hung Hang Seafood Market Inc  ,Seafood Specialty,1039,Kekaulike St,Ste 1002,Honolulu,HI,96817,5366,HONOLULU,21.31262,-157.8639,2014-11-03,2022-12-19
557453,HYGIENIC STORE  ,Convenience Store,47-528,KAM HWY, ,KANEOHE,HI,96744, ,HONOLULU,21.40884,-157.7987,2003-01-28,2008-01-29
844133,Hygienic Store  ,Convenience Store,47-528,Kamehameha Hwy, ,Kaneohe,HI,96744,4745,HONOLULU,21.45805,-157.8391,2008-02-14,2018-05-17
1382309,Hygienic Store  ,Medium Grocery Store,47-528,Kamehameha Hwy, ,Kaneohe,HI,96744,4772,HONOLULU,21.45764,-157.8385,2019-11-04,
1262946,"Ies Retail, Llc 208878",Convenience Store,4561,Salt Lake Blvd, ,Honolulu,HI,96818,3167,HONOLULU,21.36565,-157.9292,2016-11-14,2022-03-01
1262910,"Ies Retail, Llc 93509",Convenience Store,710,Kailua Rd, ,Kailua,HI,96734,2818,HONOLULU,21.39441,-157.7437,2016-11-14,2022-03-01
1262942,"Ies Retail, Llc 90423",Convenience Store,1378,S Beretania St, ,Honolulu,HI,96814,1514,HONOLULU,21.30033,-157.8398,2016-11-14,2022-03-01
1262939,"Ies Retail, Llc 96285",Convenience Store,986,Valkenburgh St, ,Honolulu,HI,96818,3920,HONOLULU,21.34417,-157.9279,2016-11-14,2022-03-01
1262948,"Ies Retail, Llc 209722",Convenience Store,565,Farrington Hwy, ,Kapolei,HI,96707,2001,HONOLULU,21.33854,-158.078,2016-11-14,2022-03-01
975117,Ilikai General Store  ,Convenience Store,1777,Ala Moana Blvd,Lobby Level,Honolulu,HI,96815, ,HONOLULU,21.28479,-157.8382,2010-11-03,2012-10-01
1076235,Ilikai Kuai Market  ,Convenience Store,1777,Ala Moana Boulevard,105A,Honolulu,HI,96815, ,HONOLULU,21.28479,-157.8382,2012-10-15,2014-02-15
340767,IMELDA E GERALDO  ,Combination Grocery/Other,1120,Maunakea St,156 & 157,Honolulu,HI,96817,5100,HONOLULU,21.31253,-157.8624,2002-10-01,2019-07-04
1058299,In And Out BBQ And Sushi Inc  ,Seafood Specialty,86-120,Farrington Hwy,Ste C306,Waianae,HI,96792,3072,HONOLULU,21.43535,-158.1847,2012-08-09,2014-10-22
278174,India Market Llc no,Medium Grocery Store,2357,S Beretania St,Ste A,Honolulu,HI,96826,1435,HONOLULU,21.29493,-157.825,2004-05-06,2025-07-27
956293,International Variety Store 1,Convenience Store,554,Olive Ave, ,Wahiawa,HI,96786,1813,HONOLULU,21.49476,-158.0287,2010-06-18,2011-09-28
268208,IOLANI MINI MART  ,Convenience Store,2499,KAPIOLANI BLVD, ,HONOLULU,HI,96826, ,HONOLULU,21.2875,-157.8237,2002-03-19,2009-01-29
877484,Iolani Mini Mart  ,Convenience Store,2499,Kapiolani Blvd,Ste 101,Honolulu,HI,96826,5310,HONOLULU,21.2875,-157.8237,2009-01-30,2012-11-13
1083195,Iolani Mini Mart  ,Convenience Store,2499,Kapiolani Blvd,Ste 101,Honolulu,HI,96826,5310,HONOLULU,21.2875,-157.8237,2012-12-17,2014-10-26
1574306,Iolani Mini Mart  ,Convenience Store,2499,Kapiolani Blvd,Ste 101,Honolulu,HI,96826,5310,HONOLULU,21.28679,-157.8236,2023-12-27,2024-12-15
244944,ISHIMOTO FISH  ,Seafood Specialty,145,N King St,Spc 21,Honolulu,HI,96817,5309,HONOLULU,21.3127,-157.8642,1984-02-01,2013-10-21
752573,ISHIMOTO FISH MARKET  ,Farmers' Market,145,N KING ST,Peoples Open Market,HONOLULU,HI,96817, ,HONOLULU,21.3127,-157.8642,2005-05-13,2010-04-19
909373,Island Colony Aloha Mart  ,Convenience Store,445,Seaside Ave,Ste 601,Honolulu,HI,96815,2676,HONOLULU,21.28125,-157.826,2009-09-04,2014-06-16
1159411,Island Colony Aloha Mart  ,Convenience Store,445,Seaside Ave,Ste 601,Honolulu,HI,96815,2676,HONOLULU,21.28124,-157.826,2014-09-02,
546533,"ISLAND COLONY MINI MART, INC.  ",Convenience Store,445,Seaside Ave Ste 601, ,Honolulu,HI,96815,2676,HONOLULU,21.28125,-157.826,1999-01-25,2008-05-04
1133597,Island Country Markets 87,Convenience Store,92-1048,Olani St,Suite 4-101,Kapolei,HI,96707, ,HONOLULU,21.34226,-158.1233,2014-02-28,
1396235,Island Country Markets 95,Convenience Store,383,Kalaimoku St, ,Honolulu,HI,96815,2298,HONOLULU,21.28249,-157.8302,2020-02-12,
1588757,Island Country Markets 205,Supermarket,1860,Ala Moana Blvd,Unit 4,Honolulu,HI,96815,1632,HONOLULU,21.28531,-157.836,2024-03-04,
1223562,Island Express Mini Mart  ,Convenience Store,94-380,Pupupani St, ,Waipahu,HI,96797,2639,HONOLULU,21.38182,-158.0157,2015-12-01,2018-11-20
786779,Island Fresh Produce 1,Convenience Store,3441,Waialae Ave,,Honolulu,HI,96816,2687,HONOLULU,21.28408,-157.8022,2006-08-26,2021-02-19
1529315,Island Green Mart  ,Large Grocery Store,985,Dillingham Blvd,Ste 100,Honolulu,HI,96817,5772,HONOLULU,21.32001,-157.8717,2023-01-24,
1096024,"Island Green Produce, Inc.  ",Combination Grocery/Other,1199,Dillingham Blvd,Ste 1,Honolulu,HI,96817, ,HONOLULU,21.32239,-157.8737,2013-07-30,
380948,ISLAND MINI MART 1085,Convenience Store,3625,HARDING AVE, ,HONOLULU,HI,96816, ,HONOLULU,21.28069,-157.799,2003-04-09,2007-08-06
1323297,Island Time Llc  ,Convenience Store,803,Kamehameha Hwy,Ste 215,Pearl City,HI,96782,2638,HONOLULU,21.39281,-157.9676,2018-06-22,2023-04-20
1139565,Island Wave Seafood  ,Medium Grocery Store,94-366,Pupupani St,Ste 117,Waipahu,HI,96797,2644,HONOLULU,21.38124,-158.0171,2014-05-30,2016-01-31
1299518,Island Yums Market  ,Convenience Store,1155,N King St, ,Honolulu,HI,96817,3311,HONOLULU,21.32615,-157.8697,2017-12-14,2019-09-23
742013,J & B SEAFOOD  ,Meat/Poultry Specialty,1039,Kekaulike St Ste 111, ,Honolulu,HI,96817,5365,HONOLULU,21.31262,-157.8639,2005-03-28,2006-01-18
254106,J & J MARKET AND KITCHENETTE  ,Small Grocery Store,2406,Kalihi St, ,Honolulu,HI,96819,3761,HONOLULU,21.34559,-157.8623,1995-11-16,2005-07-04
814470,J & L Mini Store  ,Convenience Store,1195,River St, ,Honolulu,HI,96817,5049,HONOLULU,21.31409,-157.8619,2007-04-03,2007-11-16
281034,J S MARKET  ,Convenience Store,68-A,N HOTEL ST, ,HONOLULU,HI,96817, ,HONOLULU,21.312,-157.8625,2004-01-02,2005-11-02
772037,J S MARKET  ,Combination Grocery/Other,68-A,N HOTEL ST, ,HONOLULU,HI,96817, ,HONOLULU,21.312,-157.8625,2005-11-16,2007-11-04
253287,J'S VARIETY STORE  ,Convenience Store,1090,KEOLU DR, ,KAILUA,HI,96734, ,HONOLULU,21.37666,-157.7288,2004-07-20,2005-10-10
374584,JAKSM FRESH SEAFOODS & PRODUCE  ,Seafood Specialty,1039,Kekaulike St Ste 105, ,Honolulu,HI,96817,5365,HONOLULU,21.31262,-157.8639,1998-06-10,2008-04-07
855922,Jaksm Fresh Seafoods and Produce  ,Seafood Specialty,145,N King St Spc 8, ,Honolulu,HI,96817,5309,HONOLULU,21.3127,-157.8642,2008-07-10,2013-05-19
844127,JB Mart  ,Convenience Store,581,Dillingham Blvd, ,Honolulu,HI,96817,4602,HONOLULU,21.31837,-157.8661,2008-02-08,2011-01-23
290836,JIMMY'S PRODUCE & FILIPINO STORE  ,Small Grocery Store,131,N Hotel St, ,Honolulu,HI,96817,5003,HONOLULU,21.31259,-157.8633,1996-11-08,2015-05-08
290836,JIMMY'S PRODUCE & FILIPINO STORE  ,Small Grocery Store,131,N Hotel St, ,Honolulu,HI,96817,5003,HONOLULU,21.31259,-157.8633,2015-06-02,
801171,JIMMY'S PRODUCE & SEAFOOD MARKET  ,Medium Grocery Store,94-1047,Waipahu St, ,Waipahu,HI,96797,3625,HONOLULU,21.38958,-158.0046,2006-10-24,2017-01-26
1275249,Jimmy's Produce & Seafood Market  ,Combination Grocery/Other,94-1047,Waipahu St, ,Waipahu,HI,96797,3625,HONOLULU,21.38967,-158.0046,2017-04-03,2022-07-18
1275249,Jimmy's Produce & Seafood Market  ,Combination Grocery/Other,94-1047,Waipahu St, ,Waipahu,HI,96797,3625,HONOLULU,21.38967,-158.0046,2022-08-04,
310801,Jimmy's Produce And Filipino Store - Kalihi Store  ,Large Grocery Store,1874,N King St,,Honolulu,HI,96819,3430,HONOLULU,21.33189,-157.8771,1995-06-29,2021-04-16
310801,Jimmy's Produce And Filipino Store - Kalihi Store  ,Large Grocery Store,1874,N King St,,Honolulu,HI,96819,3430,HONOLULU,21.33189,-157.8771,2021-06-15,
1605729,Jins Market  ,Medium Grocery Store,2161B,N School St,,Honolulu,HI,96819,2565,HONOLULU,21.33958,-157.8736,2024-07-25,
979591,Jins Market Inc  ,Medium Grocery Store,2161B,N School St, ,Honolulu,HI,96819,2565,HONOLULU,21.33963,-157.8735,2010-12-15,2024-07-11
233810,JJ SEAFOODS  ,Meat/Poultry Specialty,45-726,Kamehameha Hwy, ,Kaneohe,HI,96744,2947,HONOLULU,21.40758,-157.7995,1994-02-07,2005-08-10
1278349,Joe Kim's Kim Chee  ,Fruits/Veg Specialty,1694,Kalakaua Ave,Ste 100,Honolulu,HI,96826,2454,HONOLULU,21.29236,-157.8365,2017-04-04,2021-12-20
776823,JOEUN FOODS  ,Bakery Specialty,1670,MAKALOA ST, ,HONOLULU,HI,96814, ,HONOLULU,21.29276,-157.8374,2006-06-19,2013-03-04
858161,Joy Market  ,Medium Grocery Store,517,N Vineyard Blvd, ,Honolulu,HI,96817,3834,HONOLULU,21.3201,-157.8624,2008-07-01,2014-04-06
1535410,Jungbusijang Hawaii  ,Combination Grocery/Other,1655,Kalakaua Ave,,Honolulu,HI,96826,2412,HONOLULU,21.29318,-157.8369,2023-02-16,2024-11-18
951138,Jungle Juice Market LLC  ,Convenience Store,95-020,Waihau St, ,Mililani,HI,96789,3327,HONOLULU,21.46082,-158.0213,2010-06-09,2015-03-02
1215960,Jungle Juice Market Llc  ,Convenience Store,95-020,Waihau St,,Mililani,HI,96789,3332,HONOLULU,21.46079,-158.0216,2015-11-04,2021-04-29
1215960,Jungle Juice Market Llc  ,Convenience Store,95-020,Waihau St,,Mililani,HI,96789,3332,HONOLULU,21.46079,-158.0216,2021-12-15,2024-02-08
1215960,Jungle Juice Market Llc  ,Convenience Store,95-020,Waihau St,,Mililani,HI,96789,3332,HONOLULU,21.46079,-158.0216,2024-02-14,2024-04-14
874171,"Jungle Juice Market, LLC  ",Convenience Store,95-020,Waihau St, ,Mililani,HI,96789,3327,HONOLULU,21.46082,-158.0213,2009-01-02,2009-08-02
957347,K & G Grocery  ,Convenience Store,1408,Middle St, ,Honolulu,HI,96819,2501,HONOLULU,21.34131,-157.8796,2010-06-25,2013-11-03
374940,K & K CORNER MARKET  ,Small Grocery Store,1240,Keeaumoku St, ,Honolulu,HI,96814,1506,HONOLULU,21.30097,-157.8392,1987-01-07,2006-01-31
779580,K & K CORNER MART  ,Convenience Store,1240,Keeaumoku St, ,Honolulu,HI,96814,1506,HONOLULU,21.30097,-157.8392,2006-02-14,2011-04-04
552789,K & K MEAT MARKET  ,Meat/Poultry Specialty,145,N King St Spc 2, ,Honolulu,HI,96817,5309,HONOLULU,21.3127,-157.8642,2003-01-10,2006-09-18
1109060,K & L Produce  ,Combination Grocery/Other,94-340,Waipahu Depot St,Ste 109,Waipahu,HI,96797,3069,HONOLULU,21.38525,-158.0073,2013-08-16,2018-05-17
1325149,K & L Produce Llc 109,Fruits/Veg Specialty,94-340,Waipahu Depot St,Ste 109,Waipahu,HI,96797,3069,HONOLULU,21.38509,-158.0072,2018-08-28,
427210,K C MARKET  ,Small Grocery Store,2317,Kalihi St, ,Honolulu,HI,96819,3758,HONOLULU,21.3451,-157.8631,1983-09-29,
469255,K S MARKET LLC  ,Medium Grocery Store,1330,Middle St Ste 1, ,Honolulu,HI,96819,5618,HONOLULU,0.0,0.0,1997-03-11,2005-02-10
1249091,K. Phat Oriental Market  ,Medium Grocery Store,2406,Kalihi St,,Honolulu,HI,96819,3761,HONOLULU,21.34562,-157.8623,2016-08-01,2023-07-11
1556917,K. Phat Oriental Market  ,Convenience Store,2406A,Kalihi St,,Honolulu,HI,96819,3761,HONOLULU,21.34564,-157.8622,2023-09-01,2023-11-20
1249091,K. Phat Oriental Market  ,Medium Grocery Store,2406,Kalihi St,,Honolulu,HI,96819,3761,HONOLULU,21.34562,-157.8623,2023-10-25,
1072673,Ka Lei Eggs at Chinatown Market Place  ,Combination Grocery/Other,1199,Dillingham Blvd, ,Honolulu,HI,96817, ,HONOLULU,21.32239,-157.8737,2012-10-05,2015-05-05
804801,KA LEI MARKETPLACE  ,Combination Grocery/Other,3585,Waialae Ave, ,Honolulu,HI,96816,2701,HONOLULU,21.28284,-157.7993,2006-10-31,2015-08-24
1130331,"Kabayan Mini Store & Grocery, LLC.  ",Convenience Store,2047,N. King St, ,Honolulu,HI,96819,4524,HONOLULU,21.33286,-157.8788,2014-03-26,2024-01-03
1642100,Kahala Texaco 91507,Convenience Store,4117,Waialae Ave, ,Honolulu,HI,96816,4662,HONOLULU,21.27846,-157.7886,2025-03-12,
650573,KAHUKU SHRIMP CO INC  ,Seafood Specialty,56-1069,KAM HWY, ,KAHUKU,HI,96731, ,HONOLULU,21.67696,-157.9528,1997-07-08,2010-03-18
401682,KAHUKU SUPERETTE  ,Large Grocery Store,56-505,Kamehameha Hwy, ,Kahuku,HI,96731,2202,HONOLULU,21.67765,-157.9482,1992-05-19,
550619,KAI KEE MEAT MARKET  ,Meat/Poultry Specialty,145,N King St Spc 13, ,Honolulu,HI,96817,5309,HONOLULU,21.3127,-157.8642,2000-06-02,2006-06-30
1127204,Kailua DP 16,Farmers' Market,21,S Kainalu Dr, ,Kailua,HI,96734,2723,HONOLULU,21.39583,-157.7376,2013-12-05,2019-09-20
544836,KAILUA FIRST STOP CONVENIENCE STO  ,Convenience Store,130,Kailua Rd,Ste 113,Kailua,HI,96734,3420,HONOLULU,21.39664,-157.7309,1989-12-21,2010-09-29
798036,KAILUA SHELL  ,Convenience Store,434,Kuulei Rd, ,Kailua,HI,96734,2705,HONOLULU,21.39473,-157.7432,2006-08-25,2011-01-26
1495042,Kailua Texaco 93508,Convenience Store,710,Kailua Rd,,Kailua,HI,96734,2818,HONOLULU,21.39463,-157.7439,2022-04-15,
623966,KAIMANA PANTRY  ,Convenience Store,3045,Monsarrat Ave Ste 9, ,Honolulu,HI,96815,4400,HONOLULU,21.26901,-157.8136,2002-12-17,2015-03-30
1153885,Kaimana Pantry  ,Convenience Store,3045,Monsarrat Ave,Ste 9,Honolulu,HI,96815,4400,HONOLULU,21.26901,-157.8136,2014-06-17,2017-07-02
1075208,Kainehe Liquor  ,Convenience Store,16,Kainehe St, ,Kailua,HI,96734, ,HONOLULU,21.39357,-157.7452,2012-10-05,2021-10-27
1480965,Kainehe Liquors  ,Convenience Store,16,Kainehe St,,Kailua,HI,96734,6129,HONOLULU,21.39378,-157.7451,2021-12-02,
1248847,Kakaako Mart  ,Convenience Store,665,Halekauwila Street,Unit C-106,Honolulu,HI,96813, ,HONOLULU,21.30038,-157.8585,2016-06-08,2017-07-23
1292819,Kakaako Mart  ,Convenience Store,665,Halekauwila Street,# C-106,Honolulu,HI,96813, ,HONOLULU,21.30038,-157.8585,2017-08-01,
235242,KALIHI CHEVRON  ,Convenience Store,1715,N King St, ,Honolulu,HI,96819,3449,HONOLULU,21.33105,-157.8758,1993-06-25,2019-04-10
235242,KALIHI CHEVRON  ,Convenience Store,1715,N King St, ,Honolulu,HI,96819,3449,HONOLULU,21.33105,-157.8758,2019-04-22,2019-08-10
1614034,Kalihi Foodmart 93183,Convenience Store,1715,N King St, ,Honolulu,HI,96819,3449,HONOLULU,21.33091,-157.876,2024-08-23,
741441,KALIHI GROCERY OUTLET  ,Supermarket,1199,DILLINGHAM BLVD, ,HONOLULU,HI,96817, ,HONOLULU,21.32239,-157.8737,2005-01-19,2007-03-26
806897,Kalihi Market  ,Medium Grocery Store,2161,N School St, ,Honolulu,HI,96819,2565,HONOLULU,21.3397,-157.8735,2006-12-13,2009-08-18
912492,Kalihi Market  ,Large Grocery Store,2161,N School St, ,Honolulu,HI,96819,2565,HONOLULU,21.3397,-157.8735,2009-08-26,2011-06-07
403323,KALIHI QUEEN'S SUPERMARKET  ,Super Store,1010,Kaili St, ,Honolulu,HI,96819,3427,HONOLULU,21.33204,-157.8772,2000-06-14,2014-08-19
1614032,Kalihi Stream 95592,Convenience Store,2160,N King St, ,Honolulu,HI,96819,4534,HONOLULU,21.33438,-157.8797,2024-08-23,
466108,Kalihi Stream Chevron  ,Convenience Store,2160,N King St, ,Honolulu,HI,96819,4534,HONOLULU,21.33413,-157.8798,2004-04-08,2024-09-02
472485,KALIHI SUPER MEATS  ,Medium Grocery Store,1010,Gulick Ave, ,Honolulu,HI,96819,4511,HONOLULU,21.3337,-157.8787,1972-03-06,2019-04-11
1398801,Kalihi Super Meats  ,Convenience Store,2130,N King St,Ste 11,Honolulu,HI,96819,4595,HONOLULU,21.33418,-157.8791,2020-04-27,2025-09-29
1127214,Kalihi Valley DP 23,Farmers' Market,1911,Kamehameha IV Rd, ,Honolulu,HI,96819,2630,HONOLULU,21.34479,-157.8703,2013-12-05,2019-09-20
1471630,Kam Convenience Inc  ,Small Grocery Store,1437,Kamehameha IV Rd,,Honolulu,HI,96819,2545,HONOLULU,21.34026,-157.8773,2022-01-06,
709950,"KAM HEONG MARKET, LTD  ",Convenience Store,1913,Lanakila Ave, ,Honolulu,HI,96817,2120,HONOLULU,21.32855,-157.8589,1987-08-06,2016-08-07
1060560,Kam Iv Store  ,Combination Grocery/Other,1437,Kamehameha Iv Rd, ,Honolulu,HI,96819,2545,HONOLULU,21.34034,-157.8776,2012-07-18,2017-09-14
830923,Kam's Meat Market Llc  ,Convenience Store,145,N King St,Ste 2,Honolulu,HI,96817,5309,HONOLULU,21.31261,-157.8643,2007-09-25,2024-02-27
232617,KAMAMALU MARKET  ,Convenience Store,1678,Lusitana St, ,Honolulu,HI,96813,1624,HONOLULU,21.31486,-157.8522,2000-04-21,2007-04-11
1127209,Kamehameha 21,Farmers' Market,1400,Kalihi St, ,Honolulu,HI,96819, ,HONOLULU,21.33424,-157.8716,2013-12-05,2019-09-20
254335,KAMEHAMEHA BAKERY INC  ,Bakery Specialty,1284,Kalani St,D-106,Honolulu,HI,96817, ,HONOLULU,21.32182,-157.8768,1985-06-19,2019-12-26
403037,KAMMIE'S MARKET  ,Convenience Store,59-176,KAMEHAMEHA HIGHWAY, ,HALEIWA,HI,96712, ,HONOLULU,21.67133,-158.043,1972-07-21,2006-02-15
1384877,Kamokila Texaco 38019,Convenience Store,484,Kamokila Blvd, ,Kapolei,HI,96707,2029,HONOLULU,21.33029,-158.0858,2019-11-25,
389673,KANEOHE BAKERY  ,Convenience Store,45-1026,Kamehameha Hwy, ,Kaneohe,HI,96744,3206,HONOLULU,21.4157,-157.801,1974-08-06,2019-08-29
309063,Kaneohe Bay Commissary 1331,Military Commissary, ,BLDG 6088,Mokapu Rd,MCBH Kaneohe,HI,96863,3080,HONOLULU,21.44849,-157.768,1971-12-09,
1127205,Kaneohe DP 17,Farmers' Market,45-660,Keaahala Rd, ,Kaneohe,HI,96744,3560,HONOLULU,21.40934,-157.8103,2013-12-05,2019-09-20
454560,KANEOHE MARKET  ,Convenience Store,45-1055,Kamehameha Hwy, ,Kaneohe,HI,96744,3223,HONOLULU,21.41651,-157.801,1993-05-10,
693064,KANEOHE SHELL FOODMART  ,Convenience Store,45-1039,Kamehameha Hwy, ,Kaneohe,HI,96744,3223,HONOLULU,21.41606,-157.8011,1990-01-11,2020-02-05
1396064,Kaneohe Shell Foodmart  ,Convenience Store,45-1039,Kamehameha Hwy,,Kaneohe,HI,96744,3223,HONOLULU,21.41615,-157.8011,2020-02-11,2022-04-05
1493179,Kaneohe Shell Foodmart  ,Convenience Store,45-1039,Kamehameha Hwy,,Kaneohe,HI,96744,3223,HONOLULU,21.41622,-157.8009,2022-05-04,2024-03-12
1478107,Kanjico Llc  ,Medium Grocery Store,100,N Beretania St,Ste 129-34,Honolulu,HI,96817,4724,HONOLULU,21.31433,-157.8609,2021-11-17,2023-09-18
1478107,Kanjico Llc  ,Medium Grocery Store,100,N Beretania St,Ste 129-34,Honolulu,HI,96817,4724,HONOLULU,21.31433,-157.8609,2023-10-19,
1011334,Kapahulu Market  ,Convenience Store,938,Kapahulu Ave,Apt E,Honolulu,HI,96816,1479,HONOLULU,21.28504,-157.8136,2011-07-15,2016-07-31
825551,Kapahulu Stop & Shop  ,Convenience Store,465,Kapahulu Ave,Ste 107,Honolulu,HI,96815,3852,HONOLULU,21.27542,-157.8154,2007-07-24,2015-02-26
1196205,Kapahulu Stop & Shop 1,Convenience Store,465,Kapahulu Ave,Ste 107,Honolulu,HI,96815,3852,HONOLULU,21.27554,-157.8153,2015-05-16,2019-12-26
1395404,Kapahulu Stop & Shop  ,Convenience Store,465,Kapahulu Ave,Ste 107,Honolulu,HI,96815,3852,HONOLULU,21.27551,-157.8153,2020-03-20,2020-09-07
928340,Kapahulu Store  ,Convenience Store,938,Kapahulu Ave,Apt E,Honolulu,HI,96816,1479,HONOLULU,21.28504,-157.8136,2010-01-05,2011-06-30
860742,Kapalama School St Chevron  ,Combination Grocery/Other,1402,N School St, ,Honolulu,HI,96817,1914,HONOLULU,21.33235,-157.8665,2008-08-11,2013-08-14
1642091,Kapalama Texaco 93207,Convenience Store,1402,N School St, ,Honolulu,HI,96817,1914,HONOLULU,21.33251,-157.8663,2025-03-12,
602643,KAPIOLANI MARKET  ,Convenience Store,1901,Kapiolani Blvd # 120, ,Honolulu,HI,96826,3918,HONOLULU,21.28951,-157.8325,1992-12-07,2006-06-05
1127200,Kapiolani Park 14,Farmers' Market, ,Monsarrat & Paki, ,Honolulu,HI,96815, ,HONOLULU,21.2691,-157.8159,2013-12-05,2019-09-20
1127176,Kapolei CP 1,Farmers' Market,91-1049,Kamaaha Loop, ,Kapolei,HI,96707, ,HONOLULU,21.33386,-158.067,2013-12-05,2019-09-20
1495049,Kapolei Texaco 20972,Convenience Store,91-565,Farrington Hwy,,Kapolei,HI,96707,2001,HONOLULU,21.3379,-158.0779,2022-04-21,
687819,KAUHALE MINI MART  ,Convenience Store,860,Halekauwila St,Ste 101,Honolulu,HI,96813,5341,HONOLULU,21.29797,-157.8565,1996-03-11,2017-08-30
1298178,Kauhale Mini Mart  ,Convenience Store,860,Halekauwila St,Ste 101,Honolulu,HI,96813,5341,HONOLULU,21.29759,-157.8562,2017-09-24,
1127212,Kaumualii St 22,Farmers' Market,700,Kalihi St, ,Honolulu,HI,96819,4064,HONOLULU,21.328,-157.8786,2013-12-05,2024-12-17
1068627,Kawabanga Mart  ,Combination Grocery/Other,87-1942,Farrington Hwy, ,Waianae,HI,96792,3747,HONOLULU,21.38892,-158.1535,2012-08-17,2014-06-16
428244,Kay's Fish Market  ,Combination Grocery/Other,2326,E KALIHI ST, ,HONOLULU,HI,96819, ,HONOLULU,21.34535,-157.8628,1995-09-26,
602092,KAYA'S STORE  ,Convenience Store,53-534,Kamehameha Hwy, ,Hauula,HI,96717,9648,HONOLULU,21.58815,-157.889,1998-02-28,2018-09-21
758711,KC Oriental Foodmart  ,Small Grocery Store,2047,N King St, ,Honolulu,HI,96819,3459,HONOLULU,21.33285,-157.8789,2005-07-19,2010-10-11
758711,KC Oriental Foodmart  ,Small Grocery Store,2047,N King St, ,Honolulu,HI,96819,3459,HONOLULU,21.33285,-157.8789,2010-12-10,2014-02-17
968902,Keeaumoku Plaza Supermarket  ,Super Store,835,Keeaumoku St,Ste I-102,Honolulu,HI,96814,2300,HONOLULU,21.29705,-157.8408,2010-09-08,2015-07-19
555277,KEEAUMOKU PRODUCE  ,Meat/Poultry Specialty,905A,Keeaumoku St, ,Honolulu,HI,96814,2315,HONOLULU,21.29746,-157.8406,2003-11-17,2009-07-08
906333,Keeaumoku Produce  ,Convenience Store,905,Keeaumoku St,Ste B,Honolulu,HI,96814,2300,HONOLULU,21.29724,-157.8407,2009-07-16,2021-08-03
906333,Keeaumoku Produce  ,Convenience Store,905,Keeaumoku St,Ste B,Honolulu,HI,96814,2300,HONOLULU,21.29724,-157.8407,2021-08-23,2022-06-16
1003533,"Keeaumoku Seafood Honolulu, Inc.  ",Combination Grocery/Other,1223,Keeaumoku St, ,Honolulu,HI,96814,1308,HONOLULU,21.30089,-157.839,2011-11-02,
951090,"KEEAUMOKU SEAFOOD OF HAWAII, INC.  ",Seafood Specialty,1223,Keeaumoku St, ,Honolulu,HI,96814,1308,HONOLULU,21.30042,-157.8394,2010-05-19,2011-09-29
1180072,Keeaumoku Supermarket  ,Super Store,1010,Kaili St, ,Honolulu,HI,96819,3427,HONOLULU,21.33202,-157.8772,2014-12-18,2015-04-02
1207007,Keeaumoku Supermarket  ,Super Store,835,Keeaumoku St,I-102,Honolulu,HI,96814, ,HONOLULU,21.29703,-157.8408,2015-07-06,2016-05-24
594048,KEG LIQUOR  ,Convenience Store,743,Waiakamilo Rd Ste A, ,Honolulu,HI,96817,4336,HONOLULU,21.32572,-157.8743,2003-04-28,2006-01-04
769712,KELIKA'S FISH MARKET LLC  ,Seafood Specialty,928,Kekaulike St # 11-12, ,Honolulu,HI,96817,5005,HONOLULU,21.31222,-157.8647,2005-11-16,2007-04-02
1642806,Kelly's Korner  ,Medium Grocery Store,100,N Beretania St,Ste 105,Honolulu,HI,96817,4768,HONOLULU,21.31433,-157.8609,2025-07-09,
1338529,"Kelly's Korner, LLC  ",Medium Grocery Store,1290,Maunakea St,Ste C & D,Honolulu,HI,96817, ,HONOLULU,21.31427,-157.86,2019-02-04,2025-04-13
916356,Kelly's Mini Mart & Fast Food II  ,Medium Grocery Store,577A,California Ave, ,Wahiawa,HI,96786,1924,HONOLULU,21.49632,-158.0287,2009-10-29,2014-02-02
1087695,Kellys Korner LLC  ,Combination Grocery/Other,1180,Maunakea St, ,Honolulu,HI,96817,5134,HONOLULU,21.31317,-157.8615,2013-04-10,2018-03-13
529560,KEN'S BAKERY  ,Bakery Specialty,41-865,Kalanianaole Hwy, ,Waimanalo,HI,96795,1626,HONOLULU,21.33345,-157.698,2001-03-14,2006-07-09
793661,KEN'S BAKERY  ,Small Grocery Store,41-865,Kalanianaole Hwy, ,Waimanalo,HI,96795,1626,HONOLULU,21.33345,-157.698,2006-07-28,2010-12-27
369494,KEO'S SUNDRY STORE  ,Convenience Store,1829,PALOLO AV, ,HONOLULU,HI,96816, ,HONOLULU,0.0,0.0,1994-01-19,2005-03-08
767653,KEOLU MARKET  ,Convenience Store,1090,KEOLU DR, ,KAILUA,HI,96734, ,HONOLULU,21.37666,-157.7288,2005-10-26,2010-09-02
968691,Keolu Market  ,Convenience Store,1090,Keolu Dr, ,Kailua,HI,96734, ,HONOLULU,21.37666,-157.7288,2010-09-13,2012-08-28
1072376,Keolu Market  ,Convenience Store,1090,Keolu Drive, ,Kailua,HI,96734, ,HONOLULU,21.37666,-157.7288,2012-09-20,2020-11-30
1430287,Keolu Market  ,Convenience Store,1090,Keolu Dr,,Kailua,HI,96734,3871,HONOLULU,21.37668,-157.7303,2020-12-01,
1428250,Keolu Texaco 93186,Convenience Store,1070,Keolu Dr,,Kailua,HI,96734,3845,HONOLULU,21.377,-157.7289,2020-11-03,
1346905,Key Project Food Hub  ,Farmers' Market,47-200,Waihee Rd, ,Kaneohe,HI,96744,4947,HONOLULU,21.45807,-157.8433,2019-01-31,2023-11-24
724963,KILANI BAKERY  ,Bakery Specialty,704,KILANI AVE, ,WAHIAWA,HI,96786, ,HONOLULU,21.49873,-158.028,1972-01-11,2014-06-16
1156893,"Kilani Bakery, Inc.  ",Bakery Specialty,704,Kilani Ave, ,Wahiawa,HI,96786, ,HONOLULU,21.49873,-158.028,2014-08-20,2019-02-20
437125,KILANI MARKET  ,Convenience Store,935,KILANI AVE, ,WAHIAWA,HI,96786, ,HONOLULU,21.49947,-158.0258,2004-07-09,2014-04-17
1141016,Kilani Market  ,Convenience Store,935,Kilani Ave,,Wahiawa,HI,96786,2131,HONOLULU,21.49938,-158.0254,2014-04-18,2021-05-11
1141016,Kilani Market  ,Convenience Store,935,Kilani Ave,,Wahiawa,HI,96786,2131,HONOLULU,21.49938,-158.0254,2021-12-15,2023-10-31
1141016,Kilani Market  ,Convenience Store,935,Kilani Ave,,Wahiawa,HI,96786,2131,HONOLULU,21.49938,-158.0254,2024-01-17,
872959,Kim Phat  ,Small Grocery Store,2326,G Kalihi St, ,Honolulu,HI,96819, ,HONOLULU,21.34535,-157.8628,2008-12-08,2014-02-02
1136532,Kim Phat Market  ,Convenience Store,2326,Kalihi St,Ste G,Honolulu,HI,96819,3700,HONOLULU,21.34535,-157.8627,2014-06-26,2016-05-17
862416,Kims Produce Inc  ,Fruits/Veg Specialty,135,N King,Stall 1,Honolulu,HI,96817, ,HONOLULU,21.31226,-157.8639,2008-09-26,2018-11-23
569123,KINALAU MINI-MART  ,Convenience Store,775,Kinalau Pl,Apt 104,Honolulu,HI,96813,2618,HONOLULU,21.30575,-157.8499,1986-10-28,2013-11-05
1439323,Kinau Market  ,Convenience Store,729,Kinau St,,Honolulu,HI,96813,2585,HONOLULU,21.30539,-157.8515,2021-04-02,
673763,KINAU SUPERETTE  ,Convenience Store,729,KINAU STREET, ,HONOLULU,HI,96813, ,HONOLULU,21.30559,-157.8514,1996-08-22,2020-12-20
918620,King 7 Market  ,Convenience Store,1407,S King St, ,Honolulu,HI,96814,2506,HONOLULU,21.29839,-157.8401,2009-10-13,2010-04-05
947292,King 7 Market  ,Convenience Store,1407,S King St, ,Honolulu,HI,96814, ,HONOLULU,21.29839,-157.8401,2010-04-20,2011-01-13
607760,KING MART  ,Convenience Store,411,N King St, ,Honolulu,HI,96817,4704,HONOLULU,21.31682,-157.8643,2002-10-24,2005-06-07
1132464,King Polynesian Market  ,Small Grocery Store,1829,Palolo Ave, ,Honolulu,HI,96816, ,HONOLULU,21.29607,-157.7989,2014-03-18,2015-06-01
794596,KING STREET SHELL  ,Convenience Store,666,N King St, ,Honolulu,HI,96817,4508,HONOLULU,21.32007,-157.8659,2006-07-11,2011-01-13
1225500,King's Family Mart  ,Small Grocery Store,1829,Palolo Ave, ,Honolulu,HI,96816,2966,HONOLULU,21.29607,-157.7989,2016-02-22,2017-12-12
253595,KING'S MARKET & LIQUOR  ,Convenience Store,710,N King St, ,Honolulu,HI,96817,5769,HONOLULU,21.32032,-157.8661,2003-03-05,2007-11-12
974625,King's Mini Mart  ,Convenience Store,417,Nohonani Street,Ste B,Honolulu,HI,96815, ,HONOLULU,21.28002,-157.826,2010-11-03,2024-02-12
945236,King's Salad & Convenience  ,Convenience Store,2671,S King St,Ste C,Honolulu,HI,96826,3267,HONOLULU,21.29112,-157.8206,2010-03-26,2011-07-27
991299,Kings 7 Market  ,Convenience Store,1407,S King St, ,Honolulu,HI,96814,2506,HONOLULU,21.29839,-157.8401,2011-03-03,2019-04-11
1087314,Kings Market & Liquor  ,Medium Grocery Store,1101,N King St,Space A,Honolulu,HI,96817, ,HONOLULU,21.32523,-157.8691,2013-04-02,
739020,KINGS MARKET II  ,Convenience Store,70,KUKUI ST,UNIT C,WAHIAWA,HI,96786, ,HONOLULU,21.49708,-158.0309,2005-01-13,2005-05-30
755565,KINGS MARKET II  ,Convenience Store,70,KUKUI ST # C, ,WAHIAWA,HI,96786, ,HONOLULU,21.49708,-158.0309,2005-06-14,2006-11-13
749612,KK'S CAFE & STORE  ,Convenience Store,3006,UALENA ST, ,HONOLULU,HI,96819, ,HONOLULU,21.33362,-157.9081,2005-04-19,2005-09-08
1138245,Km Bakery  ,Combination Grocery/Other,835,Keeaumoku St.,"I-102, Ste B",Honolulu,HI,96814, ,HONOLULU,21.29703,-157.8408,2014-04-07,2017-03-19
344860,Kmart 7480,Super Store,500,N Nimitz Hwy, ,Honolulu,HI,96817,5030,HONOLULU,21.31437,-157.8685,1999-10-08,2016-05-17
392310,Kmart 7680,Super Store,4561,Salt Lake Blvd,A,Honolulu,HI,96818,3167,HONOLULU,21.36531,-157.9291,1999-10-14,2020-05-21
456023,Kmart 7478,Super Store,94-825,Lumiaina St, ,Waipahu,HI,96797,5025,HONOLULU,21.4003,-158.0065,1999-10-14,2020-05-21
494492,Kmart 9430,Super Store,500,Kamokila Blvd, ,Kapolei,HI,96707,2026,HONOLULU,21.3304,-158.0856,2000-10-20,2020-05-21
1351627,Ko ' Olauloa Health Center  ,Farmers' Market,53-270,Kamehameha Hwy, ,Hauula,HI,96717,9729,HONOLULU,21.57603,-157.8806,2019-05-07,2020-10-19
1000839,Ko'olau Snacks  ,Convenience Store,47-388,Hui Iwa St,Ste 20,Kaneohe,HI,96744,4416,HONOLULU,21.43788,-157.8272,2011-11-03,2017-08-13
1036433,Kokua Kalihi Valley Comprehensive Family Services  ,Farmers' Market,2239,N School St, ,Honolulu,HI,96819,2539,HONOLULU,21.3404,-157.8741,2012-04-04,2021-11-19
1117223,Kokua Kalihi Valley Comprehensive Family Services  ,Farmers' Market, ,N School St & Linapuni, ,Honolulu,HI,96819, ,HONOLULU,21.34001,-157.8737,2013-11-25,2024-11-29
597961,KOKUA MARKET  ,Food Buying Co-op,2643,S King St, ,Honolulu,HI,96826,3245,HONOLULU,21.29147,-157.8212,1971-02-17,2009-03-08
884249,Kokua Market  ,Large Grocery Store,2643,S King St, ,Honolulu,HI,96826,3245,HONOLULU,21.2913,-157.8209,2009-03-10,2019-07-10
884249,Kokua Market  ,Large Grocery Store,2643,S King St, ,Honolulu,HI,96826,3245,HONOLULU,21.2913,-157.8209,2019-07-17,2024-01-03
1314719,Koolau Snacks  ,Convenience Store,47-388,Hui Iwa St,Ste 20,Kaneohe,HI,96744,4416,HONOLULU,21.43788,-157.8272,2018-04-04,
1574689,Koolau Texaco 98242,Convenience Store,45-462,Kaneohe Bay Dr, ,Kaneohe,HI,96744,2033,HONOLULU,21.40277,-157.7979,2023-12-08,
817278,KPT Store  ,Convenience Store,1485,Linapuni St,Rm 112,Honolulu,HI,96819,3575,HONOLULU,21.33823,-157.8775,2007-05-09,2015-12-29
741627,KS MARKET  ,Medium Grocery Store,1330,MIDDLE ST, ,HONOLULU,HI,96819, ,HONOLULU,21.34105,-157.8799,2005-02-15,2006-10-12
741627,KS MARKET  ,Medium Grocery Store,1330,MIDDLE ST, ,HONOLULU,HI,96819, ,HONOLULU,21.34105,-157.8799,2007-10-29,2010-05-12
951825,KS Market  ,Medium Grocery Store,1330,Middle St, ,Honolulu,HI,96819, ,HONOLULU,21.34105,-157.8799,2010-06-02,2015-09-27
1301411,Ks Matai Market  ,Large Grocery Store,1330,Middle St, ,Honolulu,HI,96819,5618,HONOLULU,21.34107,-157.8799,2018-01-08,
1136533,Ku'AI Market 1404,Convenience Store,1777,Ala Moana Boulevard, ,Honolulu,HI,96815, ,HONOLULU,21.28479,-157.8382,2014-03-24,
1036822,Kuhio Pharmacy  ,Convenience Store,2330,Kuhio Ave, ,Honolulu,HI,96815, ,HONOLULU,21.27856,-157.8251,2011-12-21,2015-08-24
857341,Kui's Poke  ,Meat/Poultry Specialty,85-814,Farrington Hwy, ,Waianae,HI,96792,2402,HONOLULU,21.44682,-158.1887,2008-06-30,2009-03-25
708397,KUKUI MEAT MARKET  ,Meat/Poultry Specialty,100,NORTH BERETANIA ST, ,HONOLULU,HI,96817, ,HONOLULU,21.31411,-157.8618,1984-05-07,2007-08-30
830919,Kukui Meat Market  ,Meat/Poultry Specialty,428,Kalihi St,,Honolulu,HI,96819,3265,HONOLULU,21.3259,-157.8808,2007-09-20,2022-06-08
830919,Kukui Meat Market  ,Meat/Poultry Specialty,428,Kalihi St,,Honolulu,HI,96819,3265,HONOLULU,21.3259,-157.8808,2022-08-02,
1185635,Kunia Farmers Market  ,Farmers' Market,92-1770,Kunia Rd, ,Kunia,HI,96759,9997,HONOLULU,21.45681,-158.0594,2015-03-05,2019-09-20
402808,KWONG TONG CHONG CO  ,Combination Grocery/Other,925,Maunakea St Unit A, ,Honolulu,HI,96817,5166,HONOLULU,21.31136,-157.8643,1990-08-14,2020-12-02
539878,L LEE'S MARKET  ,Convenience Store,2326G,Kalihi St,Suite G,Honolulu,HI,96819,3760,HONOLULU,21.34527,-157.8629,1997-02-25,2008-11-13
1482589,La Asian Market Llc  ,Combination Grocery/Other,1036,Maunakea St,,Honolulu,HI,96817,5129,HONOLULU,21.31226,-157.8632,2022-01-24,2023-08-29
394229,LAIE CASH & CARRY  ,Small Grocery Store,55-662,WAHINEPEE, ,LAIE,HI,96762, ,HONOLULU,21.65112,-157.9282,1990-04-04,2005-11-17
772835,LAIE CASH & CARRY  ,Small Grocery Store,55-662,WAHINEPEE ST, ,LAIE,HI,96762, ,HONOLULU,21.65111,-157.9281,2005-11-29,2007-04-17
819699,Laie Cash & Carry  ,Convenience Store,55-662,Wahinepee St, ,Laie,HI,96762,1253,HONOLULU,21.65111,-157.9281,2007-05-01,2017-06-11
1338494,Laie Cash & Carry Inc  ,Small Grocery Store,55-662,Wahinepee St, ,Laie,HI,96762,2220,HONOLULU,21.65112,-157.9282,2018-10-16,2021-02-02
1338494,Laie Cash & Carry Inc  ,Small Grocery Store,55-662,Wahinepee St, ,Laie,HI,96762,2220,HONOLULU,21.65112,-157.9282,2021-09-09,
473323,LAIE CHEVRON SERVICE STATION  ,Convenience Store,55-396,Kamehameha Hwy, ,Laie,HI,96762,1113,HONOLULU,21.64099,-157.9191,1995-06-21,2013-08-03
1286179,Laie Hoa  ,Medium Grocery Store,55-662,Wahinepee St, ,Laie,HI,96762,1253,HONOLULU,21.65112,-157.9282,2017-06-27,2019-02-21
1390228,Lao Asian Market  ,Small Grocery Store,65B,N Pauahi St,,Honolulu,HI,96817,5137,HONOLULU,21.31234,-157.8619,2020-01-30,
1175204,"Lao Asian Market, LLC  ",Medium Grocery Store,65,N Pauahi St,Ste B,Honolulu,HI,96817,5176,HONOLULU,21.31236,-157.8619,2015-01-14,2020-01-02
772750,LAST STOP MINI MART  ,Small Grocery Store,1951,Pacific Heights Rd, ,Honolulu,HI,96813,1558,HONOLULU,21.31957,-157.8497,2005-12-27,2011-09-21
981223,Lay Farm Produce  ,Fruits/Veg Specialty,91-919,Fort Weaver Rd, ,Ewa Beach,HI,96706,2201,HONOLULU,21.31703,-158.0132,2010-12-01,2011-09-21
981223,Lay Farm Produce  ,Fruits/Veg Specialty,91-919,Fort Weaver Rd, ,Ewa Beach,HI,96706,2201,HONOLULU,21.31703,-158.0132,2012-03-22,2013-03-18
1072883,"LCS Filipino Store, LLC  ",Convenience Store,1825,Dillingham Blvd, ,Honolulu,HI,96819,4020,HONOLULU,21.32801,-157.8809,2012-11-01,2013-03-18
961229,LD Mini Market  ,Small Grocery Store,906,Puuhale Rd, ,Honolulu,HI,96819,3313,HONOLULU,21.33144,-157.8789,2010-11-22,2012-09-05
426644,LEAH LIQUOR  ,Small Grocery Store,1408,Middle St, ,Honolulu,HI,96819,2501,HONOLULU,21.34131,-157.8796,2004-06-25,2006-01-08
1157621,Lee's Bakery & Kitchen LLC  ,Convenience Store,125,N King St, ,Honolulu,HI,96817,5010,HONOLULU,21.31231,-157.8639,2014-09-23,2024-08-13
228178,LEE'S BAKERY AND KITCHEN  ,Bakery Specialty,125,N King St, ,Honolulu,HI,96817,5010,HONOLULU,21.31225,-157.8639,2001-08-13,2014-06-17
1425536,Lehua Mini Mart  ,Small Grocery Store,825,Lehua Ave,,Pearl City,HI,96782,3322,HONOLULU,21.38988,-157.9718,2020-10-15,2021-06-16
1231705,Lei's Produce LLC  ,Fruits/Veg Specialty,94333,Waipahu Depot Rd, ,Waipahu,HI,96797, ,HONOLULU,21.38491,-158.007,2016-02-10,2017-07-02
349326,LEONARD'S BAKERY LTD  ,Convenience Store,933,Kapahulu Ave, ,Honolulu,HI,96816,1434,HONOLULU,21.28487,-157.8135,1975-12-08,2020-09-16
903029,Letter Variety Store LLC  ,Combination Grocery/Other,94-340,Waipahu Depot St, ,Waipahu,HI,96797,3011,HONOLULU,21.38525,-158.0073,2009-07-08,
533450,Lien Market  ,Fruits/Veg Specialty,145,N King St,Spc 25,Honolulu,HI,96817,5309,HONOLULU,21.3127,-157.8642,2001-10-10,2013-01-09
536897,LIKELIKE MARKET  ,Convenience Store,1521,Palama St, ,Honolulu,HI,96817,3041,HONOLULU,21.32438,-157.8634,1985-12-05,2005-04-14
1106250,Likelike Market  ,Convenience Store,1521,Palama St, ,Honolulu,HI,96817,3041,HONOLULU,21.32438,-157.8634,2013-09-03,2017-06-21
1291724,Likelike Market  ,Convenience Store,1521,Palama St, ,Honolulu,HI,96817,3041,HONOLULU,21.3243,-157.8635,2017-09-08,2022-07-21
750755,LIKELIKE MARKET INC  ,Convenience Store,1521,Palama St, ,Honolulu,HI,96817,3041,HONOLULU,21.32438,-157.8634,2005-04-23,2013-03-05
777695,LILIHA MARUKIN MARKET  ,Medium Grocery Store,1717,Liliha St, ,Honolulu,HI,96817,3112,HONOLULU,21.32317,-157.858,2006-01-24,2012-02-15
313650,LILIHA SHELL  ,Convenience Store,666,N King St, ,Honolulu,HI,96817,4508,HONOLULU,21.32007,-157.8659,2004-05-25,2006-07-18
351163,LIN'S MARKET  ,Medium Grocery Store,1020,AUAHI ST, ,HONOLULU,HI,96814, ,HONOLULU,21.29524,-157.8559,1991-02-05,2009-05-18
661439,LITA'S MARINATED FISH & MEAT  ,Meat/Poultry Specialty,145,N King St,Ste 5,Honolulu,HI,96817,5309,HONOLULU,21.3127,-157.8642,1993-08-03,2019-08-19
661439,LITA'S MARINATED FISH & MEAT  ,Meat/Poultry Specialty,145,N King St,Ste 5,Honolulu,HI,96817,5309,HONOLULU,21.3127,-157.8642,2019-08-28,2022-05-19
1647160,Little Manila LLC  ,Small Grocery Store,91-3633,Kauluakoko St,,Ewa Beach,HI,96706,5868,HONOLULU,21.35891,-158.0452,2025-05-05,
1491058,Little Manila Market Llc Stall 3-5,Small Grocery Store,94-340,Waipahu Depot St,,Waipahu,HI,96797,3006,HONOLULU,21.38507,-158.0075,2022-04-14,
1583561,Little Manila Market Llc 2,Medium Grocery Store,91-3633,Kauluakoko St,,Ewa Beach,HI,96706,5864,HONOLULU,21.35914,-158.0476,2024-03-14,2025-04-15
1248868,"LNV Seafood, Inc.  ",Small Grocery Store,1717,N King St, ,Honolulu,HI,96819,3449,HONOLULU,21.33118,-157.8761,2016-06-22,2016-12-28
295289,LONGS  317,Combination Grocery/Other,590,Farrington Hwy,Unit 300,Kapolei,HI,96707,2002,HONOLULU,21.33847,-158.0784,2004-09-22,2009-08-10
241059,LONGS  259,Combination Grocery/Other,94-060,FARRINGTON HWY, ,WAIPAHU,HI,96797, ,HONOLULU,21.37776,-158.0238,2004-09-24,2009-08-10
605754,LONGS 381,Combination Grocery/Other,45-480,KANEOHE BAY DR, ,KANEOHE,HI,96744, ,HONOLULU,21.40274,-157.7993,2004-09-24,2009-08-10
335526,LONGS  0029,Combination Grocery/Other,850,KAMEHAMEHA HWY, ,PEARL CITY,HI,96782, ,HONOLULU,21.39359,-157.969,2004-09-24,2009-08-10
578287,LONGS 385,Combination Grocery/Other,86-120,FARRINGTON HWY, ,WAIANAE,HI,96792, ,HONOLULU,21.43535,-158.1847,2004-09-24,2009-08-10
378894,LONGS  202,Combination Grocery/Other,94-780A,MEHEULA PKWY, ,MILILANI,HI,96789, ,HONOLULU,21.48095,-157.9883,2004-09-24,2009-08-10
542601,LONGS 185,Combination Grocery/Other,377,Keahole St,Ste D11,Honolulu,HI,96825,3411,HONOLULU,21.28522,-157.7091,2004-09-24,2009-08-10
503424,LONGS  300,Combination Grocery/Other,925,California Ave, ,Wahiawa,HI,96786,2123,HONOLULU,21.49771,-158.0254,2004-09-24,2009-08-10
447068,LONGS  62,Combination Grocery/Other,46-047,KAMEHAMEHA HWY, ,KANEOHE,HI,96744, ,HONOLULU,21.42015,-157.8031,2004-09-24,2009-08-10
313489,LONGS 0057,Combination Grocery/Other,1620,NORTH SCHOOL ST, ,HONOLULU,HI,96817, ,HONOLULU,21.33568,-157.8691,2004-09-24,2009-08-10
319044,LONGS  382,Combination Grocery/Other,2220,S King St, ,Honolulu,HI,96826,2326,HONOLULU,21.29387,-157.8273,2004-09-24,2009-08-10
666304,LONGS  254,Combination Grocery/Other,95-1249D,MEHEULA PKWY, ,MILILANI,HI,96789, ,HONOLULU,21.44796,-158.016,2004-09-24,2009-08-10
445782,LONGS  0021,Combination Grocery/Other,1450,Ala Moana Blvd,Ste 2004,Honolulu,HI,96814,4671,HONOLULU,21.28931,-157.8422,2004-09-24,2009-08-10
328524,LONGS  116,Combination Grocery/Other,2750,Woodlawn Dr, ,Honolulu,HI,96822,1841,HONOLULU,21.30789,-157.8092,2004-09-24,2009-08-10
315915,LONGS  383,Combination Grocery/Other,848,Ala Lilikoi St, ,Honolulu,HI,96818,2144,HONOLULU,21.34476,-157.9131,2004-09-24,2009-08-10
625540,LONGS  0092,Combination Grocery/Other,98-1005,MOANALUA RD STE 4, ,AIEA,HI,96701, ,HONOLULU,21.38626,-157.9416,2004-09-24,2009-08-10
255597,LONGS 0023,Combination Grocery/Other,4211,Waialae Ave,Ste 1260,Honolulu,HI,96816,5336,HONOLULU,21.27846,-157.7866,2004-09-24,2009-08-10
440626,LONGS  0020,Combination Grocery/Other,1088,Bishop St,Ste 113,Honolulu,HI,96813,3109,HONOLULU,21.30921,-157.8605,2004-09-24,2009-08-10
242398,LONGS  0025,Combination Grocery/Other,1330,Pali Hwy, ,Honolulu,HI,96813,2230,HONOLULU,21.31277,-157.8568,2004-09-24,2009-08-10
249353,LONGS 453,Combination Grocery/Other,91-1401,FORT WEAVER RD,W side of shopping center,EWA BEACH,HI,96706, ,HONOLULU,21.33494,-158.0235,2004-09-24,2009-08-10
275771,LONGS 0104,Combination Grocery/Other,609,KAILUA RD, ,KAILUA,HI,96734, ,HONOLULU,21.394,-157.742,2004-09-24,2009-08-10
742001,LONGS 0164,Combination Grocery/Other,3221,Waialae Ave,Ste 317D,Honolulu,HI,96816,5895,HONOLULU,21.28703,-157.8076,2005-01-22,2009-08-10
891811,Longs Drugs 9182,Combination Grocery/Other,1088,Bishop St,Ste 113,Honolulu,HI,96813,3109,HONOLULU,21.30921,-157.8605,2009-04-09,2022-07-04
340365,LOO'S DRUG & MARKET INC  ,Convenience Store,1402,Lusitana St, ,Honolulu,HI,96813,2016,HONOLULU,21.30948,-157.853,1971-12-08,2005-06-16
991220,Lorna's Snack Shop  ,Convenience Store,601,Kamokila Blvd,Rm 1,Kapolei,HI,96707, ,HONOLULU,21.33186,-158.084,2011-05-05,2021-02-19
523079,LOVE'S OUTLET STORE (Downtown)  ,Bakery Specialty,66,S Hotel St, ,Honolulu,HI,96813,3106,HONOLULU,21.31034,-157.8614,1985-05-02,2019-09-23
576797,LOVE'S OUTLET STORE (Kaneohe)  ,Bakery Specialty,46-028,Kawa St, ,Kaneohe,HI,96744,3831,HONOLULU,21.41817,-157.8032,1982-01-06,2021-09-16
544758,LOVE'S OUTLET STORE (Middle St)  ,Combination Grocery/Other,911,Middle St, ,Honolulu,HI,96819,2317,HONOLULU,21.33705,-157.8848,1989-09-07,2021-12-20
544549,LOVE'S OUTLET STORE (Waipahu)  ,Bakery Specialty,94-226,Leoku St,Ste 1,Waipahu,HI,96797,1434,HONOLULU,21.37912,-158.0241,1982-09-24,2017-09-28
482084,LOVE'S THRIFT STORE (Waiau)  ,Bakery Specialty,450,Kamehameha Hwy, ,Pearl City,HI,96782,3216,HONOLULU,21.38881,-157.9578,2002-11-25,2012-10-28
476454,LOVES THRIFT STORE KAPAHULU  ,Bakery Specialty,870,Kapahulu Ave, ,Honolulu,HI,96816,1429,HONOLULU,21.28343,-157.8139,1982-01-06,2006-09-14
247681,LT MARKET  ,Meat/Poultry Specialty,135,N King St,Spc 5A,Honolulu,HI,96817,5084,HONOLULU,21.3123,-157.8639,2003-12-04,2014-05-06
227982,LUCKY 7 LIQUOR & GROCERY  ,Convenience Store,435,ATKINSON DR, ,HONOLULU,HI,96814,4729,HONOLULU,21.28989,-157.8391,1994-03-14,2009-09-08
916384,Lucky 7 Liquor & Grocery Store  ,Convenience Store,435,Atkinson Dr, ,Honolulu,HI,96814, ,HONOLULU,21.28989,-157.8391,2009-09-23,2018-01-02
1309909,Lucky 7 Liquor & Grocery Store  ,Convenience Store,435,Atkinson Dr, ,Honolulu,HI,96814,4734,HONOLULU,21.2899,-157.8391,2018-01-11,
993770,"Lucky Trading Hawaii, Inc.  ",Meat/Poultry Specialty,1120,Maunakea St,Ste 105,Honolulu,HI,96817,5173,HONOLULU,21.31253,-157.8624,2011-03-09,2013-05-19
699376,LUNG SANG SEAFOOD MARKET INC  ,Seafood Specialty,135,N KING ST,2B,HONOLULU,HI,96817, ,HONOLULU,21.3123,-157.8639,1990-05-29,2013-08-03
1517291,Luv Bobah And Variety Store  ,Small Grocery Store,703,Mokauea St,,Honolulu,HI,96819,4052,HONOLULU,21.32928,-157.88,2023-03-02,2024-01-29
1517291,Luv Bobah And Variety Store  ,Small Grocery Store,703,Mokauea St,,Honolulu,HI,96819,4052,HONOLULU,21.32928,-157.88,2024-03-12,2025-05-04
613452,M  S  TANABE SUPERETTE  ,Medium Grocery Store,934,Keeaumoku St, ,Honolulu,HI,96814,2314,HONOLULU,21.29802,-157.8405,1972-02-24,2008-08-24
747868,M & M TOMOS MARKET  ,Convenience Store,2012,HOUGHTAILING ST, ,HONOLULU,HI,96817, ,HONOLULU,21.33456,-157.8611,2005-04-26,2010-02-03
747868,M & M TOMOS MARKET  ,Convenience Store,2012,HOUGHTAILING ST, ,HONOLULU,HI,96817, ,HONOLULU,21.33456,-157.8611,2010-02-12,2011-06-16
1270688,"M T Asian Market, Llc  ",Combination Grocery/Other,145,N. King Street,Stall 6,Honolulu,HI,96817, ,HONOLULU,21.3127,-157.8642,2017-02-07,
1599193,M&r Fresh Produce Llc  ,Fruits/Veg Specialty,1199,Dillingham Blvd., ,Honolulu,HI,96817, ,HONOLULU,21.32217,-157.8739,2024-07-29,
749053,Mahalo Waipahu 1622,Convenience Store,94-767,Farrington Hwy, ,Waipahu,HI,96797,3144,HONOLULU,21.38377,-158.0051,2005-04-08,
1075207,Mahaloha Mart  ,Convenience Store,2111,S Beretania St,Ste 104,Honolulu,HI,96826,1417,HONOLULU,21.29586,-157.8276,2012-10-05,2014-01-28
1606711,Maharath Farm LLC ,Farmers' Market,67-152,Kuhi St,,Waialua,HI,96791,9634,HONOLULU,21.56723,-158.1242,2024-08-28,
816693,Mai  ,Combination Grocery/Other,1120,Maunakea St,Ste 187,Honolulu,HI,96817,5198,HONOLULU,21.31253,-157.8624,2007-04-25,2017-08-10
816693,Mai  ,Combination Grocery/Other,1120,Maunakea St,Ste 187,Honolulu,HI,96817,5198,HONOLULU,21.31253,-157.8624,2017-10-20,2018-12-06
549123,MAILE PINK MARKET  ,Convenience Store,87-368,Farrington Hwy, ,Waianae,HI,96792,3173,HONOLULU,21.41958,-158.1775,1990-09-21,2015-04-13
1196706,Maile Pink Market  ,Medium Grocery Store,87-368,Farrington Hwy, ,Waianae,HI,96792,3173,HONOLULU,21.41959,-158.1775,2015-06-02,2015-07-09
1204126,Maile Pink Market  ,Convenience Store,87-368,Farrington Hwy, ,Waianae,HI,96792,3173,HONOLULU,21.41959,-158.1775,2015-07-10,2020-04-13
1399194,Maile Pink Market  ,Small Grocery Store,87-368,Farrington Hwy,,Waianae,HI,96792,3173,HONOLULU,21.41964,-158.1772,2020-04-14,2025-06-29
1399194,Maile Pink Market  ,Small Grocery Store,87-368,Farrington Hwy,,Waianae,HI,96792,3173,HONOLULU,21.41964,-158.1772,2025-08-13,
378391,MAILI MOA  ,Meat/Poultry Specialty,87-308,Maliona St, ,Waianae,HI,96792, ,HONOLULU,21.42102,-158.1711,1998-06-24,
603289,MAILI PASTELES  ,Convenience Store,87-680,Farrington Hwy, ,Waianae,HI,96792,3210,HONOLULU,21.41124,-158.1767,1987-03-24,2014-05-06
1370675,Makaha Mini Mart  ,Small Grocery Store,84-1170,Farrington Hwy, ,Waianae,HI,96792,2060,HONOLULU,21.46044,-158.2071,2019-08-21,
918254,MAKAHA OHANA MARKET  ,Convenience Store,84-1170,FARRINGTON HWY, ,WAIANAE,HI,96792, ,HONOLULU,21.46061,-158.2075,2009-10-19,2019-07-17
1127180,Makiki DP 5,Farmers' Market,1527,Keeaumoku St, ,Honolulu,HI,96822,4305,HONOLULU,21.30365,-157.8373,2013-12-05,2019-09-20
864146,MAKIKI LIQUOR STORE  ,Convenience Store,1433,Kinau St, ,Honolulu,HI,96814,1312,HONOLULU,21.30076,-157.8383,2008-09-04,2010-03-03
989190,Makiki Liquor Store  ,Convenience Store,1433,Kinau St,,Honolulu,HI,96814,1312,HONOLULU,21.3007,-157.8383,2011-04-07,2024-05-21
353472,Malama Market - Haleiwa 801,Supermarket,66-190,Kamehameha Hwy, ,Haleiwa,HI,96712,1419,HONOLULU,21.58821,-158.1024,2003-10-09,
707156,Malama Market - Makakilo 1006,Super Store,92-585,Makakilo Dr, ,Kapolei,HI,96707,1225,HONOLULU,21.34771,-158.0815,1972-09-19,
687996,MALASIG 7 SISTERS MEAT MARKET  ,Meat/Poultry Specialty,1120,Maunakea St,Ste 154A,Honolulu,HI,96817,5184,HONOLULU,21.31253,-157.8624,2004-04-05,2016-03-20
623331,MALASIG 7 SISTERS SEAFOOD & VARIETY STORE  ,Combination Grocery/Other,1120,Maunakea St,# 136,Honolulu,HI,96817,5168,HONOLULU,21.31253,-157.8624,2003-09-18,2016-02-08
623331,MALASIG 7 SISTERS SEAFOOD & VARIETY STORE  ,Combination Grocery/Other,1120,Maunakea St,# 136,Honolulu,HI,96817,5168,HONOLULU,21.31253,-157.8624,2016-02-19,2016-02-19
623331,MALASIG 7 SISTERS SEAFOOD & VARIETY STORE  ,Combination Grocery/Other,1120,Maunakea St,# 136,Honolulu,HI,96817,5168,HONOLULU,21.31253,-157.8624,2016-02-23,
1159753,Malasig 7 Sisters Seafood Vegetables & Variety Sto  ,Combination Grocery/Other,1199,Dillingham Blvd,D3-d5,Honolulu,HI,96817,4440,HONOLULU,21.3222,-157.8738,2014-08-29,2016-02-08
1159753,Malasig 7 Sisters Seafood Vegetables & Variety Sto  ,Combination Grocery/Other,1199,Dillingham Blvd,D3-d5,Honolulu,HI,96817,4440,HONOLULU,21.3222,-157.8738,2016-02-19,2016-02-19
1159753,Malasig 7 Sisters Seafood Vegetables & Variety Sto  ,Combination Grocery/Other,1199,Dillingham Blvd,D3-d5,Honolulu,HI,96817,4440,HONOLULU,21.3222,-157.8738,2016-02-23,
279279,MALASIG MEAT MARKET  ,Meat/Poultry Specialty,1199,Dillingham Boulevard,Stall #E13 & E14,Honolulu,HI,96817,5309,HONOLULU,21.32239,-157.8737,2001-08-23,2016-02-08
279279,MALASIG MEAT MARKET  ,Meat/Poultry Specialty,1199,Dillingham Boulevard,Stall #E13 & E14,Honolulu,HI,96817,5309,HONOLULU,21.32239,-157.8737,2016-02-19,2016-02-19
279279,MALASIG MEAT MARKET  ,Meat/Poultry Specialty,1199,Dillingham Boulevard,Stall #E13 & E14,Honolulu,HI,96817,5309,HONOLULU,21.32239,-157.8737,2016-02-23,2016-02-23
279279,MALASIG MEAT MARKET  ,Meat/Poultry Specialty,1199,Dillingham Boulevard,Stall #E13 & E14,Honolulu,HI,96817,5309,HONOLULU,21.32239,-157.8737,2016-03-02,2018-09-03
820175,Mama Seafood Market Inc  ,Seafood Specialty,1120,Maunakea St,Ste 158,Honolulu,HI,96817,5169,HONOLULU,21.31253,-157.8624,2007-05-24,2013-07-24
820175,Mama Seafood Market Inc  ,Seafood Specialty,1120,Maunakea St,Ste 158,Honolulu,HI,96817,5169,HONOLULU,21.31253,-157.8624,2013-08-28,2019-09-23
765292,MAMA'S KIM CHEE  ,Convenience Store,1039,Kekaulike St Ste 104, ,Honolulu,HI,96817,5365,HONOLULU,21.31262,-157.8639,2005-09-29,2006-03-11
738130,MAMA'S KIMCHEE  ,Small Grocery Store,1039,Kekaulike St Ste 104, ,Honolulu,HI,96817,5365,HONOLULU,21.31262,-157.8639,2005-01-20,2005-08-31
984193,Mana Market LLC  ,Combination Grocery/Other,175,N Hotel St,Ste 6A,Honolulu,HI,96817,5354,HONOLULU,21.31331,-157.8635,2011-01-12,2013-09-24
1089401,Manna Liquor & Grocery  ,Convenience Store,834,Kilani Avenue, ,Wahiawa,HI,96786, ,HONOLULU,21.49915,-158.0269,2013-03-06,2018-07-11
1127179,Manoa DP 4,Farmers' Market, ,Manoa Rd, ,Honolulu,HI,96822, ,HONOLULU,21.31567,-157.8112,2013-12-05,2019-09-20
1486624,Mapunapuna Texaco 97303,Convenience Store,1055,Ahua St, ,Honolulu,HI,96819,4424,HONOLULU,21.34439,-157.8946,2022-02-23,
1258349,Marco Polo Mini Mart  ,Convenience Store,2333,Kapiolani Blvd,Ste C4,Honolulu,HI,96826,4486,HONOLULU,21.28793,-157.8281,2016-09-29,2020-11-19
1611015,Marco Polo Mini Mart  ,Convenience Store,2333,Kapiolani Blvd,Ste C-4,Honolulu,HI,96826,4486,HONOLULU,21.2876,-157.8285,2024-09-16,2025-07-09
1657641,Marco Polo Mini Mart  ,Convenience Store,2333,Kapiolani Blvd,Ste C4,Honolulu,HI,96826,4486,HONOLULU,21.28735,-157.8283,2025-08-12,
1075199,Marivic Fresh Seafoods & Meat  ,Meat/Poultry Specialty,1199,Dillingham Blvd,"Stall #D8,9,10",Honolulu,HI,96817, ,HONOLULU,21.32218,-157.8739,2012-11-19,
462783,MARLYN MEAT MARKET  ,Meat/Poultry Specialty,1120,Maunakea St,Ste 137,Honolulu,HI,96817,5168,HONOLULU,21.31253,-157.8624,2004-03-25,
1514849,"Marshallese Baked Goodies, Llc  ",Convenience Store,1425,Dillingham Blvd,,Honolulu,HI,96817,4866,HONOLULU,21.32388,-157.8766,2022-11-03,2023-09-25
1420993,Marshallese Island Dream  ,Combination Grocery/Other,94-366,Pupupani St,Suite 205,Waipahu,HI,96797,2650,HONOLULU,21.38161,-158.0169,2021-02-04,2023-02-27
614031,Marujyu Market  ,Supermarket,98-820,Moanalua Rd, ,Aiea,HI,96701, ,HONOLULU,21.39081,-157.9506,1995-03-30,2007-10-09
1300158,Marukai Hawaii Co. Ltd.  ,Super Store,2310,Kamehameha Hwy,,Honolulu,HI,96819,2378,HONOLULU,21.33244,-157.8861,2017-11-21,2023-01-30
1300158,Marukai Hawaii Co. Ltd.  ,Super Store,2310,Kamehameha Hwy,,Honolulu,HI,96819,2378,HONOLULU,21.33244,-157.8861,2023-02-23,
1152236,Marukai Market Place  ,Super Store,1020,Auahi St., ,Honolulu,HI,96814, ,HONOLULU,21.29524,-157.8559,2014-05-15,2017-10-04
668698,MARUKAI WHOLESALE MART  ,Super Store,2310,Kamehameha Hwy, ,Honolulu,HI,96819,2310,HONOLULU,21.33217,-157.8862,1989-02-07,2014-09-08
1152234,Marukai Wholesale Mart  ,Super Store,2310,Kamehameha Hwy, ,Honolulu,HI,96819,2378,HONOLULU,21.33216,-157.8862,2014-05-15,2018-09-03
389562,MARUKAI WHOLESALE MART II  ,Super Store,1020,AUAHI ST, ,HONOLULU,HI,96814, ,HONOLULU,21.29524,-157.8559,1998-10-01,2014-09-08
1045864,Marukin Market  ,Convenience Store,1717,Liliha St, ,Honolulu,HI,96817, ,HONOLULU,21.32317,-157.858,2012-03-13,
538360,MARY'S MINI MART  ,Small Grocery Store,550,Halekauwila St,Ste 101,Honolulu,HI,96813,5035,HONOLULU,21.30269,-157.8605,2000-07-27,2009-04-12
290139,MARY-VIC ENTERPRISES  ,Small Grocery Store,766,PUUHALE RD, ,HONOLULU,HI,96819, ,HONOLULU,21.33118,-157.8806,2002-03-20,2006-10-24
378069,MASA & JOYCE OKAZUYA  ,Seafood Specialty,45-582,Kamehameha Hwy, ,Kaneohe,HI,96744,1944,HONOLULU,0.0,0.0,1985-05-03,2005-03-31
730536,Masa's Market & Drive In  ,Medium Grocery Store,54-295,Kamehameha Hwy, ,Hauula,HI,96717, ,HONOLULU,21.61954,-157.9148,2004-11-03,
785633,MAUNAKEA FISH CO LLC  ,Seafood Specialty,1120,Maunakea St Ste 158, ,Honolulu,HI,96817,5169,HONOLULU,21.31253,-157.8624,2006-04-21,2006-07-30
469990,MAUNAKEA LIQUOR & GROCERY  ,Convenience Store,1161,MAUNAKEA ST, ,HONOLULU,HI,96817, ,HONOLULU,21.31292,-157.8617,1998-06-26,2016-08-01
1250236,Maunakea Liquor & Grocery  ,Convenience Store,1161,Maunakea St, ,Honolulu,HI,96817,5164,HONOLULU,21.31291,-157.8618,2016-08-02,
291550,MAZAL'S KOSHERLAND  ,Medium Grocery Store,555,N King St Ste 113, ,Honolulu,HI,96817,4649,HONOLULU,21.31868,-157.865,2004-04-07,2007-06-12
646909,MCCULLY KIM CHEE LIQUOR INC  ,Small Grocery Store,845,McCully St, ,Honolulu,HI,96826,2807,HONOLULU,21.29321,-157.8307,2004-07-30,2005-04-19
751386,MCCULLY PANTRY  ,Small Grocery Store,845,McCully St, ,Honolulu,HI,96826,2807,HONOLULU,21.29321,-157.8307,2005-05-04,2009-11-03
926011,McCully Pantry  ,Convenience Store,845,McCully St, ,Honolulu,HI,96826,2807,HONOLULU,21.29321,-157.8307,2009-12-15,2013-10-27
1120222,Mccully Pantry  ,Convenience Store,843,McCully St, ,Honolulu,HI,96826,2807,HONOLULU,21.2931,-157.8308,2013-11-05,
739830,MCCULLY SHELL  ,Convenience Store,1115,McCully St, ,Honolulu,HI,96826,2206,HONOLULU,21.29625,-157.8297,2005-01-13,2015-03-02
739830,MCCULLY SHELL  ,Convenience Store,1115,McCully St, ,Honolulu,HI,96826,2206,HONOLULU,21.29625,-157.8297,2015-05-04,2025-02-12
1630457,Mccully Shell  ,Convenience Store,1115,McCully St,,Honolulu,HI,96826,2206,HONOLULU,21.29628,-157.8294,2025-03-20,
941590,Meen Kine Poke  ,Seafood Specialty,85-814,Farrington Hwy, ,Waianae,HI,96792,2402,HONOLULU,21.44682,-158.1887,2010-04-16,2010-09-29
644213,MEL'S MARKET  ,Medium Grocery Store,41-1029,Kalanianaole Hwy, ,Waimanalo,HI,96795,1641,HONOLULU,21.3402,-157.7041,1993-04-23,2009-05-03
644213,MEL'S MARKET  ,Medium Grocery Store,41-1029,Kalanianaole Hwy, ,Waimanalo,HI,96795,1641,HONOLULU,21.3402,-157.7041,2009-05-05,2012-11-26
1614019,Melania Of Hawaii  ,Convenience Store,1634,Liliha St,,Honolulu,HI,96817,3151,HONOLULU,21.32236,-157.8594,2024-09-16,2025-05-05
565693,MERCADO DE LA RAZA LATIN AMERICAN  ,Small Grocery Store,1315,S Beretania St, ,Honolulu,HI,96814,1821,HONOLULU,21.30065,-157.8408,1995-08-21,2018-11-23
492909,MERLYN'S MARKET  ,Fruits/Veg Specialty,1039,Kekaulike St,Ste 120,Honolulu,HI,96817,5366,HONOLULU,21.31261,-157.8639,2004-02-10,2018-11-23
346416,MICHAEL'S MARKET  ,Medium Grocery Store,1120,Fort Street Mall, ,Honolulu,HI,96813,2707,HONOLULU,21.31023,-157.8608,2001-06-21,2006-11-29
1629006,Mickey Vegetable Market  ,Combination Grocery/Other,1120,Maunakea St,Ste 103,Honolulu,HI,96817,5173,HONOLULU,21.31287,-157.8628,2025-01-13,
1092124,Micronesia Mart  ,Medium Grocery Store,1745,Kalakaua Ave, ,Honolulu,HI,96826,3710,HONOLULU,21.29094,-157.8359,2013-05-02,
1280867,Micronesia Mart 2,Medium Grocery Store,1717,N King St, ,Honolulu,HI,96819,3449,HONOLULU,21.33117,-157.8761,2017-05-19,
1574692,Middle St 99070,Convenience Store,1305,Middle St, ,Honolulu,HI,96819,2483,HONOLULU,21.34042,-157.8801,2023-12-08,
723198,Middle Street Market  ,Small Grocery Store,1319,Middle St,,Honolulu,HI,96819,2484,HONOLULU,21.34047,-157.8798,1972-01-13,
544261,MIKE'S BAKE SHOP  ,Bakery Specialty,87-1650,Farrington Hwy, ,Waianae,HI,96792,3638,HONOLULU,21.39438,-158.1595,2000-11-07,2008-12-01
874837,MIKE'S BAKE SHOP  ,Bakery Specialty,87-1650,Farrington Hwy, ,Waianae,HI,96792,3638,HONOLULU,21.39438,-158.1595,2009-01-02,2018-11-23
1385942,Mike's Bake Shop  ,Bakery Specialty,87-1650,Farrington Hwy, ,Waianae,HI,96792,3638,HONOLULU,21.39484,-158.1593,2019-11-22,2024-11-18
495329,MIKILUA GROCERY STORE  ,Small Grocery Store,87-1117,Paakea Rd, ,Waianae,HI,96792,3438,HONOLULU,21.41416,-158.1531,1987-11-03,
291276,MIKILUA POULTRY FARM INC  ,Meat/Poultry Specialty,1612A,Kilohi St, ,Honolulu,HI,96819,2637,HONOLULU,21.3427,-157.8745,1971-12-23,2013-06-27
1127195,Mililani DP 11,Farmers' Market,94-1150,Lanikuhana Ave, ,Mililani,HI,96789,2300,HONOLULU,21.44253,-158.0177,2013-12-05,2019-09-20
1598699,Mililani Texaco 98823,Convenience Store,95-130,Kamehameha Hwy, ,Mililani,HI,96789,3324,HONOLULU,21.45833,-158.0169,2024-05-02,
762357,MIN HING MEAT & SEAFOOD MARKET LLC  ,Meat/Poultry Specialty,1039,KEKAULIKE ST,Ste 12 & 19,HONOLULU,HI,96817, ,HONOLULU,21.31262,-157.8639,2005-08-17,2010-07-01
762357,MIN HING MEAT & SEAFOOD MARKET LLC  ,Meat/Poultry Specialty,1039,KEKAULIKE ST,Ste 12 & 19,HONOLULU,HI,96817, ,HONOLULU,21.31262,-157.8639,2010-07-08,2015-04-13
762357,MIN HING MEAT & SEAFOOD MARKET LLC  ,Meat/Poultry Specialty,1039,KEKAULIKE ST,Ste 12 & 19,HONOLULU,HI,96817, ,HONOLULU,21.31262,-157.8639,2015-08-10,2025-06-26
1306126,Ming Fa Market LLC  ,Combination Grocery/Other,135,N King St,Ste 4B,Honolulu,HI,96817,5084,HONOLULU,21.31226,-157.8639,2017-12-13,
808151,MING HONG PRODUCE LLC  ,Fruits/Veg Specialty,115,N HOTEL ST, ,HONOLULU,HI,96817, ,HONOLULU,21.31249,-157.863,2006-12-11,2009-02-17
986561,Minh and Lan Produce  ,Fruits/Veg Specialty,1120,Maunakea St,Ste 148,Honolulu,HI,96817,5169,HONOLULU,21.31253,-157.8624,2011-01-20,2011-06-13
518034,MINH'S FISH MARKET  ,Fruits/Veg Specialty,930,KEKAULIKE ST, ,HONOLULU,HI,96817, ,HONOLULU,21.31223,-157.8647,2000-03-22,2010-01-06
836148,Minsun Store  ,Seafood Specialty,1334,Young St,Ste 105,Honolulu,HI,96814,1847,HONOLULU,21.2997,-157.8408,2008-04-08,2014-01-22
1169860,Minsun Store  ,Seafood Specialty,1334,Young St,Ste 105,Honolulu,HI,96814,1847,HONOLULU,21.2997,-157.8408,2014-10-28,2021-05-03
1169860,Minsun Store  ,Seafood Specialty,1334,Young St,Ste 105,Honolulu,HI,96814,1847,HONOLULU,21.2997,-157.8408,2022-03-28,2022-09-18
1013687,MJ's & Sisters'  ,Convenience Store,2411B,Rose St, ,Honolulu,HI,96819,2440,HONOLULU,21.34121,-157.8799,2011-09-01,2014-04-29
875806,MK Market  ,Small Grocery Store,1402,Lusitana St, ,Honolulu,HI,96813,2016,HONOLULU,21.30948,-157.853,2008-12-22,2019-03-25
1495043,Moanalua Texaco 96285,Convenience Store,986,Valkenburgh St,,Honolulu,HI,96818,3920,HONOLULU,21.34419,-157.9279,2022-04-01,
320004,MOKAUEA MART  ,Convenience Store,414-E,MOKAUEA ST, ,HONOLULU,HI,96819, ,HONOLULU,0.0,0.0,2004-01-13,2005-03-20
802597,MOKAUEA MART  ,Convenience Store,414,MOKAUEA ST, ,HONOLULU,HI,96819, ,HONOLULU,21.32693,-157.8825,2006-10-03,2009-07-08
906593,Mokauea Mart  ,Convenience Store,414,Mokauea St, ,Honolulu,HI,96819, ,HONOLULU,21.32693,-157.8825,2009-07-16,2011-03-01
773452,MOKAUEA STORE  ,Convenience Store,703,Mokauea St, ,Honolulu,HI,96819,4052,HONOLULU,21.32938,-157.88,2006-04-03,2010-10-14
1429351,Molokai Hawaii Bread Llc  ,Delivery Route,3060,Ualena St,,Honolulu,HI,96819,1971,HONOLULU,21.33451,-157.9095,2021-05-05,2025-06-09
1429351,Molokai Hawaii Bread Llc  ,Delivery Route,3060,Ualena St,,Honolulu,HI,96819,1971,HONOLULU,21.33451,-157.9095,2025-07-15,
626581,MONA'S MARKET  ,Convenience Store,1414,DILLINGHAM BLVD # 1, ,HONOLULU,HI,96817, ,HONOLULU,21.32427,-157.8764,2001-06-12,2007-09-24
831088,Mona's Market  ,Medium Grocery Store,1414,Dillingham Blvd, ,Honolulu,HI,96817, ,HONOLULU,21.32427,-157.8764,2007-09-27,2017-02-12
1264760,Mona's Market  ,Convenience Store,1414,Dillingham Blvd, ,Honolulu,HI,96817,4834,HONOLULU,21.32416,-157.8763,2017-02-15,2025-08-27
349192,Mother & Son LLC dba Bionic Chevron 1,Convenience Store,94-485,Farrington Hwy, ,Waipahu,HI,96797,2527,HONOLULU,21.38228,-158.013,1992-05-28,
986384,Mother & Son LLC dba Bionic Chevron 2,Convenience Store,1201,S King St,,Honolulu,HI,96814,2231,HONOLULU,21.29949,-157.844,2011-01-13,2025-12-03
1127181,Mother Waldron 6,Farmers' Market,525,Coral St, ,Honolulu,HI,96813, ,HONOLULU,21.30008,-157.8579,2013-12-05,2019-09-20
1078085,Mr. Kim Chee Lee  ,Combination Grocery/Other,1497,S King St, ,Honolulu,HI,96814,2511,HONOLULU,21.29766,-157.838,2012-11-01,2024-09-02
913172,Ms Mini Mart  ,Convenience Store,2826,S King St,,Honolulu,HI,96826,3529,HONOLULU,21.29,-157.818,2009-09-03,2020-11-11
913172,Ms Mini Mart  ,Convenience Store,2826,S King St,,Honolulu,HI,96826,3529,HONOLULU,21.29,-157.818,2021-07-13,
680595,MUNOZ TROPICZONE STORE  ,Small Grocery Store,2153,N King St,Ste 102A,Honolulu,HI,96819,4553,HONOLULU,21.33451,-157.8804,1999-08-04,2009-12-06
1402743,My Little Corner  ,Convenience Store,1000,Uluohia St,,Kapolei,HI,96707,2040,HONOLULU,21.33002,-158.0816,2020-05-15,2022-04-13
962910,My Mart  ,Small Grocery Store,2219,N School St,Rm A,Honolulu,HI,96819,2591,HONOLULU,21.34028,-157.874,2010-08-13,2012-01-19
1086353,My Shop  ,Convenience Store,2333,Kapiolani Blvd,Ste C4,Honolulu,HI,96826,4486,HONOLULU,21.28778,-157.8277,2013-01-23,2016-09-28
1223475,Myahs Market LLC  ,Combination Grocery/Other,135,N King St,Ste 4b,Honolulu,HI,96817,5084,HONOLULU,21.31229,-157.8639,2016-01-07,2017-12-12
434102,NAKASHIMA FISH MARKET  ,Seafood Specialty,145,N King St,Spc 5,Honolulu,HI,96817,5309,HONOLULU,21.3127,-157.8642,1974-02-10,2013-10-21
252580,NAKAZATO FISH MARKET  ,Seafood Specialty,145,N King St Spc 18, ,Honolulu,HI,96817,5309,HONOLULU,21.3127,-157.8642,1973-02-28,2006-04-04
825744,Nakazato Fish Market  ,Seafood Specialty,145,N King St,Spc 18,Honolulu,HI,96817,5309,HONOLULU,21.3127,-157.8642,2007-07-24,2014-04-29
1525515,Nanakuli Kalbi Market Inc  ,Small Grocery Store,87-2070,Farrington Hwy,Ste 0,Waianae,HI,96792,3757,HONOLULU,21.38744,-158.1505,2023-02-10,2024-01-10
644649,Nanakuli Super  ,Supermarket,87-2090,Farrington Hwy, ,Waianae,HI,96792,3750,HONOLULU,21.38607,-158.1504,1973-07-02,
1157811,"Nanay Dela's Lutong Bahay, LLC  ",Small Grocery Store,2043,N King St, ,Honolulu,HI,96819,3459,HONOLULU,21.33285,-157.8788,2014-07-15,2023-10-05
640209,NARDO'S CRACKSEED & SUPPLEMENTS  ,Fruits/Veg Specialty,99-500,SALT LAKE BLVD, ,HONOLULU,HI,96818, ,HONOLULU,21.34757,-157.922,1995-09-20,2009-01-01
493440,NARDO'S MARKET  ,Meat/Poultry Specialty,1120,Maunakea St Ste 140, ,Honolulu,HI,96817,5169,HONOLULU,21.31253,-157.8624,2002-07-10,2005-09-26
767654,NARDOS MARKET  ,Meat/Poultry Specialty,1120,Maunakea St Ste 140, ,Honolulu,HI,96817,5169,HONOLULU,21.31253,-157.8624,2005-09-29,2006-03-27
366850,NC SEAFOOD INC  ,Seafood Specialty,937,Kekaulike St, ,Honolulu,HI,96817,5006,HONOLULU,21.31235,-157.8644,2001-03-20,2016-07-22
877655,New Ace Market  ,Fruits/Veg Specialty,145,N King St,Stall 28,Honolulu,HI,96817, ,HONOLULU,21.3127,-157.8642,2009-01-26,2019-03-31
877655,New Ace Market  ,Fruits/Veg Specialty,145,N King St,Stall 28,Honolulu,HI,96817, ,HONOLULU,21.3127,-157.8642,2019-06-25,2024-05-21
877655,New Ace Market  ,Fruits/Veg Specialty,145,N King St,Stall 28,Honolulu,HI,96817, ,HONOLULU,21.3127,-157.8642,2024-06-26,
986495,"New Aloha Seafood, Inc  ",Seafood Specialty,1039,Kekaulike St,Ste 5,Honolulu,HI,96817, ,HONOLULU,21.31262,-157.8639,2011-01-13,2024-09-02
953951,NEW CALIFORNIA MARKET  ,Convenience Store,404,California Ave, ,Wahiawa,HI,96786,1947,HONOLULU,21.49581,-158.0301,2010-06-28,2020-09-24
953951,NEW CALIFORNIA MARKET  ,Convenience Store,404,California Ave, ,Wahiawa,HI,96786,1947,HONOLULU,21.49581,-158.0301,2020-09-29,2020-10-07
953951,NEW CALIFORNIA MARKET  ,Convenience Store,404,California Ave, ,Wahiawa,HI,96786,1947,HONOLULU,21.49581,-158.0301,2020-11-16,2023-02-07
953951,NEW CALIFORNIA MARKET  ,Convenience Store,404,California Ave, ,Wahiawa,HI,96786,1947,HONOLULU,21.49581,-158.0301,2023-07-31,
992058,New Cholon  ,Medium Grocery Store,169,N King St, ,Honolulu,HI,96817,5012,HONOLULU,21.3131,-157.8643,2011-05-04,2024-08-01
1607822,New Cholon Market  ,Medium Grocery Store,169,N King St, ,Honolulu,HI,96817,5012,HONOLULU,21.31299,-157.8644,2024-08-20,
1341971,New Crack Seed Hawaii  ,Convenience Store,45-955,Kamehameha Hwy,Ste 103,Kaneohe,HI,96744,3294,HONOLULU,21.41472,-157.8006,2018-10-24,
1191318,New Family Store Inc  ,Convenience Store,2144,Kauhana St, ,Honolulu,HI,96816, ,HONOLULU,21.30197,-157.794,2015-04-18,2016-02-18
1096353,New Hong Kong Supermarket  ,Combination Grocery/Other,135,N King St,Ste 1a,Honolulu,HI,96817,5084,HONOLULU,21.31226,-157.8639,2013-05-22,2019-03-28
1096353,New Hong Kong Supermarket  ,Combination Grocery/Other,135,N King St,Ste 1a,Honolulu,HI,96817,5084,HONOLULU,21.31226,-157.8639,2019-06-12,2021-08-05
1096353,New Hong Kong Supermarket  ,Combination Grocery/Other,135,N King St,Ste 1a,Honolulu,HI,96817,5084,HONOLULU,21.31226,-157.8639,2022-12-16,
809495,NEW MICHAEL MARKET LLC  ,Combination Grocery/Other,1120,Fort Street Mall, ,Honolulu,HI,96813,2707,HONOLULU,21.31023,-157.8608,2007-01-08,2014-06-01
764286,NEW RAINBOW MARKET  ,Medium Grocery Store,1720,PALOLO AVE, ,HONOLULU,HI,96816, ,HONOLULU,21.29402,-157.8003,2005-09-02,2009-04-15
890344,New Valley Store  ,Convenience Store,2144,Kauhana, ,Honolulu,HI,96816, ,HONOLULU,21.30196,-157.794,2009-05-04,2015-04-06
1537840,New Wing Cheong  ,Medium Grocery Store,133,N Hotel St, ,Honolulu,HI,96817,5003,HONOLULU,21.31259,-157.8633,2023-04-02,
474437,NEW WO FAT BBQ CAFE  ,Meat/Poultry Specialty,115,N HOTEL ST, ,HONOLULU,HI,96817, ,HONOLULU,21.31249,-157.863,2003-06-30,2006-01-19
785887,NHUNG'S MARKET  ,Combination Grocery/Other,145,N King St,Spc 16,Honolulu,HI,96817,5309,HONOLULU,21.3127,-157.8642,2006-05-17,2011-03-28
998645,Nhung's Market  ,Combination Grocery/Other,145,N King St,Spc 16,Honolulu,HI,96817,5309,HONOLULU,21.3127,-157.8642,2011-04-11,2017-06-27
998645,Nhung's Market  ,Combination Grocery/Other,145,N King St,Spc 16,Honolulu,HI,96817,5309,HONOLULU,21.3127,-157.8642,2017-06-29,2017-09-11
474157,NII SUPERETTE INC  ,Convenience Store,94-1013,Waipahu St, ,Waipahu,HI,96797,3625,HONOLULU,21.38887,-158.0046,1972-01-07,2021-03-30
824126,Nilfa Cataraja  ,Fruits/Veg Specialty,1120,Maunakea St Ste 140, ,Honolulu,HI,96817,5169,HONOLULU,21.31253,-157.8624,2007-06-22,2007-09-23
986536,Nimitz Local Stop And Delicatessen  ,Convenience Store,2018,Republican St, ,Honolulu,HI,96819,2209,HONOLULU,21.32618,-157.885,2011-01-27,2023-05-11
677952,NIMITZ MART  ,Convenience Store,3131,NIMITZ HWY, ,HONOLULU,HI,96819, ,HONOLULU,21.33606,-157.9098,1979-08-09,2007-11-08
840108,Nimitz Mart  ,Convenience Store,3131,N Nimitz Hwy,Ste 101,Honolulu,HI,96819,1982,HONOLULU,21.33609,-157.91,2007-12-31,2018-12-20
1170677,NJP Polynesian Market  ,Convenience Store,85-998,Farrington Hwy, ,Waianae,HI,96792,2606,HONOLULU,21.44172,-158.1868,2015-05-18,2020-09-08
1170677,NJP Polynesian Market  ,Convenience Store,85-998,Farrington Hwy, ,Waianae,HI,96792,2606,HONOLULU,21.44172,-158.1868,2020-09-25,
811980,NO 1 CIGARETTE  ,Convenience Store,938,Kapahulu Ave,Apt E,Honolulu,HI,96816,1479,HONOLULU,21.28504,-157.8136,2007-08-28,2009-08-09
912321,No 1 Cigarette Shop  ,Convenience Store,938,Kapahulu Ave, ,Honolulu,HI,96816, ,HONOLULU,21.28504,-157.8136,2009-09-03,2010-01-04
1252343,No1 Cigarette  ,Small Grocery Store,938,Kapahulu Ave,Apt E,Honolulu,HI,96816,1479,HONOLULU,21.28517,-157.8135,2016-08-23,2022-07-20
282032,NOI GENERAL STORE  ,Meat/Poultry Specialty,171,N Beretania St, ,Honolulu,HI,96817,4715,HONOLULU,21.31411,-157.8618,1994-01-20,2007-11-01
617964,NON STOP LIQUOR STORE  ,Combination Grocery/Other,98-020,Kamehameha Hwy,Ste 116,Aiea,HI,96701,5138,HONOLULU,21.3859,-157.9513,2003-10-09,2019-06-18
1368253,Non-stop Convenience  ,Convenience Store,98-020,Kamehameha Hwy,Ste 116,Aiea,HI,96701,5138,HONOLULU,21.38575,-157.9509,2019-07-09,
274727,NORTH STAR DELI & SAUSAGE 3,Medium Grocery Store,94-801,FARRINGTON HWY,2B,WAIPAHU,HI,96797,3149,HONOLULU,21.38393,-158.0043,1999-03-24,2014-09-05
301586,North Star Deli and Sausage 1,Medium Grocery Store,2225,N School St, ,Honolulu,HI,96819, ,HONOLULU,21.34039,-157.8741,1990-04-26,2015-08-27
313196,North Star Variety Store  ,Meat/Poultry Specialty,2015,N King St, ,Honolulu,HI,96819,3457,HONOLULU,21.33255,-157.8787,1990-04-26,2014-09-05
1194039,Number 1 Produce  ,Fruits/Veg Specialty,1120,Maunakea St,Ste 104,Honolulu,HI,96817,5173,HONOLULU,21.31253,-157.8625,2015-05-27,2019-02-28
727219,NUMBER ONE STORE  ,Convenience Store,1638,10TH AVE, ,HONOLULU,HI,96816, ,HONOLULU,21.29025,-157.7974,1996-01-30,2005-06-28
758710,NUMBER ONE STORE  ,Convenience Store,1638,10th Ave, ,Honolulu,HI,96816,2861,HONOLULU,21.29025,-157.7974,2005-07-13,2024-03-05
1642095,Nuuanu  Texaco 93875,Convenience Store,1909,Nuuanu Ave, ,Honolulu,HI,96817,2428,HONOLULU,21.32047,-157.8519,2025-03-12,
286318,NUUANU LIQUORS INC  ,Small Grocery Store,1627,NUUANU AVE, ,HONOLULU,HI,96817, ,HONOLULU,21.31722,-157.8552,2003-04-08,2009-07-05
1294951,Ocean Dim Sum & Food Company  ,Bakery Specialty,94-370,Pupupani St,Ste 101,Waipahu,HI,96797,2657,HONOLULU,21.38161,-158.0162,2017-08-30,2018-09-03
993720,Ocean Seafood  ,Convenience Store,94-366,Pupupani St,Ste 117,Waipahu,HI,96797,2644,HONOLULU,21.38124,-158.0171,2011-03-24,2014-02-02
554311,OHANA GROCERY WHOLESALE & RETAIL  ,Convenience Store,1104,Palama St, ,Honolulu,HI,96817,3448,HONOLULU,21.32231,-157.8664,2002-11-01,2016-09-26
1009850,Ohana Market LTD  ,Fruits/Veg Specialty,1036,Maunakea St, ,Honolulu,HI,96817,5129,HONOLULU,21.31203,-157.8633,2011-07-08,2011-08-21
1225543,Ohana Mini Mart LLC  ,Small Grocery Store,78,Wilikina Dr, ,Wahiawa,HI,96786,1728,HONOLULU,21.49096,-158.0299,2016-01-05,2017-07-02
853805,Oishi Seafood Market  ,Seafood Specialty,94-210,Leokane St, ,Waipahu,HI,96797, ,HONOLULU,21.38028,-158.0198,2008-06-19,2012-04-11
616651,OK Poultry LLC  ,Fruits/Veg Specialty,41-656,Kakaina St, ,Waimanalo,HI,96795,1358,HONOLULU,21.34362,-157.7253,1976-11-02,2022-06-16
526932,OKUMURA FARM  ,Fruits/Veg Specialty,41-670,Kumuhau St, ,Waimanalo,HI,96795,1149,HONOLULU,21.34488,-157.735,1991-01-30,2005-09-29
1127198,Old Stadium 13,Farmers' Market,2237,S King St, ,Honolulu,HI,96826,2328,HONOLULU,21.29377,-157.8272,2013-12-05,2019-09-20
758615,ON THE WAY FOOD & GAS  ,Convenience Store,581,Dillingham Blvd, ,Honolulu,HI,96817,4602,HONOLULU,21.31837,-157.8661,2005-07-19,2006-12-11
1625561,One University Stop  ,Convenience Store,2658,S King St,,Honolulu,HI,96826,3243,HONOLULU,21.29139,-157.8205,2024-12-19,
356114,ONEAWA MARKET  ,Convenience Store,49,Oneawa St, ,Kailua,HI,96734,2502,HONOLULU,21.39555,-157.7444,1993-12-17,2007-02-26
905160,Ono Kimchee  ,Fruits/Veg Specialty,1225,Keeaumoku St, ,Honolulu,HI,96814,1308,HONOLULU,21.30043,-157.8394,2009-07-28,2011-02-03
1003517,Ono Kimchi  ,Combination Grocery/Other,1225,Keeaumoku St, ,Honolulu,HI,96814,1308,HONOLULU,21.30043,-157.8394,2011-05-26,2015-08-24
855439,Ono Kinchee  ,Fruits/Veg Specialty,1225,Keeaumoku St, ,Honolulu,HI,96814,1308,HONOLULU,21.30043,-157.8394,2008-07-24,2009-05-04
929269,Ono Polynesian Market  ,Convenience Store,85-998,Farrington Hwy, ,Waianae,HI,96792,2606,HONOLULU,21.44172,-158.1868,2010-05-07,2014-01-09
837101,Ono's M Market  ,Combination Grocery/Other,1912,Kalihi St, ,Honolulu,HI,96819,4253,HONOLULU,21.34045,-157.8672,2007-11-13,2018-10-17
1341976,Ono's Market  ,Convenience Store,1912,Kalihi St,,Honolulu,HI,96819,4253,HONOLULU,21.34079,-157.8674,2018-11-01,2021-08-27
1341976,Ono's Market  ,Convenience Store,1912,Kalihi St,,Honolulu,HI,96819,4253,HONOLULU,21.34079,-157.8674,2022-03-17,
992289,Onolicious Cafe & Thai Market  ,Convenience Store,1386,Liliha St, ,Honolulu,HI,96817,4653,HONOLULU,21.31978,-157.8625,2011-05-05,2012-09-11
290609,OSHITA WATERCRESS FARM  ,Farmers' Market,96-023,Waiawa Rd, ,Pearl City,HI,96782,3351,HONOLULU,21.39126,-157.9838,1995-12-08,2010-04-15
430958,P & D MEATS  ,Meat/Poultry Specialty,100,N Beretania St,# 173-12,Honolulu,HI,96817,4767,HONOLULU,21.31411,-157.8618,1991-05-07,2018-05-29
495867,P & P SUPER FOODS  ,Supermarket,2229,N SCHOOL ST, ,HONOLULU,HI,96819, ,HONOLULU,21.3405,-157.8741,1991-11-15,2005-04-18
1181390,Paajers Polynesian Varieties  ,Convenience Store,91-902,Fort Weaver Rd,Ste 104,Ewa Beach,HI,96706,2261,HONOLULU,21.31698,-158.0131,2015-03-03,2017-07-02
508704,PAALAA KAI BAKERY  ,Bakery Specialty,66-945,Kaukonahua Rd, ,Waialua,HI,96791,9715,HONOLULU,21.56788,-158.1096,1985-04-22,2014-06-17
1160040,"Paalaa Kai Bakery, Inc.  ",Bakery Specialty,66-945,Kaukonahua Rd, ,Waialua,HI,96791,9715,HONOLULU,21.56786,-158.1096,2014-09-10,2019-08-23
585257,PAALAA KAI MARKET  ,Convenience Store,66-945,Kaukonahua Rd, ,Waialua,HI,96791,9715,HONOLULU,21.56788,-158.1096,1980-07-09,2006-07-25
796970,"Paalaakai Mini Mart, Llc  ",Convenience Store,66-945,Kaukonahua Rd,,Waialua,HI,96791,8707,HONOLULU,21.56863,-158.1096,2006-09-11,2021-02-19
796970,"Paalaakai Mini Mart, Llc  ",Convenience Store,66-945,Kaukonahua Rd,,Waialua,HI,96791,8707,HONOLULU,21.56863,-158.1096,2021-08-16,2024-03-21
854347,Pacific Island Market  ,Convenience Store,1932,Liliha St, ,Honolulu,HI,96817,2330,HONOLULU,21.32538,-157.8553,2008-06-02,2009-03-02
1129162,Pacific Liquor & Grocery  ,Convenience Store,1158,Fort Street Mall, ,Honolulu,HI,96813,2709,HONOLULU,21.31071,-157.8601,2014-01-16,2016-12-05
1266875,Pacific Liquor & Grocery  ,Convenience Store,1158,Fort Street Mall,,Honolulu,HI,96813,2709,HONOLULU,21.31088,-157.8604,2016-12-14,
939243,Pacific Liquor & Grocery Store Inc  ,Convenience Store,1158,Fort Street Mall, ,Honolulu,HI,96813,2709,HONOLULU,21.31083,-157.86,2010-04-14,2014-01-05
1542877,Pacific Ocean Market 1,Small Grocery Store,86-088,Farrington Hwy,,Waianae,HI,96792,3067,HONOLULU,21.43717,-158.1853,2023-05-16,2024-02-06
1542877,Pacific Ocean Market 1,Small Grocery Store,86-088,Farrington Hwy,,Waianae,HI,96792,3067,HONOLULU,21.43717,-158.1853,2024-09-19,
250243,PACIFIC PRIME STEAK & SEAFOOD  ,Delivery Route,824,Bannister St, ,Honolulu,HI,96819,3331,HONOLULU,21.33314,-157.8805,2003-05-09,2007-01-23
866194,Pacific Seafood Connection dba The Peoples Market  ,Seafood Specialty,1120,Maunakea St,Stall 148,Honolulu,HI,96817, ,HONOLULU,21.31253,-157.8624,2008-09-30,2010-03-04
970822,Pacific Store  ,Convenience Store,2427,Kuhio Ave, ,Honolulu,HI,96815,3301,HONOLULU,21.27676,-157.8236,2010-10-12,2013-12-01
611785,PACIFIC SUPERMARKET  ,Super Store,94-300,Farrington Hwy, ,Waipahu,HI,96797,2699,HONOLULU,21.3802,-158.019,1997-01-06,
776329,PACIFIC VILLAGE MARKET  ,Convenience Store,1829,PALOLO AVE, ,HONOLULU,HI,96816, ,HONOLULU,21.29609,-157.7989,2006-02-01,2007-02-08
631283,PACING'S MARKET  ,Meat/Poultry Specialty,1039,Kekaulike St,Ste 106,Honolulu,HI,96817,5365,HONOLULU,21.31262,-157.8639,2000-08-21,2010-01-28
396992,PAG-ASA MARKET  ,Convenience Store,1825,Dillingham Blvd, ,Honolulu,HI,96819,4020,HONOLULU,21.32801,-157.8809,2004-10-05,2012-07-29
524447,PAK-STAR INTERNATIONAL CO  ,Convenience Store,1101,N KING ST, ,HONOLULU,HI,96817, ,HONOLULU,21.32523,-157.8691,2002-02-05,2013-02-19
1252832,Palama Express  ,Small Grocery Store,1,Aloha Tower Dr, ,Honolulu,HI,96813,4815,HONOLULU,21.30721,-157.8651,2016-07-14,
1356123,Palama Express  ,Small Grocery Store,2325,N Nimitz Hwy, ,Honolulu,HI,96819,2284,HONOLULU,21.33068,-157.8878,2019-03-30,2025-08-27
1631562,Palama Express Kahauiki Village  ,Convenience Store,2625,N Nimitz Hwy,Unit 1006,Honolulu,HI,96819,4908,HONOLULU,21.33196,-157.8917,2025-02-06,
1471425,Palama Express Waikiki  ,Convenience Store,2229,Kuhio Ave,,Honolulu,HI,96815,2825,HONOLULU,21.28063,-157.8277,2021-09-29,2022-04-20
324408,PALAMA SUPERMARKET  ,Combination Grocery/Other,1070,N King St, ,Honolulu,HI,96817,4515,HONOLULU,21.32458,-157.8687,1987-05-28,2018-05-17
1324057,Palama Supermarket  ,Super Store,1070,N King St, ,Honolulu,HI,96817,4515,HONOLULU,21.32451,-157.8686,2018-06-10,
734643,Palama Supermarket Makaloa  ,Super Store,1670,Makaloa St, ,Hononlulu,HI,96814, ,HONOLULU,21.29275,-157.8374,2004-11-17,
934977,Palama Supermarket Waimalu  ,Large Grocery Store,98-020,Kamehameha Hwy,Ste 2E,Aiea,HI,96701, ,HONOLULU,21.38589,-157.95,2010-02-10,
1286617,Pali Bottle Shoppe  ,Convenience Store,662,Kailua Rd, ,Kailua,HI,96734,2815,HONOLULU,21.39435,-157.743,2017-08-14,
1568737,Palisade Marketplace  ,Convenience Store,2321,Auhuhu St,,Pearl City,HI,96782,1154,HONOLULU,21.42498,-157.9518,2023-12-27,2024-12-18
1568737,Palisade Marketplace  ,Convenience Store,2321,Auhuhu St,,Pearl City,HI,96782,1154,HONOLULU,21.42498,-157.9518,2025-12-04,
1142852,Palisades Minimart  ,Small Grocery Store,2321,Auhuhu St, ,Pearl City,HI,96782,1154,HONOLULU,21.42519,-157.9522,2014-05-05,2023-12-07
1127196,Palolo DP 12,Farmers' Market,2007,Palolo Ave, ,Honolulu,HI,96816,3002,HONOLULU,21.30059,-157.796,2013-12-05,2019-09-20
431037,PALOLO MARKET INC  ,Convenience Store,2144,KAUHANA ST, ,HONOLULU,HI,96816, ,HONOLULU,21.30197,-157.794,1998-03-03,2007-07-22
825514,"Palolo Valley Store, Inc  ",Convenience Store,2144,Kauhana St, ,Honolulu,HI,96816,6103,HONOLULU,21.30197,-157.794,2007-08-02,2008-05-08
1275437,Papa Murphy's Pizza HI001,Bakery Specialty,45-480,Kaneohe Bay Dr, ,Kaneohe,HI,96744,2039,HONOLULU,21.40277,-157.7985,2017-05-24,2022-08-17
1312144,Papa Murphy's Pizza HI003,Bakery Specialty,95-221,Kipapa Dr,Ste C12A,Mililani,HI,96789,1148,HONOLULU,21.4581,-158.0158,2018-03-02,2022-11-25
810898,Papa Pantry  ,Convenience Store,87-1942,Farrington Hwy, ,Waianae,HI,96792,3747,HONOLULU,21.38892,-158.1535,2007-04-19,2012-07-29
755021,Par 3 Liquor  ,Convenience Store,1311,N King St,Ste 1,Honolulu,HI,96817,3351,HONOLULU,21.32752,-157.8707,2006-09-07,2022-10-16
1515327,Par 3 Liquors  ,Convenience Store,1311,N King St,,Honolulu,HI,96817,3351,HONOLULU,21.32734,-157.871,2022-11-08,
768925,PARADISE MART  ,Small Grocery Store,626,Coral St Apt 101, ,Honolulu,HI,96813,5911,HONOLULU,21.30059,-157.8577,2006-02-14,2008-02-11
1453017,Pau Hana Express  ,Convenience Store,367,Farrington Hwy,,Kapolei,HI,96707, ,HONOLULU,21.33388,-158.0901,2021-06-01,
461686,PAZ LIQUOR & GROCERY  ,Convenience Store,834,KILANI AVE, ,WAHIAWA,HI,96786,2091,HONOLULU,21.49912,-158.0269,2003-12-01,2012-12-11
267410,PEARL CITY MARKET  ,Convenience Store,909,Lehua Ave, ,Pearl City,HI,96782,3328,HONOLULU,21.39142,-157.9713,2001-12-05,2008-03-02
846490,Pearl City Market  ,Convenience Store,909,Lehua Ave, ,Pearl City,HI,96782,3328,HONOLULU,21.39142,-157.9713,2008-03-13,2010-08-15
963260,Pearl City Market  ,Convenience Store,909,Lehua Avenue, ,Honolulu,HI,96782, ,HONOLULU,21.39129,-157.9713,2010-08-24,2017-10-01
1299946,Pearl City Market  ,Convenience Store,909,Lehua Ave, ,Pearl City,HI,96782,3328,HONOLULU,21.39142,-157.9713,2017-10-17,2021-04-13
1299946,Pearl City Market  ,Convenience Store,909,Lehua Ave, ,Pearl City,HI,96782,3328,HONOLULU,21.39142,-157.9713,2021-11-04,
1146225,Pearl City Shell  ,Convenience Store,98-135,Kamehameha Hwy, ,Aiea,HI,96701,4815,HONOLULU,21.38238,-157.9442,2014-06-20,2021-03-30
1676759,Pearl City Texaco 95318,Convenience Store,777,Kamehameha Hwy, ,Pearl City,HI,96782,2702,HONOLULU,21.39237,-157.9668,2025-12-02,
278928,Pearl Harbor Commissary 1340,Military Commissary,4725,Bougainville Dr, ,Pearl Harbor,HI,96860, ,HONOLULU,21.34974,-157.9325,1971-12-06,
1173746,Pearl Kai Mini Mart  ,Convenience Store,98-199,Kamehameha Hwy,Ste D5,Aiea,HI,96701,4820,HONOLULU,21.38114,-157.9415,2014-12-02,2019-12-26
226082,PEARL'S PANTRY  ,Convenience Store,2810,Paa St,Ste 5,Honolulu,HI,96819,4429,HONOLULU,21.34515,-157.8949,1991-09-26,2010-05-03
949882,Pearl's Pantry  ,Convenience Store,2810,Paa St,Ste 5,Honolulu,HI,96819,4429,HONOLULU,21.34515,-157.8949,2010-05-12,2019-12-26
949882,Pearl's Pantry  ,Convenience Store,2810,Paa St,Ste 5,Honolulu,HI,96819,4429,HONOLULU,21.34515,-157.8949,2020-01-23,2021-06-14
1450532,Pearl's Pantry  ,Convenience Store,2810,Paa St,Ste 5,Honolulu,HI,96819,4429,HONOLULU,21.3457,-157.8952,2021-09-17,
696027,PELIO BAKERY  ,Bakery Specialty,1712,N King St, ,Honolulu,HI,96819,3448,HONOLULU,21.3311,-157.8758,2003-11-24,2006-12-30
812999,Pelio Bakery  ,Bakery Specialty,1120,Maunakea St,170,Honolulu,HI,96817, ,HONOLULU,21.31253,-157.8624,2007-02-12,2008-03-02
484148,"PELIO BAKERY II, INC  ",Bakery Specialty,1120,Maunakea St Ste 172, ,Honolulu,HI,96817,5198,HONOLULU,21.31253,-157.8624,2002-04-09,2007-01-24
486990,PHANH'S MARKET  ,Fruits/Veg Specialty,1120,Maunakea St Ste 171, ,Honolulu,HI,96817,5198,HONOLULU,21.31253,-157.8624,1996-12-27,2008-03-28
837100,Phat Kee Market  ,Meat/Poultry Specialty,135,N King St Spc 3A, ,Honolulu,HI,96817,5084,HONOLULU,21.3123,-157.8639,2007-11-29,2014-09-15
370900,PHC PRODUCE  ,Fruits/Veg Specialty,1627,NUUANU AVE, ,HONOLULU,HI,96817, ,HONOLULU,21.31722,-157.8552,2000-07-06,2007-02-28
788454,PHUOC LOC THO VEGETARIAN FOODS LLC  ,Fruits/Veg Specialty,1123,Kapahulu Ave, ,Honolulu,HI,96816,5811,HONOLULU,21.28833,-157.8128,2006-05-24,2008-02-03
788454,PHUOC LOC THO VEGETARIAN FOODS LLC  ,Fruits/Veg Specialty,1123,Kapahulu Ave, ,Honolulu,HI,96816,5811,HONOLULU,21.28833,-157.8128,2008-02-07,2008-03-06
1550835,Pier 38 Fish Market  ,Seafood Specialty,1135,N Nimitz Hwy,,Honolulu,HI,96817,4522,HONOLULU,21.31792,-157.8783,2023-08-02,
1319844,"Pinoy Ohana, Llc  ",Meat/Poultry Specialty,1199,Dillingham Blvd, ,Honolulu,HI,96817,4440,HONOLULU,21.3224,-157.8737,2018-05-30,2018-05-30
1107849,Pinoy One Outlets  ,Medium Grocery Store,1199,Dillingham Blvd,Stall A103A,Honolulu,HI,96819, ,HONOLULU,21.32834,-157.8812,2013-11-04,2024-10-23
593029,POHULANI STORE  ,Convenience Store,626,Coral St Apt 101, ,Honolulu,HI,96813,5911,HONOLULU,21.30059,-157.8577,2003-04-15,2006-02-02
1127208,Pokai Bay BP 19,Farmers' Market,85-037,Pokai Bay St, ,Waianae,HI,96792,3022,HONOLULU,21.44179,-158.1886,2013-12-05,2019-09-20
775163,POKE STOP  ,Convenience Store,94-050,Farrington Hwy,Ste E4,Waipahu,HI,96797,1845,HONOLULU,21.3776,-158.0241,2006-01-09,2016-07-26
1357320,Popoki Mart  ,Convenience Store,1402,Lusitana St, ,Honolulu,HI,96813,2016,HONOLULU,21.30945,-157.8531,2019-04-09,2022-10-26
1515047,Popoki Mart  ,Convenience Store,1402,Lusitana St,,Honolulu,HI,96813,2016,HONOLULU,21.30947,-157.8532,2022-09-22,
1009801,Prince Kuhio Pharmacy II  ,Convenience Store,1922,Kalakaua Ave, ,Honolulu,HI,96815,1854,HONOLULU,21.28654,-157.8335,2011-06-17,2015-08-24
1538047,Provinces Snacks  ,Combination Grocery/Other,70,S Kukui St,,Honolulu,HI,96813,2319,HONOLULU,21.3124,-157.8577,2023-03-29,2023-12-14
1554052,Provinces Snacks Convenience Store 2,Small Grocery Store,1324,N School St,,Honolulu,HI,96817,1966,HONOLULU,21.33168,-157.8656,2023-09-18,
1025003,Puff N Stuff  ,Convenience Store,500,Alakawa St,Rm 120,Honolulu,HI,96817,4576,HONOLULU,21.31859,-157.8729,2011-11-01,2014-01-28
591986,PUUHALE MARKET  ,Small Grocery Store,608,Puuhale Rd, ,Honolulu,HI,96819,3301,HONOLULU,21.32992,-157.8828,2002-12-17,2017-01-04
1272931,Puuhale Market 1,Convenience Store,608,Puuhale Rd, ,Honolulu,HI,96819,3301,HONOLULU,21.32992,-157.8828,2017-02-16,2019-09-23
679561,Q PRODUCTS MARKET  ,Convenience Store,403,N King St, ,Honolulu,HI,96817,4704,HONOLULU,21.3167,-157.8643,2002-09-17,2007-05-02
1541012,QnQ Kathy Shop  ,Combination Grocery/Other,2600,S King St,Ste 106,Honolulu,HI,96826,3266,HONOLULU,21.292,-157.8213,2023-04-06,2024-11-04
904533,Quang Bros. Produce  ,Fruits/Veg Specialty,94-340,Waipahu Depot St,Stall 19,Waipahu,HI,96797,3011,HONOLULU,21.38525,-158.0073,2009-07-27,2010-01-04
499327,QUEEN EMMA MART  ,Convenience Store,201,Vineyard St, ,Honolulu,HI,96813,2446,HONOLULU,21.31095,-157.8558,2000-11-16,2019-09-23
1082024,Quick Corner Store LLC  ,Combination Grocery/Other,2070,N King St, ,Honolulu,HI,96819,3481,HONOLULU,21.33332,-157.8791,2012-12-17,2014-07-16
956159,R Lee Market  ,Combination Grocery/Other,1147,River St,#102,Honolulu,HI,96817,5048,HONOLULU,21.31371,-157.8628,2010-06-29,2011-05-11
1583542,R&R Candy Llc  ,Convenience Store,3368,Campbell Ave,,Honolulu,HI,96815,4181,HONOLULU,21.27579,-157.8127,2024-03-21,
1295345,Rahat Market ,Combination Grocery/Other,1034,Kekaulike St,,Honolulu,HI,96817,5007,HONOLULU,21.31298,-157.8636,2018-06-21,2023-04-27
1295345,Rahat Market ,Combination Grocery/Other,1034,Kekaulike St,,Honolulu,HI,96817,5007,HONOLULU,21.31298,-157.8636,2023-08-30,
893329,RAINBOW COMBINATION MARKET  ,Convenience Store,1720,Palolo Ave, ,Honolulu,HI,96816,2589,HONOLULU,21.29402,-157.8003,2009-04-29,2014-01-28
1136420,Rainbow Combination Market LLC  ,Convenience Store,1720,Palolo Ave, ,Honolulu,HI,96816,2589,HONOLULU,21.29419,-157.8002,2014-06-05,2015-02-03
1264583,Rainbow Country Liquor Hnl  ,Convenience Store,3398,Waialae Ave, ,Honolulu,HI,96816,2637,HONOLULU,21.28512,-157.8036,2016-12-01,2023-05-22
589279,Rainbow Farm & Produce  ,Large Grocery Store,94-866,Moloalo St.,#34C,Waipahu,HI,96797,3011,HONOLULU,21.38461,-158.0023,1998-07-28,
1149150,Rainbow Farm & Produce  ,Combination Grocery/Other,94-866,Moloalo St, ,Waipahu,HI,96797,3349,HONOLULU,21.38458,-158.0025,2014-06-12,2018-11-23
887859,Rainbow Farm & Produce 2  ,Meat/Poultry Specialty,94-340,Waipahu Depot St,Stall 1 & 23,Waipahu,HI,96797,3011,HONOLULU,21.38525,-158.0073,2009-03-13,2015-05-05
1466457,Rainbow Farm And Produce ,Seafood Specialty,1199,Dillingham Blvd,,Honolulu,HI,96817,4440,HONOLULU,21.3222,-157.8738,2021-10-19,
655712,RAINBOW FISH MART  ,Meat/Poultry Specialty,1720,PALOLO AVE, ,HONOLULU,HI,96816, ,HONOLULU,21.29402,-157.8003,2003-03-12,2005-08-07
1185135,Rainbow Valley Supermarket  ,Medium Grocery Store,1720,Palolo Ave, ,Honolulu,HI,96816,2589,HONOLULU,21.29419,-157.8002,2015-02-18,2018-11-01
1545374,Rajah Dat Snack Shop  ,Convenience Store,94-226,Leoku St,Unit 10,Waipahu,HI,96797,1928,HONOLULU,21.37921,-158.0248,2023-06-06,
1572995,Rajah Dat Snack Shop 2 2,Convenience Store,458,Manawai St,Apt 307,Kapolei,HI,96707,4626,HONOLULU,21.32551,-158.075,2023-12-22,2025-06-02
950615,RBS Favorite Bake Shop  ,Convenience Store,399,N King St, ,Honolulu,HI,96817,4702,HONOLULU,21.31664,-157.8643,2010-07-08,2011-03-27
1173385,RC Meat Market  ,Meat/Poultry Specialty,94-340,Waipahu Depot St,Stall 1 & 23,Waipahu,HI,96797, ,HONOLULU,21.38507,-158.0075,2014-12-15,2025-01-03
1173385,RC Meat Market  ,Meat/Poultry Specialty,94-340,Waipahu Depot St,Stall 1 & 23,Waipahu,HI,96797, ,HONOLULU,21.38507,-158.0075,2025-02-06,2025-06-10
1173385,RC Meat Market  ,Meat/Poultry Specialty,94-340,Waipahu Depot St,Stall 1 & 23,Waipahu,HI,96797, ,HONOLULU,21.38507,-158.0075,2025-07-01,
954825,Red Apple Food Store  ,Convenience Store,1717,N King St, ,Honolulu,HI,96819,3449,HONOLULU,21.33117,-157.8761,2010-07-08,2013-04-01
787253,RED MEAT MARKET  ,Convenience Store,1270,N King St,Ste B,Honolulu,HI,96817,3352,HONOLULU,21.32725,-157.8704,2006-05-17,2010-08-17
787253,RED MEAT MARKET  ,Convenience Store,1270,N King St,Ste B,Honolulu,HI,96817,3352,HONOLULU,21.32725,-157.8704,2010-08-27,2011-07-05
460863,REGALO BAKERY  ,Bakery Specialty,421,N King St, ,Honolulu,HI,96817,4704,HONOLULU,21.31693,-157.8644,1993-09-22,2007-05-28
814632,Richann Market  ,Small Grocery Store,87-070,Farrington Hwy,Unit C,Waianae,HI,96792,3114,HONOLULU,21.42742,-158.1788,2007-03-08,2008-10-13
1165202,Rivera's Seafood  ,Seafood Specialty,98-850,Moanalua Rd, ,Aiea,HI,96701,5203,HONOLULU,21.39075,-157.9483,2014-09-19,2018-09-03
747646,RIVERA'S SEAFOOD & VARIETY MARKET  ,Seafood Specialty,1120,MAUNAKEA ST,#156-157,HONOLULU,HI,96817, ,HONOLULU,21.31253,-157.8624,2005-04-07,2009-03-22
603450,ROAD RUNNER MINI MART  ,Small Grocery Store,94-226,Leoku St, ,Waipahu,HI,96797,1919,HONOLULU,21.37922,-158.0241,1993-01-21,
612811,Rocky Road Farmers Market  ,Meat/Poultry Specialty,41-520,Hihimanu St, ,Waimanalo,HI,96795,1301,HONOLULU,21.34428,-157.7222,1983-03-19,2018-09-03
1412566,"Rocky Road Products, Inc.  ",Combination Grocery/Other,41-520,Hihimanu St,,Waimanalo,HI,96795,1399,HONOLULU,21.34367,-157.7225,2020-09-14,2025-12-05
1412566,"Rocky Road Products, Inc.  ",Combination Grocery/Other,41-520,Hihimanu St,,Waimanalo,HI,96795,1399,HONOLULU,21.34367,-157.7225,2025-12-16,
924665,Ronnie-Boi Produce  ,Combination Grocery/Other,906,Puuhale Rd, ,Honolulu,HI,96819,3313,HONOLULU,21.33144,-157.8789,2009-11-19,2010-08-04
1257240,Roots Mobile Market  ,Delivery Route,2239,N School St, ,Honolulu,HI,96819,2539,HONOLULU,21.3408,-157.8744,2016-09-13,
871679,Rose Meat Market  ,Meat/Poultry Specialty,1039,Kekaulike St,Stall 122,Honolulu,HI,96817, ,HONOLULU,21.31262,-157.8639,2008-11-19,2018-11-23
871679,Rose Meat Market  ,Meat/Poultry Specialty,1039,Kekaulike St,Stall 122,Honolulu,HI,96817, ,HONOLULU,21.31262,-157.8639,2021-08-19,
1409664,Route93 Inc.  ,Fruits/Veg Specialty,87-1624,Farrington Hwy,,Waianae,HI,96792,3351,HONOLULU,21.39581,-158.1596,2020-06-30,2023-07-12
1127177,Royal Kunia 2,Farmers' Market, ,Kupuna Lp & Kupuohi St, ,Waipahu,HI,96797, ,HONOLULU,21.38855,-158.0332,2013-12-05,2019-09-20
1019917,Royal Kunia 76  ,Convenience Store,94-673,Kupuohi St, ,Waipahu,HI,96797,5366,HONOLULU,21.38765,-158.0332,2011-10-03,
985944,Royal Mini Mart  ,Convenience Store,161,Uluniu Ave, ,Honolulu,HI,96815,3257,HONOLULU,21.27631,-157.8237,2011-01-13,2013-12-19
802623,ROYCE'S MINI MART  ,Convenience Store,1408,Middle St, ,Honolulu,HI,96819,2501,HONOLULU,21.34131,-157.8796,2006-10-17,2010-06-16
808126,ROYERS FRESH FRUIT MARKET  ,Fruits/Veg Specialty,1120,Maunakea St,Ste 175,Honolulu,HI,96817,5198,HONOLULU,21.31253,-157.8624,2006-12-11,2018-11-29
808126,ROYERS FRESH FRUIT MARKET  ,Fruits/Veg Specialty,1120,Maunakea St,Ste 175,Honolulu,HI,96817,5198,HONOLULU,21.31253,-157.8624,2018-12-03,
872954,Russells Convenience 109,Convenience Store,2863,Kalakaua Avenue, ,Honolulu,HI,96815,2401,HONOLULU,21.26363,-157.8207,2008-12-03,
1014084,S And B Store  ,Convenience Store,703,Mokauea St, ,Honolulu,HI,96819,4052,HONOLULU,21.32938,-157.88,2011-08-09,2023-01-26
1009192,S-Top Mart  ,Convenience Store,902,Pumehana St, ,Honolulu,HI,96826, ,HONOLULU,21.29398,-157.8318,2011-06-24,2013-11-11
1127460,S-Top Mart 1,Medium Grocery Store,902,Pumehana St,Apt 1,Honolulu,HI,96826,2619,HONOLULU,21.29398,-157.8318,2014-02-24,2018-09-19
1210256,Sabaidee Market  ,Fruits/Veg Specialty,1120,Maunakea St,Ste 186,Honolulu,HI,96817,5198,HONOLULU,21.31244,-157.8626,2015-09-15,2017-07-02
249914,Sack N Save Nanakuli 33,Super Store,87-2070,FARRINGTON HWY, ,WAIANAE,HI,96792,2099,HONOLULU,21.38673,-158.1511,1993-01-21,
522831,Sack N Save Stadium 36,Super Store,4561,SALT LAKE BLVD, ,HONOLULU,HI,96818, ,HONOLULU,21.36531,-157.9291,1994-03-02,2016-10-31
522831,Sack N Save Stadium 36,Super Store,4561,SALT LAKE BLVD, ,HONOLULU,HI,96818, ,HONOLULU,21.36531,-157.9291,2016-11-03,2021-12-20
799221,SAENGSWANG MARKET  ,Fruits/Veg Specialty,1039,Kekaulike St,Ste 111,Honolulu,HI,96817,5365,HONOLULU,21.31262,-157.8639,2006-10-03,2008-08-04
584524,SAFEWAY 0201,Supermarket,1121,S Beretania St, ,Honolulu,HI,96814,1625,HONOLULU,21.30199,-157.8445,1971-12-16,2011-12-26
520467,SAFEWAY 205,Supermarket,1060,Keolu Dr, ,Kailua,HI,96734,3845,HONOLULU,21.37719,-157.7287,1971-12-16,
310649,SAFEWAY 2208,Supermarket,25,KANEOHE BAY DR, ,KAILUA,HI,96734, ,HONOLULU,21.42322,-157.7484,1971-12-16,
326757,SAFEWAY 203,Supermarket,1360,Pali Hwy, ,Honolulu,HI,96813,2230,HONOLULU,21.31273,-157.8568,1971-12-16,
531454,SAFEWAY 207,Supermarket,46065,Kamehameha Hwy, ,Kaneohe,HI,96744,3769,HONOLULU,21.42129,-157.8037,1971-12-16,
332009,SAFEWAY 204,Supermarket,2855,East Manoa Rd, ,Honolulu,HI,96822,1823,HONOLULU,21.30824,-157.8102,1971-12-16,
444518,SAFEWAY 214,Supermarket,98-1277,Kaahumanu St,W Side of the Shopping Center,Aiea,HI,96701,5314,HONOLULU,21.39019,-157.9533,1975-06-24,
582945,SAFEWAY 211,Supermarket,848,Ala Lilikoi St, ,Honolulu,HI,96818,2144,HONOLULU,21.34476,-157.9131,1975-11-07,
569535,SAFEWAY 215,Supermarket,377,Keahole St,W Side of Shopping Center,Honolulu,HI,96825,3405,HONOLULU,21.28522,-157.7091,1981-11-30,
403321,SAFEWAY  2218,Supermarket,94-780B,Meheula Pkwy,,Mililani,HI,96789,2160,HONOLULU,21.44208,-158.0215,1984-01-31,
547315,SAFEWAY  1087,Supermarket,200,Hamakua Dr, ,Kailua,HI,96734,3985,HONOLULU,21.39036,-157.7404,1988-04-29,
249500,SAFEWAY  1263,Supermarket,590,Farrington Hwy, ,Kapolei,HI,96707,2009,HONOLULU,21.33847,-158.0784,1992-11-05,
834056,Safeway 2747,Supermarket,888,Kapahulu Ave, ,Honolulu,HI,96816,1497,HONOLULU,21.28284,-157.814,2007-09-28,
1028021,Safeway 2944,Supermarket,1234,S Beretania St, ,Honolulu,HI,96814,1513,HONOLULU,21.30141,-157.8426,2011-11-01,
1076921,Safeway 2897,Supermarket,91-1119,Keaunui Dr, ,Ewa Beach,HI,96706, ,HONOLULU,21.32816,-158.0215,2012-10-03,
1385487,Safeway 0275,Supermarket,94-809,Lumiaina St, ,Waipahu,HI,96797,5025,HONOLULU,21.40015,-158.0059,2019-11-07,
1151226,"Saigon Services, Inc  ",Convenience Store,901,River St,Ste 101,Honolulu,HI,96817,5399,HONOLULU,21.3132,-157.8649,2014-07-09,2019-06-24
1151226,"Saigon Services, Inc  ",Convenience Store,901,River St,Ste 101,Honolulu,HI,96817,5399,HONOLULU,21.3132,-157.8649,2019-08-26,2024-03-19
1151226,"Saigon Services, Inc  ",Convenience Store,901,River St,Ste 101,Honolulu,HI,96817,5399,HONOLULU,21.3132,-157.8649,2024-03-27,2024-09-02
1022248,Saint-Germain Ala Moana - 1020  ,Bakery Specialty,1450,Ala Moana Blvd,Ste 1020,Honolulu,HI,96814,4602,HONOLULU,21.28931,-157.8422,2011-09-07,2018-09-03
1022245,Saint-Germain Ala Moana - 2250  ,Combination Grocery/Other,1450,Ala Moana Blvd,Ste 2250,Honolulu,HI,96814,4665,HONOLULU,21.28931,-157.8422,2011-09-07,2013-03-31
1103381,Saint-germain Bakery Ala Moana 1063,Combination Grocery/Other,1450,Ala Moana Blvd,Ste 1063,Honolulu,HI,96814,4605,HONOLULU,21.28931,-157.8422,2013-09-09,2017-11-29
1022250,Saint-Germain Beretania  ,Bakery Specialty,1296,S Beretania Street,C/O Times Arcade,Honolulu,HI,96814, ,HONOLULU,21.30083,-157.8411,2011-09-07,2019-04-11
1022261,Saint-Germain Kahala  ,Bakery Specialty,1173,21st Avenue,c/o Times Supermarket Kahala,Honolulu,HI,96816, ,HONOLULU,21.27825,-157.7895,2011-09-07,2012-04-30
1022261,Saint-Germain Kahala  ,Bakery Specialty,1173,21st Avenue,c/o Times Supermarket Kahala,Honolulu,HI,96816, ,HONOLULU,21.27825,-157.7895,2012-05-02,2019-04-11
1022254,Saint-Germain Waikiki  ,Combination Grocery/Other,2301,Kuhio Ave,Ste 117A,Honolulu,HI,96815,5027,HONOLULU,21.27902,-157.8257,2011-09-07,2014-01-13
1127215,Salt Lake 24,Farmers' Market,5337,Likini St, ,Honolulu,HI,96818,1746,HONOLULU,21.34597,-157.9049,2013-12-05,2019-09-20
879350,Sam's Club 6410,Super Store,1000,Kamehameha Hwy,Ste 100,Pearl City,HI,96782, ,HONOLULU,21.39666,-157.9765,2009-01-14,
879348,Sam's Club 4755,Super Store,750,Keeaumoku St, ,Honolulu,HI,96814, ,HONOLULU,21.29519,-157.8427,2009-01-14,
1217667,"Sam's Seafood Market, LLC  ",Combination Grocery/Other,1039,Kekaulike St,Ste 118,Honolulu,HI,96817,5366,HONOLULU,21.31274,-157.8637,2016-01-19,
734549,SAMSTCO DISCOUNT STORE  ,Convenience Store,825,KEEAUMOKU ST,1-110,HONOLULU,HI,96814, ,HONOLULU,21.29649,-157.841,2004-11-17,2010-02-03
940203,SAMSTCO Discount Store  ,Convenience Store,825,Keeaumoku St,1-110,Honolulu,HI,96814, ,HONOLULU,21.29649,-157.841,2010-03-05,2014-07-27
1158825,Samstco Discount Store  ,Convenience Store,825,Keeaumoku St, ,Honolulu,HI,96814,2368,HONOLULU,21.29644,-157.841,2014-08-06,2022-06-16
371948,SAN NICOLAS CHICHARON & SAUSAGE  ,Convenience Store,2130,N KING ST, ,HONOLULU,HI,96819, ,HONOLULU,21.3338,-157.8794,2003-01-07,2008-04-28
399969,Sand Island Mart  ,Convenience Store,24,Sand Island Access Rd,,Honolulu,HI,96819,2297,HONOLULU,21.32125,-157.8915,2000-09-27,2010-04-06
399969,Sand Island Mart  ,Convenience Store,24,Sand Island Access Rd,,Honolulu,HI,96819,2297,HONOLULU,21.32125,-157.8915,2010-04-16,
1273900,"Santos Mart, Llc  ",Seafood Specialty,915,Kekaulike St, ,Honolulu,HI,96817,5006,HONOLULU,21.31219,-157.8646,2017-03-13,
718182,Schofield Barracks Commissary 1345,Military Commissary,698,Trimble Rd, ,Wahiawa,HI,96786,3637,HONOLULU,21.49173,-158.0562,1971-12-14,
972740,Sconees Bakery  ,Bakery Specialty,850,Kamehameha Hwy, ,Pearl City,HI,96782, ,HONOLULU,21.39359,-157.969,2010-10-28,2012-10-08
1156217,Seafood City Supermarket 22,Supermarket,94-050,Farrington Highway, ,Waipahu,HI,96797, ,HONOLULU,21.37757,-158.0241,2014-07-18,
403821,SEOUL MARKET  ,Convenience Store,2019,Waterhouse St,Ste B,Honolulu,HI,96819,3348,HONOLULU,21.33244,-157.8798,1992-06-19,2019-03-24
403821,SEOUL MARKET  ,Convenience Store,2019,Waterhouse St,Ste B,Honolulu,HI,96819,3348,HONOLULU,21.33244,-157.8798,2019-04-19,2021-08-03
403821,SEOUL MARKET  ,Convenience Store,2019,Waterhouse St,Ste B,Honolulu,HI,96819,3348,HONOLULU,21.33244,-157.8798,2021-08-11,2021-10-25
1503245,Seoul Market  ,Convenience Store,2019,Waterhouse St,Ste B,Honolulu,HI,96819,3348,HONOLULU,21.33234,-157.88,2022-07-14,
444257,SEOUL MEAT COMPANY  ,Combination Grocery/Other,1095,Dillingham Blvd,Kokea Shopping Center Ste F3,Honolulu,HI,96817,4533,HONOLULU,21.32163,-157.8725,1991-01-08,2015-06-15
1353581,Shalom Asian Market Llc 1,Medium Grocery Store,175,N Hotel St,Ste 6A,Honolulu,HI,96817,5354,HONOLULU,21.31338,-157.8636,2019-04-26,2023-12-10
1229014,Shan's Shack 1,Convenience Store,1485,Linapuni St,Rm 112,Honolulu,HI,96819,3575,HONOLULU,21.33813,-157.8766,2016-01-13,
355108,SHEN'S PRODUCE MARKET C1B,Fruits/Veg Specialty,179,N King St, ,Honolulu,HI,96817,5012,HONOLULU,21.31319,-157.8643,2002-09-05,2009-05-19
574964,Shima's Market  ,Super Store,41-1606,Kalanianaole Hwy, ,Waimanalo,HI,96795,1138,HONOLULU,21.34812,-157.7233,1971-12-28,2017-10-02
1297854,Shima's Market 21,Super Store,41-1606,Kalanianaole Hwy, ,Waimanalo,HI,96795,1198,HONOLULU,21.34807,-157.723,2017-09-15,
652055,SHIROMA FARM  ,Farmers' Market,85-485 B,WAIANAE VALLEY ROAD, ,WAIANAE,HI,96792, ,HONOLULU,21.4481,-158.1802,1975-08-07,2010-04-15
339416,SHYRL'S FISHING & SEAFOOD  ,Seafood Specialty,1120,Maunakea St Ste 158, ,Honolulu,HI,96817,5169,HONOLULU,21.31253,-157.8624,2004-05-12,2006-03-28
739839,SIAM MARKET  ,Unknown,3424,Waialae Ave, ,Honolulu,HI,96816,2620,HONOLULU,21.28475,-157.8029,2005-01-13,2006-01-30
442954,SILVA'S GROCERY AND LIQUOR  ,Convenience Store,91-455,Ewa Beach Rd, ,Ewa Beach,HI,96706,2939,HONOLULU,21.31172,-158.003,1998-08-21,2024-11-18
639222,Sing Hing Market 2,Meat/Poultry Specialty,145,N King St,Spc 27,Honolulu,HI,96817,5309,HONOLULU,21.3127,-157.8642,1995-12-07,2014-05-23
639222,Sing Hing Market 2,Meat/Poultry Specialty,145,N King St,Spc 27,Honolulu,HI,96817,5309,HONOLULU,21.3127,-157.8642,2014-06-04,
436415,SIRIPHATTANA FARM  ,Fruits/Veg Specialty,41-889,Mahiku Pl, ,Waimanalo,HI,96795,1159,HONOLULU,21.34768,-157.7366,1981-02-24,2006-04-17
851379,Siriphattana Farm  ,Fruits/Veg Specialty,41-889,Mahiku Pl,Peoples Open Market,Waimanalo,HI,96795,1159,HONOLULU,21.34768,-157.7366,2008-04-14,2009-09-14
1123209,Skyson Groceries & Tobacco  ,Convenience Store,94-226,Leoku St,Ste 4,Waipahu,HI,96797,1905,HONOLULU,21.37912,-158.0241,2014-01-09,2020-10-26
745628,SKYSON USA  ,Combination Grocery/Other,94-226,Leoku St, ,Waipahu,HI,96797,1905,HONOLULU,21.37911,-158.0241,2005-03-14,2010-02-24
624629,Skyson USA LLC  ,Large Grocery Store,600,N King St, ,Honolulu,HI,96817,4508,HONOLULU,21.31931,-157.8653,2000-08-21,2009-03-16
624629,Skyson USA LLC  ,Large Grocery Store,600,N King St, ,Honolulu,HI,96817,4508,HONOLULU,21.31931,-157.8653,2010-02-25,
940632,Skyson Waipahu  ,Convenience Store,94-226,Leoku St, ,Waipahu,HI,96797,1905,HONOLULU,21.37911,-158.0241,2010-03-03,2013-12-03
562074,SLOW POKE' FISHMARKET  ,Small Grocery Store,45-1048,Kamehameha Hwy, ,Kaneohe,HI,96744,3206,HONOLULU,21.41629,-157.8013,1985-05-22,2009-07-14
1110698,Snack's Galore  ,Convenience Store,300,ALA MOANA BLVD, ,Honolulu,HI,96813, ,HONOLULU,21.3053,-157.8626,2013-09-24,2014-03-12
1179400,Snacks Galore  ,Convenience Store,300,Ala Moana Boulevard,1st Fl,Honolulu,HI,96813, ,HONOLULU,21.3042,-157.863,2015-02-04,2020-06-21
683552,SONG'S PRODUCE  ,Fruits/Veg Specialty,3571,WAIALAE AVE, ,HONOLULU,HI,96816, ,HONOLULU,21.28296,-157.7995,1993-09-03,2009-03-22
1491835,Sonia's Market  ,Fruits/Veg Specialty,94-340,Waipahu Depot Street,Space #12,Waipahu,HI,96797, ,HONOLULU,21.38507,-158.0075,2022-03-18,
918874,SPEEDMART  ,Convenience Store,407,SEASIDE AVE, ,HONOLULU,HI,96815, ,HONOLULU,21.28045,-157.8268,2009-10-13,2012-04-04
1613494,Spice Indian Mart  ,Convenience Store,1401,Kalakaua Ave,,Honolulu,HI,96826,1911,HONOLULU,21.29767,-157.8367,2024-10-10,
1420699,Spinner's Cafe & General Store  ,Convenience Store,85-491,Farrington Hwy, ,Waianae,HI,96792,2352,HONOLULU,21.45011,-158.1966,2020-09-23,2025-01-03
1169167,Spring Market Inc.  ,Fruits/Veg Specialty,1039,Kekaulike St,Ste 105,Honolulu,HI,96817,5365,HONOLULU,21.31261,-157.8639,2014-11-14,2018-09-03
1495046,Stadium Texaco 20887,Convenience Store,4561,Salt Lake Blvd,,Honolulu,HI,96818,3167,HONOLULU,21.36594,-157.9302,2022-04-15,
525332,STAR IMPORT INC  ,Unknown,175,N Hotel St Ste 6A, ,Honolulu,HI,96817,5354,HONOLULU,21.31331,-157.8635,1996-10-24,2006-11-13
708793,STAR MARKETS LTD 3,Supermarket,4211,WAIALAE AVE, ,HONOLULU,HI,96816, ,HONOLULU,21.27846,-157.7866,1971-12-30,2007-03-12
460810,STAR MARKETS LTD 1,Super Store,2470,S King St, ,Honolulu,HI,96826,3013,HONOLULU,21.2927,-157.824,1971-12-30,2009-12-06
457596,STAR MARKETS LTD 5,Supermarket,46-023,KAMEHAMEHA HWY, ,KANEOHE,HI,96744, ,HONOLULU,21.41917,-157.8025,1971-12-30,2007-02-17
708865,STAR MARKETS LTD 2,Super Store,1620,N SCHOOL ST, ,HONOLULU,HI,96817, ,HONOLULU,21.33568,-157.8691,1971-12-30,2010-06-29
271013,STAR MARKETS LTD 10,Super Store,95-1249,MEHEULA PKY, ,MILILANI,HI,96789, ,HONOLULU,21.45325,-158.0078,1987-10-20,2011-01-17
343232,STAR MARKETS LTD - EWA BEACH 12,Super Store,91-919,FORT WEAVER RD, ,EWA BEACH,HI,96706, ,HONOLULU,21.31703,-158.0132,1999-08-09,2009-12-06
517624,Stephanie's Vietnamese Fresh Fruit Market  ,Small Grocery Store,1120,Maunakea St,Ste 142,Honolulu,HI,96817,5169,HONOLULU,21.31253,-157.8625,2004-09-03,2005-01-03
517624,Stephanie's Vietnamese Fresh Fruit Market  ,Small Grocery Store,1120,Maunakea St,Ste 142,Honolulu,HI,96817,5169,HONOLULU,21.31253,-157.8625,2005-11-16,2025-07-14
1285448,Store For Polynesian  ,Medium Grocery Store,87-1784,Farrington Hwy,Ste 3,Waianae,HI,96792,3754,HONOLULU,21.39187,-158.1567,2017-09-18,2018-11-27
1285448,Store For Polynesian  ,Medium Grocery Store,87-1784,Farrington Hwy,Ste 3,Waianae,HI,96792,3754,HONOLULU,21.39187,-158.1567,2018-12-06,
671812,"SUN CHONG CO., LTD.  ",Combination Grocery/Other,127,N Hotel St, ,Honolulu,HI,96817,5003,HONOLULU,21.31259,-157.8633,1994-08-10,
616938,SUN HOY CHAN CO  ,Seafood Specialty,145,N King St,Spc 10,Honolulu,HI,96817,5309,HONOLULU,21.3127,-157.8642,1976-11-01,2014-09-11
616938,SUN HOY CHAN CO  ,Seafood Specialty,145,N King St,Spc 10,Honolulu,HI,96817,5309,HONOLULU,21.3127,-157.8642,2014-09-23,2021-06-07
1179505,"Sunday Asian Market, LLC  ",Combination Grocery/Other,175,N Hotel St,Ste 6a,Honolulu,HI,96817,5354,HONOLULU,21.31332,-157.8635,2015-02-23,2019-04-08
1025145,Sunny Mart  ,Convenience Store,427,Nahua St, ,Honolulu,HI,96815,2949,HONOLULU,21.27947,-157.8252,2011-11-03,2014-05-01
1149829,Sunny Mart  ,Convenience Store,427,Nahua St, ,Honolulu,HI,96815,2949,HONOLULU,21.27946,-157.8252,2014-05-30,2015-09-23
392874,SUNNY'S MART  ,Medium Grocery Store,2215,N School St, ,Honolulu,HI,96819,2592,HONOLULU,21.34013,-157.8739,2003-11-07,2007-09-19
971041,Sunny's Mart  ,Convenience Store,2215,N School St, ,Honolulu,HI,96819,2592,HONOLULU,21.34013,-157.8739,2011-01-19,2011-09-21
1022510,Sunny's Mart  ,Medium Grocery Store,2215,N School St, ,Honolulu,HI,96819,2592,HONOLULU,21.34015,-157.8739,2011-09-22,2016-09-25
1255960,Sunny's Mart  ,Medium Grocery Store,2215,N School St, ,Honolulu,HI,96819,2592,HONOLULU,21.34015,-157.8739,2016-09-26,2019-07-14
1368384,Sunny's Mart  ,Medium Grocery Store,2215,N School St, ,Honolulu,HI,96819,2592,HONOLULU,21.34015,-157.8739,2019-07-24,
1038698,Sunrise Market  ,Convenience Store,581,Dillingham Blvd, ,Honolulu,HI,96817,4602,HONOLULU,21.31837,-157.8661,2012-03-12,2014-02-02
1133627,Sunrise Market  ,Convenience Store,581,Dillingham Blvd, ,Honolulu,HI,96817,4602,HONOLULU,21.31837,-157.8659,2014-05-16,2020-09-07
850316,Sunset Chevron  ,Convenience Store,59-186,Kamehameha Hwy, ,Haleiwa,HI,96712,9725,HONOLULU,21.67098,-158.0434,2008-06-23,2018-07-26
1356122,Sunshine Market  ,Convenience Store,1611,Lusitana St, ,Honolulu,HI,96813,1623,HONOLULU,21.31344,-157.8527,2019-04-11,2021-01-25
1461603,Sunshine Market  ,Convenience Store,1611,Lusitana St,,Honolulu,HI,96813,1623,HONOLULU,21.31345,-157.8526,2021-08-04,
694495,Super 7 Mini Mart  ,Convenience Store,918,Smith St,Ste E,Honolulu,HI,96817,5123,HONOLULU,21.31085,-157.8642,2002-11-06,
242594,SURFSIDE EXPRESS  ,Convenience Store,56-565,Kamehameha Hwy, ,Kahuku,HI,96731,2202,HONOLULU,21.67741,-157.9499,2003-12-11,2007-11-04
278192,SURFSIDE LAUNDRY STORE  ,Convenience Store,85-175,FARRINGTON HWY, ,WAIANAE,HI,96792, ,HONOLULU,21.45803,-158.2024,1983-06-09,2013-09-08
1110914,Surfside Sundries & Laundromat  ,Convenience Store,85-175,Farrington Highway, ,Waianae,HI,96792, ,HONOLULU,21.45842,-158.203,2013-09-09,2018-05-17
586969,SUSAN'S MEAT MARKET  ,Meat/Poultry Specialty,1120,Maunakea St Ste 150, ,Honolulu,HI,96817,5169,HONOLULU,21.31253,-157.8624,2003-04-01,2009-09-18
1273769,Sushi & Kalbi Mart  ,Convenience Store,87-2070,Farrington Hwy, ,Waianae,HI,96792,3757,HONOLULU,21.38687,-158.1513,2017-03-16,2022-09-18
1204950,Sushi & Mini Market  ,Combination Grocery/Other,91-775,Papipi Rd,Ste B,Ewa Beach,HI,96706,2466,HONOLULU,21.31488,-158.0145,2015-08-25,2017-07-02
578595,T & T MEAT MARKET  ,Meat/Poultry Specialty,145,N King St,Ste 4,Honolulu,HI,96817,5309,HONOLULU,21.3127,-157.8642,1995-09-07,2018-08-13
1008195,T K Mart  ,Convenience Store,1409,Kinau St,,Honolulu,HI,96814,1317,HONOLULU,21.301,-157.8388,2011-06-17,
920898,Talofa Polynesian Market  ,Medium Grocery Store,717,N King St, ,Honolulu,HI,96817,4502,HONOLULU,21.32054,-157.8663,2009-10-27,
651462,TAMASHIRO MARKET INC  ,Combination Grocery/Other,802,N King St, ,Honolulu,HI,96817,4513,HONOLULU,21.32199,-157.867,1972-02-01,
232445,Tammy's Polynesian Market Inc  ,Large Grocery Store,94-839,Farrington Hwy,,Waipahu,HI,96797,3169,HONOLULU,21.38397,-158.003,2003-07-18,
633242,TAMURA SUPERETTE INC  ,Super Store,86-032,Farrington Hwy,,Waianae,HI,96792,3039,HONOLULU,21.43981,-158.1855,1971-12-23,
486682,TAMURA'S FINE WINE & LIQUORS  ,Convenience Store,1216,10th Ave, ,Honolulu,HI,96816,2708,HONOLULU,21.28412,-157.801,2002-03-07,2009-04-14
971871,Tamura's Kalaeloa  ,Super Store,91-1051,Enterprise Ave, ,Kapolei,HI,96707, ,HONOLULU,21.31496,-158.0693,2010-10-19,2021-07-26
521590,TAMURA'S WAHIAWA  ,Super Store,440,Kilani Ave, ,Wahiawa,HI,96786,1837,HONOLULU,21.49819,-158.0305,1995-06-23,
731617,TAMURAS MARKET HAUULA  ,Super Store,54-316,Kamehameha Hwy, ,Hauula,HI,96717,9539,HONOLULU,21.61967,-157.9163,2004-11-29,
891190,Tan Phat Foods Mart  ,Fruits/Veg Specialty,1039,Kekaulike St,Ste 103,Honolulu,HI,96817,5365,HONOLULU,21.31262,-157.8639,2009-05-04,2010-01-24
863990,Tanabe Market  ,Medium Grocery Store,934,Keeaumoku St, ,Honolulu,HI,96814,2314,HONOLULU,21.29802,-157.8405,2008-09-24,2011-02-13
338564,TANIOKA'S FISH MARKET INC  ,Seafood Specialty,94-903,Farrington Hwy, ,Waipahu,HI,96797,3200,HONOLULU,21.38463,-158.001,1978-06-02,2018-09-03
1300011,Target 2870,Super Store,1450,Ala Moana Blvd,Ste 2401,Honolulu,HI,96814, ,HONOLULU,21.28965,-157.8436,2017-10-03,
881722,Target Store T-2410,Super Store,4380,LAWEHANA ST, ,Honolulu,HI,96818, ,HONOLULU,21.35451,-157.9296,2009-01-30,
881730,Target Store T-2411,Super Store,4450,Kapolei Pkwy,Ste 100,Kapolei,HI,96707,1878,HONOLULU,21.32886,-158.0914,2009-01-30,
1186882,Target Store 2697,Super Store,345,Hahani St, ,Kailua,HI,96734, ,HONOLULU,21.39127,-157.7411,2015-02-17,
1552741,Target Store T2888,Super Store,46-056,Kamehameha Hwy, ,Kaneohe,HI,96744,3755,HONOLULU,21.42063,-157.804,2023-06-15,
1617373,Target Store T3438,Super Store,2345,Kuhio Ave, ,Honolulu,HI,96815,2939,HONOLULU,21.27849,-157.8255,2024-09-19,
310914,TED'S BAKERY  ,Combination Grocery/Other,59-024,Kamehameha Hwy, ,Haleiwa,HI,96712,9723,HONOLULU,21.67759,-158.0365,1985-07-10,2021-09-29
798957,TEN-TEN MARKET  ,Convenience Store,1153,Kamehameha IV Rd, ,Honolulu,HI,96819,2475,HONOLULU,21.33795,-157.8802,2006-08-31,2007-05-28
1379448,Tensr Corp Dba Manna Liquor And Grocery  ,Convenience Store,834,Kilani Ave,,Wahiawa,HI,96786,2091,HONOLULU,21.4991,-158.027,2019-10-07,2021-01-03
1379448,Tensr Corp Dba Manna Liquor And Grocery  ,Convenience Store,834,Kilani Ave,,Wahiawa,HI,96786,2091,HONOLULU,21.4991,-158.027,2021-01-11,2021-03-14
1379448,Tensr Corp Dba Manna Liquor And Grocery  ,Convenience Store,834,Kilani Ave,,Wahiawa,HI,96786,2091,HONOLULU,21.4991,-158.027,2021-10-14,2022-12-19
1028949,Tersty Treats LLC  ,Seafood Specialty,41-1540,Kalanianaole Hwy,#B,Waimanalo,HI,96795, ,HONOLULU,21.34796,-157.722,2011-11-14,2015-05-05
663710,TESORO  61031,Combination Grocery/Other,98-1277,KAAHUMANU ST, ,AIEA,HI,96701, ,HONOLULU,21.39019,-157.9533,2004-06-15,2008-11-24
1192049,Thai Farmers In Ewa 1,Farmers' Market,91-1472,Renton Rd, ,Ewa Beach,HI,96706,4200,HONOLULU,21.35084,-158.0255,2015-05-04,2019-12-26
731600,THAI FOOD CENTER  ,Meat/Poultry Specialty,78,Wilikina Dr, ,Wahiawa,HI,96786,1728,HONOLULU,21.49095,-158.03,2004-11-22,2007-01-03
811027,THAI FOOD MART  ,Combination Grocery/Other,78,Wilikina Dr, ,Wahiawa,HI,96786,1728,HONOLULU,21.49095,-158.03,2007-01-30,2015-12-16
881668,Thai Town Market and Video LLC  ,Combination Grocery/Other,1120,Maunakea St,Ste 139,Honolulu,HI,96817,5168,HONOLULU,21.31253,-157.8624,2009-02-03,2012-06-03
1018400,Thai Town Market and Video LLC 2  ,Combination Grocery/Other,1147,River St, ,Honolulu,HI,96817,5048,HONOLULU,21.31371,-157.8628,2011-09-13,2012-10-24
603154,THANH PHAT MARKET  ,Meat/Poultry Specialty,145,N King St,Spc 13,Honolulu,HI,96817,5309,HONOLULU,21.3127,-157.8642,1999-02-02,2019-08-08
428975,THANH PHAT MARKET II  ,Meat/Poultry Specialty,135,N King St # 3A/3B, ,Honolulu,HI,96817,5084,HONOLULU,21.3123,-157.8639,2002-02-28,2007-06-17
332375,THE BROWN BOTTLE  ,Convenience Store,67-292,Goodale Ave, ,Waialua,HI,96791, ,HONOLULU,21.571,-158.1227,1985-01-29,
562892,THE FREIGHT MERCHANT LIQUIDATOR  ,Medium Grocery Store,1203,N School St, ,Honolulu,HI,96817,2014,HONOLULU,21.32988,-157.8648,1988-05-25,2019-09-23
593900,THE FREIGHT MERCHANT WAREHOUSE - ROSE ST  ,Convenience Store,2522,Rose St, ,Honolulu,HI,96819,2449,HONOLULU,21.34239,-157.8809,1994-10-07,2006-06-29
1116278,The Korner Stop LLC  ,Convenience Store,547,Halekauwila St, ,Honolulu,HI,96813,5029,HONOLULU,21.30268,-157.8605,2013-10-31,2019-06-13
934965,The Little Snack Shop LLC  ,Convenience Store,46-022,Alaloa St,Ste A1,Kaneohe,HI,96744,3815,HONOLULU,21.41712,-157.8059,2010-02-16,2018-09-03
1315273,The Little Snack Shop Llc  ,Convenience Store,46-020,Alaloa St,Ste A1,Kaneohe,HI,96744,3815,HONOLULU,21.41703,-157.8058,2018-04-23,2021-06-16
821321,The Meat Market  ,Meat/Poultry Specialty,914,Kilani Ave, ,Wahiawa,HI,96786,2102,HONOLULU,21.49947,-158.026,2007-06-19,2009-02-22
453910,THE PUMP LIQUOR  ,Convenience Store,94-866,MOLOALO ST, ,WAIPAHU,HI,96797, ,HONOLULU,21.38458,-158.0025,2000-06-28,2006-06-19
793967,THE PUMP LIQUOR  ,Convenience Store,94-866,Moloalo St,Ste D6,Waipahu,HI,96797,3356,HONOLULU,21.38458,-158.0025,2006-06-30,
872235,The Sea Country General Store  ,Convenience Store,87-1988,Pakeke St, ,Waianae,HI,96792,3491,HONOLULU,21.40681,-158.1644,2008-11-26,2021-08-18
872235,The Sea Country General Store  ,Convenience Store,87-1988,Pakeke St, ,Waianae,HI,96792,3491,HONOLULU,21.40681,-158.1644,2021-08-30,2023-05-08
497809,THE SOURCE NATURAL FOODS  ,Convenience Store,32,KAINEHE ST, ,KAILUA,HI,96734, ,HONOLULU,21.39427,-157.7457,1986-06-30,2025-07-21
1616374,Three Princesses Big Island Fruits  ,Fruits/Veg Specialty,175,N Hotel St,#6,Honolulu,HI,96817,5105,HONOLULU,21.31328,-157.8638,2024-10-16,
1309523,Thumbs Up Market  ,Convenience Store,411,N King St,,Honolulu,HI,96817,4704,HONOLULU,21.3165,-157.8647,2018-04-20,2021-09-26
1309523,Thumbs Up Market  ,Convenience Store,411,N King St,,Honolulu,HI,96817,4704,HONOLULU,21.3165,-157.8647,2022-05-02,
1331806,Tiger Market Maile 1,Convenience Store,87-108,Farrington Hwy,,Waianae,HI,96792,4523,HONOLULU,21.42643,-158.1783,2018-12-14,2024-02-29
911370,Times Super Market - Kamehameha 25,Super Store,1620,N School St, ,Honolulu,HI,96817, ,HONOLULU,21.33568,-157.8691,2009-08-20,2017-10-02
911369,Times Super Market Mililani 28,Super Store,95-1249,Meheula Parkway, ,Mililani,HI,96789, ,HONOLULU,21.45325,-158.0078,2009-08-20,2017-10-02
270288,TIMES SUPER MKT AIEA 9,Super Store,99-115,AIEA HEIGHTS DR, ,AIEA,HI,96701, ,HONOLULU,21.37903,-157.9305,2002-02-05,2017-10-02
1297836,Times Super Mkt Aiea 9,Super Store,99-115,Aiea Heights Dr, ,Aiea,HI,96701,3924,HONOLULU,21.37923,-157.9302,2017-09-15,
417691,TIMES SUPER MKT BERETANIA 8,Super Store,1290,S Beretania St, ,Honolulu,HI,96814,1513,HONOLULU,21.30102,-157.8416,2002-02-05,2017-10-02
1297262,Times Super Mkt Beretania 8,Super Store,1290,S Beretania St, ,Honolulu,HI,96814,1596,HONOLULU,21.30088,-157.8413,2017-09-15,
555044,TIMES SUPER MKT KAHALA 2,Super Store,1173,21ST AVE, ,HONOLULU,HI,96816, ,HONOLULU,21.27825,-157.7895,2002-02-05,2017-10-02
1297254,Times Super Mkt Kahala 2,Super Store,1173,21st Ave, ,Honolulu,HI,96816,4637,HONOLULU,21.27818,-157.7895,2017-09-15,
348350,TIMES SUPER MKT KAILUA 3,Super Store,590,Kailua Rd, ,Kailua,HI,96734,2827,HONOLULU,21.39368,-157.7408,2002-02-05,2017-10-02
374115,TIMES SUPER MKT KAIMUKI 14,Super Store,3221,WAIALAE AVE, ,HONOLULU,HI,96816, ,HONOLULU,21.28703,-157.8076,2002-02-05,2017-10-02
1297844,Times Super Mkt Kaimuki 14,Super Store,3221,Waialae Ave, ,Honolulu,HI,96816,5842,HONOLULU,21.28703,-157.8076,2017-09-15,
1297860,Times Super Mkt Kamehameha 25,Super Store,1620,N School St, ,Honolulu,HI,96817,1844,HONOLULU,21.33607,-157.8694,2017-09-15,
622144,TIMES SUPER MKT KANEOHE 4,Super Store,45-934,Kamehameha Hwy, ,Kaneohe,HI,96744,3205,HONOLULU,21.41398,-157.8003,2002-02-05,2017-10-02
1297257,Times Super Mkt Kaneohe 4,Super Store,45-934,Kamehemeha Hwy, ,Kaneohe,HI,96744, ,HONOLULU,21.41425,-157.8004,2017-09-15,
1297837,Times Super Mkt Koolau 10,Super Store,47-388,Hui Iwa St, ,Kaneohe,HI,96744,4428,HONOLULU,21.43788,-157.8272,2017-09-15,
709397,TIMES SUPER MKT KUNIA 18,Super Store,94-615,Kupuohi St, ,Waipahu,HI,96797,1124,HONOLULU,21.39005,-158.0336,2002-02-05,2017-10-02
1297851,Times Super Mkt Kunia 18,Super Store,94-615,Kupuohi St, ,Waipahu,HI,96797,5380,HONOLULU,21.38975,-158.0336,2017-09-15,
297724,TIMES SUPER MKT LILIHA 11,Super Store,1425,LILIHA ST, ,HONOLULU,HI,96817, ,HONOLULU,21.32052,-157.8614,2002-02-05,2017-10-02
1297840,Times Super Mkt Liliha 11,Super Store,1425,Liliha St, ,Honolulu,HI,96817,3522,HONOLULU,21.3203,-157.8617,2017-09-15,
364154,TIMES SUPER MKT MCCULLY 1,Super Store,1772,S King St, ,Honolulu,HI,96826,2135,HONOLULU,21.2959,-157.8329,2002-02-05,2017-10-02
1297251,Times Super Mkt McCully 1,Super Store,1772,S King St, ,Honolulu,HI,96826,2135,HONOLULU,21.29587,-157.8328,2017-09-15,
1297868,Times Super Mkt Mililani 28,Super Store,95-1249,Meheula Pkwy, ,Mililani,HI,96789,1779,HONOLULU,21.45279,-158.0083,2017-09-15,
359800,TIMES SUPER MKT TEMPLE VALLEY 10,Super Store,47-388,HUI IWA STREET, ,KANEOHE,HI,96744, ,HONOLULU,21.43788,-157.8272,2002-02-05,2017-10-02
557925,TIMES SUPER MKT WAIMALU 12,Super Store,98-1264,Kaahumanu St, ,Pearl City,HI,96782,3223,HONOLULU,21.39002,-157.9534,2002-02-05,2017-10-02
1297843,Times Super Mkt Waimalu 12,Super Store,98-1264,Kaahumanu St, ,Pearl City,HI,96782,3252,HONOLULU,21.39002,-157.9534,2017-09-15,
528404,TIMES SUPER MKT WAIPAHU 6,Super Store,94-766,Farrington Hwy, ,Waipahu,HI,96797,3348,HONOLULU,21.38399,-158.0051,2002-02-05,2017-10-02
1297259,Times Super Mkt Waipahu 6,Super Store,94-766,Farrington Hwy, ,Waipahu,HI,96797,3348,HONOLULU,21.38395,-158.0052,2017-09-15,
759999,TITAN TOBACCO & LIQUOR  ,Combination Grocery/Other,87-1942,FARRINGTON HWY, ,NANAKULI,HI,96792, ,HONOLULU,21.38893,-158.1535,2005-08-09,2006-06-01
759999,TITAN TOBACCO & LIQUOR  ,Combination Grocery/Other,87-1942,FARRINGTON HWY, ,NANAKULI,HI,96792, ,HONOLULU,21.38893,-158.1535,2006-06-14,2007-04-09
937725,TM888 Seafood  ,Small Grocery Store,94-366,Pupupani St,Ste 117,Waipahu,HI,96797,2644,HONOLULU,21.38124,-158.0171,2010-02-16,2011-02-27
499623,To Go Tesoro 61047,Combination Grocery/Other,86-090,Farrington Hwy, ,Waianae,HI,96792,3042,HONOLULU,21.43684,-158.1852,2003-11-25,2013-09-29
295904,To Go Tesoro 61057,Combination Grocery/Other,95-1141,Ukuwai St, ,Mililani,HI,96789,5328,HONOLULU,21.46853,-158.0023,2003-12-01,2013-09-29
423201,To Go Tesoro 61024,Combination Grocery/Other,759,S King St, ,Honolulu,HI,96813,3001,HONOLULU,21.30302,-157.8531,2003-12-02,2013-09-29
491137,To Go Tesoro 61022,Combination Grocery/Other,1311,Palama St, ,Honolulu,HI,96817,3400,HONOLULU,21.32318,-157.8651,2003-12-02,2013-09-29
244597,To Go Tesoro 61012,Combination Grocery/Other,1529,Dillingham Blvd, ,Honolulu,HI,96817,4803,HONOLULU,21.32514,-157.8775,2003-12-02,2013-09-29
511741,To Go Tesoro 61055,Combination Grocery/Other,91-590,Farrington Hwy, ,Kapolei,HI,96707,2009,HONOLULU,21.3388,-158.078,2003-12-09,2013-09-29
263563,To Go Tesoro 61013,Combination Grocery/Other,707,Kapahulu Ave, ,Honolulu,HI,96816,1132,HONOLULU,21.28004,-157.8141,2003-12-09,2013-09-29
270044,To Go Tesoro 61021,Combination Grocery/Other,1950,Kalihi St, ,Honolulu,HI,96819,4254,HONOLULU,21.34169,-157.8666,2004-06-15,2013-09-29
431047,To Go Tesoro 61016,Combination Grocery/Other,922,Kamehameha Hwy, ,Pearl City,HI,96782,2556,HONOLULU,21.39412,-157.9706,2004-06-15,2013-09-29
276484,To Go Tesoro 61056,Combination Grocery/Other,95-614,Lanikuhana Ave, ,Mililani,HI,96789,2900,HONOLULU,21.45173,-158.0046,2004-06-24,2013-09-29
443016,To Go Tesoro 61046,Combination Grocery/Other,87-2070,FARRINGTON HWY, ,WAIANAE,HI,96792, ,HONOLULU,21.38691,-158.1513,2004-07-15,2013-09-29
1297255,Tokyo Central ,Super Store,590,Kailua Rd, ,Kailua,HI,96734,2827,HONOLULU,21.39368,-157.7408,2017-09-15,
982501,Tom's Chevron 99080,Convenience Store,743,N King St, ,Honolulu,HI,96817,4512,HONOLULU,21.32083,-157.8665,2011-01-18,2011-09-21
507900,Tom's Seafood  ,Combination Grocery/Other,930,Kekaulike St, ,Honolulu,HI,96817, ,HONOLULU,21.31223,-157.8647,2003-05-01,2014-12-02
896138,Tom's Seafood 2,Medium Grocery Store,94-366,Pupupani St #117, ,Waipahu,HI,96797,2644,HONOLULU,21.38124,-158.0171,2009-05-06,2010-02-01
712689,TOMO'S MARKET  ,Convenience Store,2012,HOUGHTAILING ST, ,HONOLULU,HI,96817, ,HONOLULU,0.0,0.0,2004-07-30,2005-03-20
1019915,Tomo's Market  ,Convenience Store,2012,Houghtailing St, ,Honolulu,HI,96817, ,HONOLULU,21.33456,-157.8611,2011-08-24,
675609,TONY'S LIQUOR & DELI 1,Convenience Store,111,Sand Island Access Rd, ,Honolulu,HI,96819, ,HONOLULU,21.32315,-157.891,2000-04-11,2010-04-27
949704,TONY'S LIQUOR & DELI  ,Convenience Store,111,Sand Island Access Rd,Unit R16,Honolulu,HI,96819,4916,HONOLULU,21.32315,-157.891,2010-05-05,2019-04-15
1360701,Tony's Liquor & Deli  ,Convenience Store,111,Sand Island Access Rd, ,Honolulu,HI,96819,2296,HONOLULU,21.32313,-157.8911,2019-04-25,
346621,TONY'S LIQUOR & DELI #2  ,Convenience Store,581,Dillingham Blvd, ,Honolulu,HI,96817,4602,HONOLULU,21.31837,-157.8661,2000-05-25,2005-07-10
1595586,Tri Seafood & Distribution Inc  ,Seafood Specialty,1174,N King St,,Honolulu,HI,96817,3346,HONOLULU,21.32613,-157.8696,2024-05-28,
727668,TROPIC FISH & VEGETABLE CTR INC  ,Supermarket,1020,AUAHI ST BLDG 1, ,HONOLULU,HI,96814, ,HONOLULU,21.29524,-157.8559,1972-01-24,2008-05-20
1562218,Troy Enterprise  ,Seafood Specialty,135,N King St,Ste 7B,Honolulu,HI,96817,5084,HONOLULU,21.31221,-157.8641,2023-12-06,2025-11-18
286588,TROY ENTERPRISE II  ,Seafood Specialty,135,N King St,Ste 7A,Honolulu,HI,96817,5084,HONOLULU,21.31229,-157.8639,1992-08-11,2023-01-30
991660,Try Me Restaurant 1,Convenience Store,399,N King St, ,Honolulu,HI,96817,4702,HONOLULU,21.31664,-157.8643,2011-04-13,2012-11-26
1456884,Tst Farm NO,Small Grocery Store,1199,Dillingham Boulevard,Store Number E6-8,Honolulu,HI,96819, ,HONOLULU,21.3222,-157.8738,2021-10-14,
620722,TSUMOTO STORE  ,Convenience Store,94-1047,Waipahu St, ,Waipahu,HI,96797,3625,HONOLULU,21.38958,-158.0046,1985-05-21,2005-11-07
806229,TSUNIS MINI MART  ,Convenience Store,902,PUMEHANA ST, ,HONOLULU,HI,96826, ,HONOLULU,21.29398,-157.8318,2007-01-19,2009-01-28
229778,TULI'S GROCERY & BAKERY  ,Convenience Store,94-210,Leokane St Ste 106, ,Waipahu,HI,96797,2131,HONOLULU,21.38028,-158.0198,2004-11-18,2008-04-13
1206397,Twin Bridge Farms  ,Farmers' Market, ,Kamehameha Hwy, ,Haleiwa,HI,96712, ,HONOLULU,21.68516,-158.0259,2015-07-19,2019-09-20
1559902,Tymk Trading Inc  ,Medium Grocery Store,124,N King St,,Honolulu,HI,96817,5009,HONOLULU,21.31236,-157.8637,2023-11-03,
738080,U & M PRODUCE  ,Medium Grocery Store,150,N King St,Ste 101,Honolulu,HI,96817,5905,HONOLULU,21.31284,-157.8642,2005-01-13,
578048,UNIVERSITY STOP  ,Convenience Store,1010 A-1,UNIVERSITY AVE, ,HONOLULU,HI,96826, ,HONOLULU,21.29233,-157.8217,2004-06-04,2007-03-04
815143,University Stop  ,Convenience Store,1010,University Ave,Ste A,Honolulu,HI,96826,1537,HONOLULU,21.29215,-157.8218,2007-03-27,2022-09-20
1126062,Urim Hawaii  ,Combination Grocery/Other,1334,Young St,Ste 104,Honolulu,HI,96814,1847,HONOLULU,21.2997,-157.8408,2014-04-08,2015-01-11
293938,Valley Center Market  ,Convenience Store,2803,Kalihi St,,Honolulu,HI,96819,3014,HONOLULU,21.35226,-157.858,1996-08-28,2017-05-09
293938,Valley Center Market  ,Convenience Store,2803,Kalihi St,,Honolulu,HI,96819,3014,HONOLULU,21.35226,-157.858,2017-07-13,2022-02-13
1538895,Valley Center Market  ,Small Grocery Store,2803,Kalihi Street, ,Honolulu,HI,96819, ,HONOLULU,21.35226,-157.858,2023-05-16,
231051,VALLEY MARKET  ,Convenience Store,2402,10TH AVE, ,HONOLULU,HI,96816, ,HONOLULU,21.30249,-157.7892,2004-02-17,2009-05-05
895342,VALLEY MARKET  ,Convenience Store,2402,10TH AVE, ,HONOLULU,HI,96816, ,HONOLULU,21.30256,-157.7892,2009-05-18,2014-06-03
1151963,Valley Market  ,Small Grocery Store,2402,10th Ave, ,Honolulu,HI,96816, ,HONOLULU,21.30249,-157.7892,2014-06-04,2015-06-04
1615855,Valley Market  ,Convenience Store,2402,10th Ave,,Honolulu,HI,96816,6188,HONOLULU,21.30268,-157.7894,2024-10-22,
1238929,Vaneza Variety Store  ,Fruits/Veg Specialty,94333,Waipahu, ,Depot,HI,96797, ,HONOLULU,21.38379,-158.0197,2016-08-16,2019-04-08
1361670,Vanezas Seafood & Produce Llc  ,Fruits/Veg Specialty,1199,Dillingham Blvd,Ste A103a,Honolulu,HI,96817,4400,HONOLULU,21.3224,-157.8737,2019-04-24,
1345964,Vesi And Utu Polynesian Food & Groceries A6,Small Grocery Store,935,California Ave, ,Wahiawa,HI,96786,2165,HONOLULU,21.49787,-158.025,2019-01-28,2019-07-31
685239,VICTORIA S. MICUA  ,Fruits/Veg Specialty,91-1010,Renton Rd, ,Ewa Beach,HI,96706,3401,HONOLULU,0.0,0.0,1990-05-03,2005-03-30
334812,VILLAGE MARKET  ,Convenience Store,1249,Wilder Ave, ,Honolulu,HI,96822,3100,HONOLULU,21.30564,-157.8383,1972-01-11,
854014,Vim N Vigor - Aiea  ,Convenience Store,98-1247,Kaahumanu St,Ste 118,Aiea,HI,96701,5300,HONOLULU,21.3885,-157.9537,2008-05-21,2011-01-13
853994,Vim n Vigor - Ala Moana  ,Convenience Store,1450,Ala Moana Blvd # 104, ,Honolulu,HI,96814, ,HONOLULU,21.28931,-157.8422,2008-05-21,2010-08-04
557587,VINEYARD MARKET  ,Small Grocery Store,576,N Vineyard Blvd, ,Honolulu,HI,96817,3833,HONOLULU,21.32033,-157.8623,1992-05-29,2006-07-23
762485,VINH THINH MARKET  ,Combination Grocery/Other,190,N King St, ,Honolulu,HI,96817,5013,HONOLULU,21.3134,-157.8642,2005-08-25,2022-04-03
1488245,Vinh Thinh Market LLC  ,Medium Grocery Store,190,N King St, ,Honolulu,HI,96817,5013,HONOLULU,21.31338,-157.8642,2022-06-27,
585428,VIVIAN'S LIQUOR & GROCERY  ,Convenience Store,1155,RIVER ST, ,HONOLULU,HI,96817,4781,HONOLULU,21.31391,-157.8623,2001-02-27,2005-11-16
773146,VIVIAN'S LIQUOR & GROCERY  ,Convenience Store,1155,RIVER ST, ,HONOLULU,HI,96817, ,HONOLULU,21.31391,-157.8623,2005-11-23,2013-05-12
1091545,Vivian's Liquor & Grocery  ,Convenience Store,1155,River Street, ,Honolulu,HI,96817, ,HONOLULU,21.31391,-157.8623,2013-05-23,2014-08-30
682967,VIXAYSACK FARM  ,Farmers' Market,91-213,Namahoe Pl,Peoples Open Market,Kapolei,HI,96707,3024,HONOLULU,21.34027,-158.0678,1992-10-23,2010-04-14
1114521,Vjs Butcher Block  ,Meat/Poultry Specialty,66-470,Kamehameha Hwy, ,Haleiwa,HI,96712,1468,HONOLULU,21.58067,-158.1051,2013-09-11,2019-09-23
838199,Vula Express  ,Convenience Store,56-565,Kamehameha Hwy, ,Kahuku,HI,96731,2202,HONOLULU,21.67741,-157.9499,2008-01-09,2015-04-07
1291401,Vula Express  ,Convenience Store,56-565,Kamehameha Hwy, ,Kahuku,HI,96731,9998,HONOLULU,21.67743,-157.9501,2017-08-11,2021-03-30
376589,WAH WAH SEAFOOD CO  ,Meat/Poultry Specialty,157,N KING ST, ,HONOLULU,HI,96817, ,HONOLULU,21.31287,-157.8642,1993-01-26,2016-09-26
1127194,Wahiawa DP 10,Farmers' Market, ,N Cane & California, ,Whiawa,HI,96786, ,HONOLULU,21.49812,-158.0244,2013-12-05,
1068127,Wahiawa Farmers Market  ,Farmers' Market,1067,California Ave, ,Wahiawa,HI,96786, ,HONOLULU,21.49854,-158.0232,2012-07-19,2017-07-18
403061,WAHIAWA MARKET  ,Convenience Store,302,California Ave Ste 104, ,Wahiawa,HI,96786,1841,HONOLULU,21.49535,-158.0313,2004-06-02,2005-05-27
912437,Wahiawa Market  ,Medium Grocery Store,302,California Ave,Ste 104,Wahiawa,HI,96786,1841,HONOLULU,21.49535,-158.0313,2009-09-28,2013-12-10
1128513,Wahiawa Market  ,Convenience Store,302,California Avenue, ,Wahiawa,HI,96786, ,HONOLULU,21.49538,-158.0312,2014-02-19,2021-12-20
1563809,Waiakamilo Texaco 95023,Convenience Store,909,Waiakamilo Rd, ,Honolulu,HI,96817,4328,HONOLULU,21.32711,-157.8724,2023-09-21,
252731,WAIALAE MINI MART  ,Convenience Store,1137,12TH AVE, ,HONOLULU,HI,96816, ,HONOLULU,21.28161,-157.7993,2001-02-26,2021-08-12
1662253,Waialae Mini Mart  ,Convenience Store,1137,12th Ave,,Honolulu,HI,96816,3750,HONOLULU,21.28184,-157.7991,2025-08-20,
999640,Waialua Fresh  ,Combination Grocery/Other,67-071,Nauahi St, ,Waialua,HI,96791,9668,HONOLULU,21.57334,-158.1214,2011-04-20,
243780,WAIALUA GENERAL STORE  ,Small Grocery Store,67-272,Goodale Ave, ,Waialua,HI,96791,9664,HONOLULU,0.0,0.0,1992-06-29,2005-03-21
885185,Waialua General Store  ,Convenience Store,67-292,Goodale Ave, ,Waialua,HI,96791,9664,HONOLULU,21.57058,-158.1227,2009-07-06,2012-04-10
550593,Waianae Express  ,Convenience Store,85-810,Farrington Hwy, ,Waianae,HI,96792,2402,HONOLULU,21.44683,-158.1887,1997-08-20,2017-05-09
1287482,Waianae Express  ,Convenience Store,85-810,Farrington Hwy,,Waianae,HI,96792,2402,HONOLULU,21.44687,-158.1884,2017-06-26,2020-09-14
1287482,Waianae Express  ,Convenience Store,85-810,Farrington Hwy,,Waianae,HI,96792,2402,HONOLULU,21.44687,-158.1884,2021-11-30,2023-12-17
921348,Waianae Farmers' Market  ,Farmers' Market,86-260,Farrington Hwy, ,Waianae,HI,96792,2113,HONOLULU,21.43002,-158.1795,2009-11-04,2019-12-26
921348,Waianae Farmers' Market  ,Farmers' Market,86-260,Farrington Hwy, ,Waianae,HI,96792,2113,HONOLULU,21.43002,-158.1795,2020-01-03,
498989,Waianae Meat Market  ,Meat/Poultry Specialty,85-853,Farrington Hwy, ,Waianae,HI,96792,2440,HONOLULU,21.44558,-158.1885,1998-08-13,
276165,Waianae Store  ,Super Store,85-863,Farrington Hwy, ,Waianae,HI,96792,2440,HONOLULU,21.44551,-158.1889,1973-06-02,
1127185,Waiau DP 8,Farmers' Market, ,Komo Mai Dr, ,Pearl City,HI,96782, ,HONOLULU,21.42919,-157.9517,2013-12-05,2019-09-20
1127178,Waikele CP 3,Farmers' Market,94-870,Lumiaina St, ,Waipahu,HI,96797,5644,HONOLULU,21.40045,-158.0033,2013-12-05,2019-09-20
360194,WAIKIKI BEACH MARKET  ,Small Grocery Store,410,Nahua St # 101, ,Honolulu,HI,96815,2952,HONOLULU,21.27937,-157.8253,2003-09-30,2008-03-26
1081201,Waikiki Beach Market  ,Convenience Store,410,Nahua St,Ste 101,Honolulu,HI,96815,2909,HONOLULU,21.27937,-157.8253,2012-11-27,
1530454,Waikiki Market 1001,Super Store,2370,Kuhio Ave,Suite 200,Honolulu,HI,96815,5053,HONOLULU,21.27897,-157.8242,2022-12-22,
1395564,Waikiki Old Country Market  ,Medium Grocery Store,236,Liliuokalani Ave,Apt 104,Honolulu,HI,96815,3512,HONOLULU,21.27614,-157.8216,2020-02-27,
755114,WAIMALU GOURMET LIQUOR  ,Convenience Store,98-1277,Kaahumanu St,Ste 110,Aiea,HI,96701,5318,HONOLULU,21.39019,-157.9533,2005-06-14,2015-04-13
1199946,Waimalu Gourmet Liquor  ,Convenience Store,98-1277,Kaahumanu St,Ste 110,Aiea,HI,96701,5318,HONOLULU,21.39019,-157.9533,2015-07-06,2018-08-12
822430,Waimalu Supermarket  ,Supermarket,98-020,Kamehameha Hwy 2E, ,Aiea,HI,96701, ,HONOLULU,21.3859,-157.9513,2007-12-26,2010-01-25
1127202,Waimanalo BP 15,Farmers' Market,41-741,Kalanianaole Hwy, ,Waimanalo,HI,96795, ,HONOLULU,21.32977,-157.6919,2013-12-05,2019-09-20
1173253,Waimanalo Market Co-op  ,Convenience Store,41-1029,Kalanianaole Hwy, ,Waimanalo,HI,96795,1641,HONOLULU,21.34021,-157.7041,2015-05-28,2020-02-20
280999,WAIOLA STORE  ,Convenience Store,2135,Waiola St, ,Honolulu,HI,96826,2747,HONOLULU,21.29255,-157.8286,1995-08-17,2019-07-12
1127187,Waipahu DP 9,Farmers' Market,94-230,Paiwa St, ,Waipahu,HI,96797,3482,HONOLULU,21.388,-157.9994,2013-12-05,
685451,WAIPAHU MARKET  ,Medium Grocery Store,94-861,FARRINGTON HWY, ,WAIPAHU,HI,96797, ,HONOLULU,21.38427,-158.0025,2000-02-15,2006-06-15
793923,WAIPAHU MARKET  ,Medium Grocery Store,94-861,Farrington Hwy, ,Waipahu,HI,96797,3146,HONOLULU,21.38427,-158.0025,2006-06-30,
1020160,Waipio Shell  ,Convenience Store,94-609,Ukee St, ,Waipahu,HI,96797,4204,HONOLULU,21.41906,-158.0045,2011-10-03,2015-08-31
841258,Walgreens 11443,Combination Grocery/Other,1488,Kapiolani Blvd, ,Honolulu,HI,96814,3716,HONOLULU,21.29327,-157.8427,2007-12-22,2013-09-29
875354,Walgreens 10048,Combination Grocery/Other,46-021,Kamehameha Hwy, ,Kaneohe,HI,96744,3769,HONOLULU,21.41923,-157.8025,2008-12-10,
880711,Walgreens 11118,Combination Grocery/Other,1520,N School St, ,Honolulu,HI,96817, ,HONOLULU,21.33468,-157.8683,2009-01-23,
902624,Walgreens 12466,Combination Grocery/Other,56,Oneawa St, ,Kailua,HI,96734,2643,HONOLULU,21.39567,-157.7445,2009-06-15,
1057498,Walgreens 15079,Combination Grocery/Other,7192,Kalanianaole Hwy,Ste C119A,Honolulu,HI,96825,1851,HONOLULU,21.2763,-157.7052,2012-05-02,
1057495,Walgreens 13838,Combination Grocery/Other,135,S Kamehameha Hwy, ,Wahiawa,HI,96786,1810,HONOLULU,21.49397,-158.0295,2012-05-02,
1072325,Walgreens 13972,Combination Grocery/Other,1121,S Beretania St, ,Honolulu,HI,96814,1625,HONOLULU,21.30199,-157.8445,2012-08-23,
1101846,Walgreens 12742,Combination Grocery/Other,1613,Nuuanu Ave, ,Honolulu,HI,96817, ,HONOLULU,21.31675,-157.8556,2013-05-03,2023-04-20
1104896,Walgreens 15146,Combination Grocery/Other,91-1081,Keaunui Dr, ,Ewa Beach,HI,96706,6351,HONOLULU,21.32734,-158.0226,2013-05-30,
1173620,Walgreens 15945,Combination Grocery/Other,116,S Hotel St, ,Honolulu,HI,96813, ,HONOLULU,21.30966,-157.8608,2014-11-21,2019-11-17
1173639,Walgreens 15531,Combination Grocery/Other,94-223,Farrington Hwy, ,Waipahu,HI,96797,2203,HONOLULU,21.37923,-158.0204,2014-11-21,2025-03-26
1186702,Walgreens 12072,Combination Grocery/Other,1488,Kapiolani Blvd, ,Honolulu,HI,96814,3716,HONOLULU,21.29294,-157.842,2015-02-09,2020-08-27
1188471,Walgreens 15955,Combination Grocery/Other,2919,Kapiolani Blvd, ,Honolulu,HI,96826, ,HONOLULU,21.28852,-157.8156,2015-02-24,2023-01-12
525151,WALK IN LIQUORS  ,Convenience Store,699,Auahi St, ,Honolulu,HI,96813,5105,HONOLULU,21.29831,-157.8608,2002-06-25,2007-02-27
817575,Walk In Store  ,Convenience Store,699,Auahi St, ,Honolulu,HI,96813,5105,HONOLULU,21.29831,-157.8608,2007-04-09,2015-05-05
499414,Walmart 2126,Super Store,95-550,Lanikuhana Ave, ,Mililani,HI,96789, ,HONOLULU,21.45052,-158.0056,1998-02-22,
505068,Walmart 2314,Super Store,94-595,Kupuohi St,,Waipahu,HI,96797,5382,HONOLULU,21.39138,-158.0345,1998-03-16,
367501,Walmart 3478,Super Store,700,Keeaumoku St, ,Honolulu,HI,96814, ,HONOLULU,21.29519,-157.8427,2004-09-01,
773748,Walmart 5274,Super Store,1131,Kuala St, ,Pearl City,HI,96782, ,HONOLULU,21.39768,-157.9742,2005-12-01,
1043336,Walmart 3883,Super Store,91-600,Farrington Hwy,,Kapolei,HI,96707,4511,HONOLULU,21.33897,-158.0778,2012-01-31,
1142574,Walmart Store 3149,Super Store,1032,Fort Street Mall, ,Honolulu,HI,96813,5601,HONOLULU,21.30946,-157.8618,2014-04-07,2023-03-23
1142574,Walmart Store 3149,Super Store,1032,Fort Street Mall, ,Honolulu,HI,96813,5601,HONOLULU,21.30946,-157.8618,2023-03-27,2024-02-11
1627517,Wawa Village Market  ,Convenience Store,3075,Waialae Ave,,Honolulu,HI,96816,1514,HONOLULU,21.28843,-157.8107,2025-01-03,
343087,WEI FAT MEAT & SEAFOOD CO  ,Meat/Poultry Specialty,1039,KEKAULIKE ST #12/#19, ,HONOLULU,HI,96817, ,HONOLULU,21.31274,-157.8637,2002-12-06,2005-07-15
697187,Whalers General Store 1374,Convenience Store,352,Lewers St, ,Honolulu,HI,96815,2345,HONOLULU,21.28133,-157.8286,1988-03-09,2021-06-16
699469,Whalers General Store 1336,Convenience Store,2040,KUHIO AVE, ,HONOLULU,HI,96815, ,HONOLULU,21.284,-157.8313,1991-01-11,2021-12-20
1180351,Whalers General Store 1215,Convenience Store,66-079,Kamehameha Hwy, ,Haleiwa,HI,96712,1411,HONOLULU,21.59138,-158.1029,2015-01-29,
1371802,Whalers General Store 1138,Convenience Store,2381,Kuhio Ave, ,Honolulu,HI,96815,2939,HONOLULU,21.27782,-157.8246,2019-07-22,2022-09-13
1501084,Whc Farmer's Market  ,Farmers' Market,41-1347,Kalanialanole Hwy, ,Waimanalo,HI,96795, ,HONOLULU,21.3474,-157.7162,2022-05-03,
1573872,Whitmore Liquor Supermarket  ,Convenience Store,1203,Whitmore Ave,,Wahiawa,HI,96786,1399,HONOLULU,21.51126,-158.0203,2024-01-08,
439426,WHITMORE MINI MART  ,Convenience Store,1203,WHITMORE AVE, ,WAHIAWA,HI,96786, ,HONOLULU,21.51093,-158.0204,2002-01-25,2008-03-10
841334,Whitmore Mini Mart  ,Convenience Store,1203,Whitmore Ave, ,Wahiawa,HI,96786,1300,HONOLULU,21.51093,-158.0204,2008-03-20,2012-06-10
1063591,Whitmore Mini Mart  ,Medium Grocery Store,1203,Whitmore, ,Wahiawa,HI,96786, ,HONOLULU,21.51091,-158.0205,2012-07-20,2017-01-05
1269583,Whitmore Mini Mart  ,Convenience Store,1203,Whitmore Ave, ,Wahiawa,HI,96786, ,HONOLULU,21.51092,-158.0205,2017-02-02,2023-12-10
859952,Whole Foods Market 10363,Super Store,4211,Waialae Ave,Ste T1,Honolulu,HI,96816,5322,HONOLULU,21.27846,-157.7866,2008-08-14,
1050926,Whole Foods Market 10368,Super Store,629,Kailua Rd, ,Kailua,HI,96734,2816,HONOLULU,21.39416,-157.7425,2012-03-26,
1320331,Whole Foods Market 10615,Super Store,388,Kamakee St, ,Honolulu,HI,96814,5200,HONOLULU,21.29486,-157.8515,2018-04-19,
490104,WHOLESALE UNLIMITED EXPRESS  ,Meat/Poultry Specialty,345,HAHANI ST, ,KAILUA,HI,96734, ,HONOLULU,21.3913,-157.7411,2004-10-06,2006-01-30
835124,Wholesale Unlimited Express  ,Combination Grocery/Other,960,Ahua St, ,Honolulu,HI,96819,4419,HONOLULU,21.34263,-157.8955,2007-10-17,
834934,Wholesale Unlimited Express  ,Combination Grocery/Other,4210,Waialae Ave, ,Honolulu,HI,96816,5315,HONOLULU,21.27872,-157.7871,2007-10-22,2019-04-11
834933,Wholesale Unlimited Express  ,Fruits/Veg Specialty,1046,Bishop St, ,Honolulu,HI,96813,4210,HONOLULU,21.30889,-157.861,2007-10-22,2011-05-15
835128,Wholesale Unlimited Express  ,Combination Grocery/Other,450,Kamehameha Hwy, ,Pearl City,HI,96782,3216,HONOLULU,21.38881,-157.9578,2007-10-22,
870605,Wholesale Unlimited Express  ,Combination Grocery/Other,930,Hauoli St,302A,Honolulu,HI,96826, ,HONOLULU,21.29497,-157.8328,2008-11-13,2011-03-29
946914,Wholesale Unlimited Express  ,Convenience Store,745,Keeaumoku St,Ste 107B,Honolulu,HI,96814,3004,HONOLULU,21.29596,-157.8413,2010-06-04,2019-12-11
1383956,Wholesale Unlimited Express  ,Small Grocery Store,590,Farrington Hwy,Unit 504,Kapolei,HI,96707,2033,HONOLULU,21.33795,-158.0809,2019-11-18,
1383946,Wholesale Unlimited Express  ,Convenience Store,46-028,Kawa St,Ste A4,Kaneohe,HI,96744,3819,HONOLULU,21.4194,-157.804,2019-12-05,
946914,Wholesale Unlimited Express  ,Convenience Store,745,Keeaumoku St,Ste 107B,Honolulu,HI,96814,3004,HONOLULU,21.29596,-157.8413,2019-12-16,
610949,WHOLESALE UNLIMITED EXPRESS KANEO  ,Combination Grocery/Other,46-028,KAWA ST, ,KANEOHE,HI,96744, ,HONOLULU,21.41821,-157.8032,1999-11-10,2015-09-13
962920,Wholesale Unlimited Inc  ,Combination Grocery/Other,94-110,Kopake St,,Waipahu,HI,96797,2873,HONOLULU,21.38846,-158.0077,2010-08-26,
834932,"Wholesale Unlimited, Inc - Manoa  ",Combination Grocery/Other,2752,Woodlawn Dr, ,Honolulu,HI,96822, ,HONOLULU,21.30754,-157.8098,2007-10-22,2018-09-03
481425,Wing Cheong  ,Combination Grocery/Other,133,N Hotel St, ,Honolulu,HI,96817,5003,HONOLULU,21.31277,-157.8632,1991-09-05,2010-02-03
481425,Wing Cheong  ,Combination Grocery/Other,133,N Hotel St, ,Honolulu,HI,96817,5003,HONOLULU,21.31277,-157.8632,2010-02-10,2023-03-21
630787,WING LOY MARKET INC  ,Meat/Poultry Specialty,1036,Maunakea St, ,Honolulu,HI,96817,5129,HONOLULU,21.31203,-157.8633,2004-01-05,2006-12-01
579219,WON PRODUCE INC  ,Fruits/Veg Specialty,100,N Beretania St # 173-15, ,Honolulu,HI,96817,4767,HONOLULU,21.31411,-157.8618,2001-03-26,2008-03-26
1012977,Wong's Market  ,Combination Grocery/Other,1167,Maunakea St, ,Honolulu,HI,96817,5133,HONOLULU,21.3129,-157.8617,2011-08-02,2014-05-28
434062,WU'S SUNDRIES  ,Convenience Store,54-060,Kamehameha Hwy, ,Hauula,HI,96717,9647,HONOLULU,21.60775,-157.9084,1990-10-26,2011-11-08
1127128,Xin Wang Market LLC  ,Combination Grocery/Other,150,N King St,Ste 103,Honolulu,HI,96817,5905,HONOLULU,21.31276,-157.8641,2014-01-06,2018-11-23
1127128,Xin Wang Market LLC  ,Combination Grocery/Other,150,N King St,Ste 103,Honolulu,HI,96817,5905,HONOLULU,21.31276,-157.8641,2019-07-26,
856944,Y & M Creation  ,Combination Grocery/Other,1497,S King St, ,Honolulu,HI,96814,2511,HONOLULU,21.29766,-157.838,2008-09-30,2010-07-01
479393,Y-7 LIQUOR & GROCERY STORE  ,Convenience Store,1323,Gulick Ave, ,Honolulu,HI,96819,4121,HONOLULU,21.33626,-157.8745,1994-01-03,2022-09-21
233945,YAMASIN MARKET INC  ,Medium Grocery Store,1475,N King St, ,Honolulu,HI,96817,4228,HONOLULU,21.32913,-157.8725,1990-11-15,2015-08-17
1231003,Yan's Shrimp Market  ,Seafood Specialty,1039,Kekaulike Marketplace Stall 8a, ,Honolulu,HI,96814, ,HONOLULU,21.29698,-157.8443,2016-03-17,2016-09-26
1231003,Yan's Shrimp Market  ,Seafood Specialty,1039,Kekaulike Marketplace Stall 8a, ,Honolulu,HI,96814, ,HONOLULU,21.29698,-157.8443,2017-05-04,2020-12-16
544023,YAT TUNG CHOW NOODLE FACTORY  ,Bakery Specialty,150,N King St Ste 102, ,Honolulu,HI,96817,5905,HONOLULU,21.31284,-157.8642,2003-03-25,2006-10-31
805865,Yat Tung Chow Noodle Factory  ,Combination Grocery/Other,150,N King St,Ste 102,Honolulu,HI,96817,5905,HONOLULU,21.31283,-157.864,2006-11-14,2022-03-01
805865,Yat Tung Chow Noodle Factory  ,Combination Grocery/Other,150,N King St,Ste 102,Honolulu,HI,96817,5905,HONOLULU,21.31283,-157.864,2022-10-17,2024-03-12
262700,Ye's Pastry Shop  ,Bakery Specialty,87-1784,Farrington Hwy,B5,Waianae,HI,96792,3754,HONOLULU,21.39199,-158.1568,1978-06-10,2014-03-12
804799,YHHY INTERNATIONAL TRADING INC  ,Fruits/Veg Specialty,1120,Maunakea St,Ste 110B,Honolulu,HI,96817,5184,HONOLULU,21.31253,-157.8624,2006-11-14,2008-10-15
804799,YHHY INTERNATIONAL TRADING INC  ,Fruits/Veg Specialty,1120,Maunakea St,Ste 110B,Honolulu,HI,96817,5184,HONOLULU,21.31253,-157.8624,2008-10-20,2010-08-04
558520,YING LEONG LOOK FUNN FACTORY  ,Bakery Specialty,1028,Kekaulike St, ,Honolulu,HI,96817,5007,HONOLULU,21.3128,-157.8637,1998-07-17,2019-09-26
291144,Yobo Mart  ,Convenience Store,1535,Pensacola St,Ste C3,Honolulu,HI,96822,3878,HONOLULU,21.30635,-157.8422,1996-05-09,2011-06-13
291144,Yobo Mart  ,Convenience Store,1535,Pensacola St,Ste C3,Honolulu,HI,96822,3878,HONOLULU,21.30635,-157.8422,2014-08-29,2022-04-21
1496583,Yobo Mart  ,Convenience Store,1535,Pensacola St,Ste C3,Honolulu,HI,96822,3878,HONOLULU,21.30608,-157.8416,2022-07-05,
1010828,Yobo Mart Inc  ,Small Grocery Store,1535,Pensacola St,Ste C3,Honolulu,HI,96822,3878,HONOLULU,21.30635,-157.8422,2011-06-23,2014-08-18
611834,Yok Market  ,Fruits/Veg Specialty,1039,Kekaulike St,Ste 107,Honolulu,HI,96817,5365,HONOLULU,21.31262,-157.8639,1999-03-25,2010-02-03
611834,Yok Market  ,Fruits/Veg Specialty,1039,Kekaulike St,Ste 107,Honolulu,HI,96817,5365,HONOLULU,21.31262,-157.8639,2010-02-10,
1211960,Yongyao Market  ,Fruits/Veg Specialty,134,N King St, ,Honolulu,HI,96817,5009,HONOLULU,21.31233,-157.8639,2015-10-01,2017-11-29
572092,YOU MARKET 2,Fruits/Veg Specialty,1039,Kekaulike St,Ste 116,Honolulu,HI,96817,5366,HONOLULU,21.31262,-157.8639,1999-10-06,2010-02-03
484968,YOU MARKET 1,Fruits/Veg Specialty,1039,Kekaulike St,Ste 113,Honolulu,HI,96817,5365,HONOLULU,21.31262,-157.8639,1999-10-06,2014-12-09
572092,YOU MARKET 2,Fruits/Veg Specialty,1039,Kekaulike St,Ste 116,Honolulu,HI,96817,5366,HONOLULU,21.31262,-157.8639,2010-02-16,2014-07-09
1154970,You Market II  ,Fruits/Veg Specialty,1039,Kekaulike St,Ste 116,Honolulu,HI,96817,5366,HONOLULU,21.31261,-157.8639,2014-07-10,
893392,YOUNG AE KIM MINI MART  ,Small Grocery Store,550,Halekauwila St,Ste 101,Honolulu,HI,96813,5035,HONOLULU,21.30269,-157.8605,2009-05-20,2017-07-02
618944,YOUNG'S GROCERY  ,Convenience Store,2111,Young St, ,Honolulu,HI,96826,2302,HONOLULU,21.29492,-157.8277,1984-06-14,2008-11-30
1037061,Young's Wine & Spirit LLC  ,Convenience Store,1221,Piikoi St, ,Honolulu,HI,96814,1516,HONOLULU,21.30224,-157.8429,2012-01-23,2017-01-04
1272201,"Young's Wine & Spirit, LLC  ",Convenience Store,1221,Piikoi St, ,Honolulu,HI,96814,1516,HONOLULU,21.30226,-157.8429,2017-03-13,2022-07-18
259300,YOUNGS FISH MARKET INC  ,Meat/Poultry Specialty,1286,Kalani St,Ste 101,Honolulu,HI,96817,4938,HONOLULU,21.32184,-157.8767,1985-02-21,2010-12-07
1552335,Yu Cai Market  ,Combination Grocery/Other,1039,Kekaulike St,Space 8A,Honolulu,HI,96817, ,HONOLULU,21.31243,-157.8635,2023-08-29,
744867,YUAN'S MARKET  ,Combination Grocery/Other,100,N Beretania St,Ste 173,Honolulu,HI,96817,4708,HONOLULU,21.31411,-157.8618,2005-03-02,2010-01-26
1448858,Yuanfeng Groceries  ,Medium Grocery Store,925,Maunakea St,Unit A,Honolulu,HI,96817,5166,HONOLULU,21.31121,-157.8641,2021-06-29,
705814,"YUENS GROCERY & LIQUOR CO., LTD  ",Convenience Store,87-2230,Farrington Hwy, ,Waianae,HI,96792,3806,HONOLULU,21.38356,-158.1477,1973-08-30,2017-03-29
1058344,Zhong Shan Market Inc.  ,Seafood Specialty,925,Maunakea St,Unit C3,Honolulu,HI,96817,5166,HONOLULU,21.31136,-157.8643,2012-06-04,2014-04-28
305839,7-Eleven 54134,Convenience Store,Mar-40,Kuhio Hwy, ,Hanamaulu,HI,96715,9146,KAUAI,21.99496,-159.3535,1989-12-22,
389654,7-Eleven 54213,Convenience Store,Mar-52,Kuhio Hwy, ,Lihue,HI,96766,1140,KAUAI,21.97888,-159.3681,1989-12-22,
1276926,7-Eleven 54288,Convenience Store,Feb-75,Kaumualii Hwy, ,Lawai,HI,96765,9997,KAUAI,21.92317,-159.501,2017-03-13,
1249876,Abc Store 58,Convenience Store,4-1359,Kuhio Hwy, ,Kapaa,HI,96746,1634,KAUAI,22.07576,-159.3184,2016-07-27,
1133575,ABC Stores 59,Convenience Store,3416,Rice Street, ,Lihue,HI,96766, ,KAUAI,21.95968,-159.3534,2014-03-10,
1442346,Ahk Farmstand  ,Farmers' Market,3000,Kilauea Rd, ,Kilauea,HI,96754, ,KAUAI,22.21855,-159.4029,2021-04-13,
1438260,Anaina Hou Community Park  ,Farmers' Market,May-23,Kuhio Hwy,,Kilauea,HI,96754,5144,KAUAI,22.21082,-159.4147,2021-03-03,
261694,ARA'S SAKANA-YA INC.  ,Unknown,Mar-01,KUHIO HWY, ,HANAMAULU,HI,96766, ,KAUAI,21.99544,-159.3534,1994-01-26,2006-04-06
904046,"Best Western Meat, Inc, Lihue  ",Delivery Route,1822,Leleiona St, ,Lihue,HI,96766,9000,KAUAI,21.96351,-159.3956,2009-06-26,2011-08-14
1009191,Big Save Eleele 29,Super Store,4485,Waialo Rd, ,Eleele,HI,96705,9997,KAUAI,21.90283,-159.5859,2011-06-07,2017-10-02
1297869,Big Save Eleele 29,Super Store,4485,Waialo Rd, ,Eleele,HI,96705,9997,KAUAI,21.90314,-159.5857,2017-09-15,
1009194,Big Save Hanalei 30,Super Store,May-27,Kuhio Highway, ,Hanalei,HI,96714,9997,KAUAI,22.20323,-159.495,2011-06-07,2017-10-02
1297871,Big Save Hanalei 30,Super Store,May-26,Kuhio Hwy, ,Hanalei,HI,96714,3000,KAUAI,22.20263,-159.4976,2017-09-15,
1009195,Big Save Kapaa 31,Super Store,1105,Kuhio Highway, ,Kapaa,HI,96746, ,KAUAI,22.06881,-159.3194,2011-06-07,2017-10-02
1297873,Big Save Kapaa 31,Super Store,1105 F,Kuhio Hwy, ,Kapaa,HI,96746, ,KAUAI,22.06881,-159.3194,2017-09-15,
1009196,Big Save Koloa 32,Super Store,5516,Koloa Road, ,Koloa,HI,96756, ,KAUAI,21.90518,-159.4632,2011-06-07,2017-10-02
1297874,Big Save Koloa 32,Super Store,5516,Koloa Rd, ,Koloa,HI,96756,8642,KAUAI,21.90517,-159.4632,2017-09-15,
1009197,Big Save Waimea 33,Super Store,9861,Waimea Rd, ,Waimea,HI,96796, ,KAUAI,21.95529,-159.6679,2011-06-07,2017-10-02
1297875,Big Save Waimea 33,Super Store,9911,Waimea Rd, ,Waimea,HI,96796,9997,KAUAI,21.95486,-159.6664,2017-09-15,
631556,"BIG SAVE, INC - ELEELE  ",Super Store,4469,WAIALO RD, ,ELEELE,HI,96705,806,KAUAI,21.90317,-159.5856,1972-01-14,2011-07-24
513259,"BIG SAVE, INC - HANALEI  ",Supermarket,May-72,KUHIO HWY, ,HANALEI,HI,96714, ,KAUAI,22.20296,-159.4965,1980-07-01,2011-07-24
625965,"BIG SAVE, INC - KAPAA  ",Super Store,1105,F KUHIO HWY, ,KAPAA,HI,96746, ,KAUAI,22.06881,-159.3194,1972-01-14,2011-07-24
703079,"BIG SAVE, INC - KOLOA  ",Super Store,5516,KOLOA RD, ,KOLOA,HI,96756, ,KAUAI,21.90518,-159.4632,1972-01-14,2011-07-24
446067,"BIG SAVE, INC - WAIMEA  ",Super Store,9861,WAIMEA RD, ,WAIMEA,HI,96796, ,KAUAI,21.95529,-159.6679,1972-01-14,2011-07-24
371137,"BIG SAVE, INC LIHUE  ",Super Store,4444,RICE ST, ,LIHUE,HI,96766, ,KAUAI,21.97508,-159.369,1972-01-14,2011-10-10
603617,Cost-U-Less 4,Combination Grocery/Other,4525,Akia Rd, ,Kapaa,HI,96746,1602,KAUAI,22.0712,-159.3202,1992-11-27,2018-09-03
923745,Costco Wholesale 0640,Super Store,4300,Nuhou St, ,Lihue,HI,96766,8002,KAUAI,21.96689,-159.3795,2009-10-30,
802311,COUNTRY MOON RISING INC  ,Bakery Specialty,4-1345,KUHIO HIGHWAY, ,KAPAA,HI,96746, ,KAUAI,22.07544,-159.3185,2006-12-28,2007-08-05
1216869,CVS 10474,Combination Grocery/Other,2829,Ala Kalanikaumaka St, ,Poipu,HI,96756, ,KAUAI,21.88407,-159.469,2015-10-04,
896115,CVS Pharmacy 9952,Combination Grocery/Other,645,Aleka Loop,,Kapaa,HI,96746,1459,KAUAI,22.0572,-159.324,2009-05-06,
896114,CVS Pharmacy 9189,Combination Grocery/Other,Mar-00,Kaumualii Hwy,Ste I,Lihue,HI,96766,1697,KAUAI,21.97187,-159.3812,2009-05-06,
1556742,CVS/Pharmacy 7669,Combination Grocery/Other,4485,Waialo Rd, ,Eleele,HI,96705,9997,KAUAI,21.90463,-159.5855,2023-07-20,
483897,FOODLAND 28,Super Store,4-771,Kuhio Hwy, ,Kapaa,HI,96746,1543,KAUAI,22.06085,-159.3215,1980-07-14,2021-06-16
532636,Foodland Princeville 30,Super Store,May-80,Kuhio Hwy, ,Princeville,HI,96722,5438,KAUAI,22.21313,-159.4735,1983-05-24,
1273047,Hale Puna Farmer's Market  ,Farmers' Market, ,Huakai Rd, ,Waimea,HI,96796, ,KAUAI,21.95996,-159.6721,2017-03-29,
1275276,Hanai Kauai Inc  ,Combination Grocery/Other,4-1543,Kuhio Hwy, ,Kapaa,HI,96746,1897,KAUAI,22.07946,-159.3146,2017-03-23,2018-09-03
1436636,Hanalei Farmers Market  ,Farmers' Market,55299,Kuhio Hwy, ,Hanalei,HI,96714, ,KAUAI,22.20122,-159.4989,2021-04-02,
491050,HANALEI HEALTH FOOD  ,Medium Grocery Store,May-90,KUHIO HWY # D-3, ,HANALEI,HI,96714, ,KAUAI,0.0,0.0,2000-10-10,2005-03-30
1522097,Hanalei Market  ,Medium Grocery Store,55161,Kuhio Highway,Building F,Hanalei,HI,96714, ,KAUAI,22.20272,-159.4959,2022-11-10,
1116476,HANAPEPE SUNSHINE FM/Malama Kauai  ,Farmers' Market, ,OLD HANAPEPE TOWN,HANAPEPE PARK,HANAPEPE,HI,96716, ,KAUAI,21.90963,-159.5936,2013-08-28,2018-02-08
968489,Harvest Market Hanalei  ,Large Grocery Store,May-61,Kuhio Hwy,Bldg F,Hanalei,HI,96714,9997,KAUAI,22.20292,-159.4962,2010-09-02,2021-06-16
1362473,Healthgo Market Inc  ,Medium Grocery Store,3486,Rice St, ,Lihue,HI,96766,1711,KAUAI,21.96107,-159.3528,2019-06-06,2022-12-19
1489113,Healthgo Market Inc. 2,Combination Grocery/Other,4479,Rice St,Ste 201,Lihue,HI,96766,1807,KAUAI,21.97467,-159.3702,2022-06-07,
741738,HEALTHY HUT  ,Convenience Store,4270,KILAUEA RD, ,KILAUEA,HI,96754,5239,KAUAI,22.2115,-159.4077,2005-02-07,2015-11-15
1192500,Healthy Hut  ,Supermarket,4480,Hookui Rd, ,Kilauea,HI,96754,5302,KAUAI,22.20323,-159.4074,2015-04-24,
1196996,Hoku Foods Natural Market  ,Supermarket,4585,Lehua St, ,Kapaa,HI,96746, ,KAUAI,22.07696,-159.3188,2015-06-16,
1598320,Hoku Foods Natural Market RS2,Large Grocery Store,5460,Koloa Rd,,Koloa,HI,96756,9421,KAUAI,21.90458,-159.4646,2024-06-05,
830004,Hoku Whole Foods  ,Large Grocery Store,4585,Lehua St,Ste C,Kapaa,HI,96746,1700,KAUAI,22.07694,-159.3187,2007-08-27,2015-06-15
1400487,Hokulei Village Texaco  ,Convenience Store,4454,Nuhou St,Ste 701,Lihue,HI,96766,8022,KAUAI,21.96798,-159.3877,2020-04-07,2022-03-03
1493178,Hokulei Village Texaco  ,Convenience Store,4454,Nuhou St,Ste 701,Lihue,HI,96766,8022,KAUAI,21.96871,-159.3856,2022-04-01,
1328153,Ishihara Market 2812,Combination Grocery/Other,9894,Kaumualii Hwy., ,Waimea,HI,96796, ,KAUAI,21.95461,-159.6671,2018-07-03,2023-06-27
498254,ISHIHARA MARKET LTD  ,Super Store,9894,KAUMUALII HWY, ,WAIMEA,HI,96796, ,KAUAI,21.95461,-159.6671,1980-09-09,2018-11-26
1262244,Island Country Markets 93,Convenience Store,4-484,Kuhio Hwy,,Kapaa,HI,96746,1429,KAUAI,22.0551,-159.3292,2016-10-31,
976020,Just Green Solutions  ,Fruits/Veg Specialty,2671,Kauapea Rd, ,Kilauea,HI,96754,5244,KAUAI,22.22129,-159.4068,2010-11-09,2017-07-02
1127978,K-Town Market & Deli  ,Convenience Store,2474,Keneke St, ,Kilauea,HI,96754,5347,KAUAI,22.21178,-159.4067,2014-03-10,2015-05-05
227817,KALAHEO MENEHUNE FOODMART  ,Convenience Store,Feb-36,Kaumualii Hwy, ,Kalaheo,HI,96741, ,KAUAI,21.92557,-159.5275,1993-12-28,2011-08-07
1108222,KAPAA SUNSHINE FM/ Malama Kauai  ,Farmers' Market, ,KAHAR RD,KAPAA NEW TOWN PARK,KAPAA,HI,96746,5104,KAUAI,22.07862,-159.3193,2013-08-28,2018-02-08
1139894,Kapaa Super Service  ,Convenience Store,1125,Kuhio Hwy, ,Kapaa,HI,96746, ,KAUAI,22.06881,-159.3194,2014-04-22,2016-09-26
659543,KAPAHI MENEHUNE FOOD MART  ,Convenience Store,5665,Kawaihau Rd, ,Kapaa,HI,96746,2319,KAUAI,22.09873,-159.3341,2000-01-18,2016-09-26
1465110,Kauai Ferments  ,Convenience Store,4495,Puhi Rd,,Lihue,HI,96766,9007,KAUAI,21.96647,-159.3959,2021-09-15,2022-06-16
1465110,Kauai Ferments  ,Convenience Store,4495,Puhi Rd,,Lihue,HI,96766,9007,KAUAI,21.96647,-159.3959,2023-06-15,2024-02-12
977557,Kauai Independent Food Bank  ,Farmers' Market,3285,Waapa Rd,Ste A,Lihue,HI,96766,8614,KAUAI,21.95759,-159.3537,2011-04-18,2015-11-04
1568400,Kauai Seafood  ,Delivery Route,4913,Hekili Rd,,Kapaa,HI,96746,1963,KAUAI,22.08828,-159.319,2024-09-17,2025-05-05
1568400,Kauai Seafood  ,Delivery Route,4913,Hekili Rd,,Kapaa,HI,96746,1963,KAUAI,22.08828,-159.319,2025-05-27,
1116480,KCC FARMERS MARKET/Malama Kauai  ,Farmers' Market,Mar-01,Kaumualii Hwy, ,Lihue,HI,96766,9500,KAUAI,21.96707,-159.3954,2013-08-28,2018-02-08
1212322,Kekaha Farmers Market/Malama Kauai  ,Farmers' Market,8130,Elepaio Rd,Kekaha Neighborhoof Center,Kekaha,HI,96796, ,KAUAI,21.96994,-159.7173,2015-08-22,2019-09-20
535676,KILAUEA FARMERS MARKET  ,Medium Grocery Store,2474,Keneke St, ,Kilauea,HI,96754,5347,KAUAI,22.21178,-159.4067,1995-08-01,2006-08-30
1122786,KILAUEA FARMERS MARKET/Malama Kauai  ,Farmers' Market,2460,Keneke St, ,Kilauea,HI,96754,5347,KAUAI,22.21149,-159.4063,2013-10-30,2018-11-23
1367219,Kilauea Market + Cafe 2810,Supermarket,2555,Ala Namahana Pkwy,,Kilauea,HI,96754,5389,KAUAI,22.21196,-159.4081,2019-06-06,
806394,KILAUEA TOWN MARKET AND DELI  ,Convenience Store,2474,Keneke St, ,Kilauea,HI,96754,5347,KAUAI,22.21178,-159.4067,2007-02-12,2013-08-26
718318,Kmart 7682,Super Store,4303,Nawiliwili Rd, ,Lihue,HI,96766,9581,KAUAI,21.96917,-159.376,1999-08-23,2020-05-21
556359,KOJIMA'S INC  ,Convenience Store,1543,KUHIO HWY, ,KAPAA,HI,96746, ,KAUAI,22.06881,-159.3194,1971-12-10,2014-07-16
770379,KOLOA NATURAL FOODS  ,Medium Grocery Store,5356,Koloa Rd,Bldg 9,Koloa,HI,96756,8604,KAUAI,21.90389,-159.4658,2005-11-14,2008-10-05
1116594,KOLOA SUNSHINE MARKET/Malama Kauai  ,Farmers' Market, ,MALUHIA RD, ,KOLOA,HI,96756, ,KAUAI,21.95023,-159.4659,2013-08-29,2018-02-08
1642102,Koloa Texaco 93871,Convenience Store,3486,Poipu Rd, ,Koloa,HI,96756,9522,KAUAI,21.90343,-159.4663,2025-03-12,
1400509,Koloa Town Texaco  ,Convenience Store,3486,Poipu Rd,,Koloa,HI,96756,9522,KAUAI,21.90344,-159.4666,2020-04-09,2022-03-09
1493177,Koloa Town Texaco  ,Convenience Store,3486,Poipu Rd,,Koloa,HI,96756,9522,KAUAI,21.90343,-159.4664,2022-04-01,2025-04-21
833954,Kujo's Mini Mart  ,Convenience Store,Feb-59,Kaumualii Hwy, ,Kalaheo,HI,96741,8305,KAUAI,21.92555,-159.5269,2007-10-12,2013-11-21
564350,KUKUIOLONO STORE INC  ,Convenience Store,4427,Papalina Rd, ,Kalaheo,HI,96741,8503,KAUAI,21.92361,-159.5277,1972-03-01,2006-05-14
1116482,KUKUIULA FARMERS MARKET/Kalama Kauai  ,Farmers' Market,2829,ALA KALANIKAUMAKA, ,POIPU,HI,96756, ,KAUAI,21.88407,-159.469,2013-08-28,2018-02-08
365295,"Kukuiula Store, Inc. ",Small Grocery Store,2827,Poipu Rd,,Koloa,HI,96756,8553,KAUAI,21.88483,-159.4683,1972-01-06,2022-06-29
365295,"Kukuiula Store, Inc. ",Small Grocery Store,2827,Poipu Rd,,Koloa,HI,96756,8553,KAUAI,21.88483,-159.4683,2022-10-11,
726011,LAWAI GENERAL STORE  ,Convenience Store,3586,Koloa Rd, ,Kalaheo,HI,96741,9160,KAUAI,21.92176,-159.5068,1996-05-09,2017-06-15
1416250,Lawai Market  ,Small Grocery Store,3586,Koloa Rd,,Kalaheo,HI,96741,8104,KAUAI,21.92176,-159.5068,2020-08-10,
1615546,Lawai'a Fish Co.  ,Seafood Specialty,3082,Peleke St,Ste 101,Lihue,HI,96766,1440,KAUAI,21.96775,-159.3546,2024-12-31,
1116471,LIHUE SUNSHINE FM/Malama Kauai  ,Farmers' Market, ,HOOLAKO ST,VIDINHA STADIUM,LIHUE,HI,96766, ,KAUAI,21.96867,-159.3601,2013-08-28,2018-02-08
1493181,Lihue Texaco  ,Convenience Store,Mar-87,Kuhio Hwy,,Lihue,HI,96766,1137,KAUAI,21.97972,-159.368,2022-03-28,2025-04-16
1642103,Lihue Texaco 97619,Convenience Store,Mar-87,Kuhio Hwy, ,Lihue,HI,96766,1137,KAUAI,21.9798,-159.3682,2025-03-12,
1649408,Living Foods  ,Combination Grocery/Other,2829,Ala Kalanikaumaka,Ste D124,Koloa,HI,96756,7548,KAUAI,21.8839,-159.4695,2025-06-05,
475373,LONGS  380,Combination Grocery/Other,4-831,KUHIO HWY, ,KAPAA,HI,96746, ,KAUAI,22.06243,-159.3201,2004-09-24,2009-08-10
282472,LONGS  189,Combination Grocery/Other,Mar-00,Kaumualii Hwy,Ste I,Lihue,HI,96766,1697,KAUAI,21.97187,-159.3812,2004-09-24,2009-08-10
358540,LOVE'S OUTLET STORE (Lihue)  ,Bakery Specialty,4100,RICE ST, ,LIHUE,HI,96766, ,KAUAI,21.96991,-159.3614,1982-01-06,2018-02-20
1502601,Mahalo Market  ,Farmers' Market,4531,Kuamoo Rd,,Kapaa,HI,96746,1419,KAUAI,22.04716,-159.3367,2022-05-17,
407820,"MEDEIROS FARM, INC  ",Meat/Poultry Specialty,4365,Papalina Rd, ,Kalaheo,HI,96741, ,KAUAI,21.92193,-159.528,1995-08-15,
1225869,Menehune Food Mart Kapahi 1125,Convenience Store,5665,Kawaihau Rd, ,Kapaa,HI,96746,2319,KAUAI,22.09876,-159.3341,2015-12-03,
1225867,Menehune Food Mart Kekaha 1124,Convenience Store,8171,Kakaha Rd, ,Kekaha,HI,96752, ,KAUAI,21.97228,-159.7149,2015-12-03,
588942,MENEHUNE FOODMART - KEKAHA  ,Convenience Store,8171,KEKAHA RD,272,KEKAHA,HI,96752, ,KAUAI,21.97215,-159.7151,1988-08-03,2016-09-26
571829,MENEHUNE FOODMART - KILAUEA  ,Convenience Store,2521,Kolo Rd, ,Kilauea,HI,96754, ,KAUAI,22.2076,-159.4116,1987-02-24,2016-09-26
560185,MENEHUNE FOODMART - LAWAI  ,Convenience Store,Feb-75,Kaumualii Hwy, ,Lawai,HI,96765,9997,KAUAI,21.9232,-159.5011,1993-07-23,2016-09-26
1427709,Moloa'a Aina Center  ,Farmers' Market,6180,Koolau Road, ,Kilauea,HI,96754, ,KAUAI,22.19252,-159.3457,2020-11-23,
1437265,Nourish Kauai NAFMNP,Farmers' Market,Kapa'a,Bypass Road, ,Kapa'a,HI,96746, ,KAUAI,22.06827,-159.334,2021-01-25,
1607524,Ohi Ohi Farms  ,Fruits/Veg Specialty,May-19,Kuhio Hwy, ,Kilauea,HI,96754, ,KAUAI,22.2096,-159.4151,2024-08-28,
366394,PAPAYA'S NATURAL FOODS  ,Combination Grocery/Other,4-901,Kuhio Hwy,Ste D,Kapaa,HI,96746, ,KAUAI,22.06334,-159.3198,1998-05-21,2019-07-31
366394,PAPAYA'S NATURAL FOODS  ,Combination Grocery/Other,4-901,Kuhio Hwy,Ste D,Kapaa,HI,96746, ,KAUAI,22.06334,-159.3198,2019-08-08,2023-11-24
1548852,Papaya's Natural Foods KP,Supermarket,4-901,Kuhio Hwy, ,Kapaa,HI,96746,1576,KAUAI,22.06357,-159.3201,2023-05-15,
556166,PAPAYA'S NATURAL FOODS & CAFE  ,Large Grocery Store,May-26,Kuhio Hwy, ,Hanalei,HI,96714,9997,KAUAI,22.20263,-159.4977,2004-09-24,2010-11-01
1315459,Penchie S Cabasag  ,Small Grocery Store,Mar-51,Kuhio Highway,Suite #3,Lihue,HI,96766, ,KAUAI,21.99495,-159.3539,2018-05-17,
1485875,Polynesian Retail Llc  ,Convenience Store,4-1191,Kuhio Hwy,Ste 102,Kapaa,HI,96746,1674,KAUAI,22.07143,-159.3196,2022-02-22,2023-12-14
333437,"PONO MARKET, INC.  ",Convenience Store,4-1300,Kuhio Hwy, ,Kapaa,HI,96746,1656,KAUAI,22.07424,-159.3189,1994-11-28,2007-11-14
313111,PUHI STORE INC  ,Small Grocery Store,4495,PUHI RD, ,LIHUE,HI,96766, ,KAUAI,21.96671,-159.3956,2003-06-16,2007-08-12
886962,Rainbow Gas & Mini Mart LLC  ,Convenience Store,4-350,Kuhio Hwy, ,Kapaa,HI,96746,1424,KAUAI,22.05136,-159.3339,2009-03-24,2019-06-18
1492937,Rainbow Shell  ,Convenience Store,4-350,Kuhio Hwy,,Kapaa,HI,96746,1424,KAUAI,22.0515,-159.3337,2022-05-02,2024-02-01
1492937,Rainbow Shell  ,Convenience Store,4-350,Kuhio Hwy,,Kapaa,HI,96746,1424,KAUAI,22.0515,-159.3337,2024-09-12,
1485870,Roses Pinoy Favorites  ,Medium Grocery Store,Mar-00,Kaumualii Hwy,Ste E01a 1614,Lihue,HI,96766,2024,KAUAI,21.96984,-159.379,2022-03-25,
517009,SAFEWAY 1209,Supermarket,4-831,Kuhio Hwy, ,Kapaa,HI,96746,1546,KAUAI,22.06243,-159.3201,1989-11-20,
1212163,Safeway 2894,Supermarket,4454,Nuhou St, ,Lihue,HI,96766, ,KAUAI,21.9681,-159.3878,2015-09-01,
280915,SALT POND COUNTRY STORE  ,Convenience Store,3443,KAUMUALII HWY, ,HANAPEPE,HI,96716, ,KAUAI,21.9115,-159.6029,1990-08-28,2019-03-06
1349465,Salt Pond Country Store  ,Small Grocery Store,Jan-43,Kaumualii Hwy, ,Hanapepe,HI,96716, ,KAUAI,21.90794,-159.5956,2019-02-14,
1225872,Shell Kapaa 1326,Convenience Store,4-1125,Kuhio Hwy,Box #12,Kapaa,HI,96746, ,KAUAI,22.06954,-159.3195,2015-12-03,
1225873,Shell Kilauea 1327,Convenience Store,2521,Kolo Rd, ,Kilauea,HI,96754,5576,KAUAI,22.2076,-159.4116,2015-12-03,
482064,STAR MARKETS LTD 9,Super Store,2039,Kukui Grove Center, ,Lihue,HI,96766, ,KAUAI,21.97108,-159.3791,1982-05-13,2010-06-29
620783,STEVE'S MINI MART  ,Convenience Store,Feb-59,Kaumualii Hwy, ,Kalaheo,HI,96741,8305,KAUAI,21.92555,-159.5269,1992-10-28,2007-10-04
1359487,Sueoka Market 96,Supermarket,5392,Koloa Rd, ,Koloa,HI,96756,8604,KAUAI,21.90414,-159.4654,2019-03-28,
417033,SUEOKA STORE  ,Supermarket,5392,Koloa Rd, ,Koloa,HI,96756,8604,KAUAI,21.90419,-159.4654,1972-01-05,2019-05-13
1474839,Target Store T3400,Super Store,4303,Nawiliwili Rd, ,Lihue,HI,96766, ,KAUAI,21.96829,-159.377,2021-10-06,
641687,THE FISH EXPRESS  ,Seafood Specialty,3343,KUHIO HWY # 10, ,LIHUE,HI,96766, ,KAUAI,21.97739,-159.3686,1989-07-17,2005-09-29
502053,Thrifty Mart  ,Bakery Specialty,Jan-00,Kaumualii Hwy, ,Kaumakani,HI,96747,9997,KAUAI,21.91802,-159.6199,1972-01-07,
619092,THRIFTY MINI MART  ,Small Grocery Store,8240,KEKAHA RD, ,KEKAHA,HI,96752, ,KAUAI,21.97082,-159.7134,1995-07-25,
487942,THRIFTY MINI MART INC  ,Medium Grocery Store,1544,Haleukana St, ,Lihue,HI,96766,9061,KAUAI,21.9583,-159.3924,1998-02-02,2007-06-25
911382,Times Super Market - Lihue 26,Super Store,Mar-00,Kaumualii Hwy, ,Lihue,HI,96766, ,KAUAI,21.97187,-159.3812,2009-08-20,2017-10-02
1297863,Times Super Mkt Lihue 26,Super Store,Mar-00,Kaumualii Hwy, ,Lihue,HI,96766,2040,KAUAI,21.97176,-159.381,2017-09-15,
375370,TJ VARIETY AND VIDEO PRODUCTS  ,Small Grocery Store,4520,Kukui St,Ste 102,Kapaa,HI,96746,1770,KAUAI,22.07606,-159.3189,2001-12-19,2017-01-04
1118358,TJ Variety Store 1,Medium Grocery Store,Mar-57,Kuhio Hwy, ,Lihue,HI,96766,1040,KAUAI,21.98181,-159.3675,2013-11-07,
893162,TJ Variety Video & Products II  ,Small Grocery Store,Mar-51,Kuhio Hwy, ,Lihue,HI,96766,9235,KAUAI,21.99486,-159.3541,2009-05-11,2013-03-04
1541587,Umi's Store Llc  ,Convenience Store,4485,Pokole Road, ,Waimea,HI,96796,1170,KAUAI,21.9562,-159.6706,2023-04-06,
745452,VIM N VIGOR  ,Convenience Store,Mar-22,Kuhio Hwy, ,Lihue,HI,96766,1140,KAUAI,21.97822,-159.3683,2005-03-17,
481732,WAILUA COUNTRY STORE  ,Convenience Store,5990,Kuamoo Rd, ,Kapaa,HI,96746,9639,KAUAI,22.05436,-159.3725,1996-11-25,2023-08-29
1542363,Wailua Country Store  ,Convenience Store,210,Kamalu Rd,,Kapaa,HI,96746,9610,KAUAI,22.0544,-159.372,2023-05-19,
1265285,Waimanalo Beach Park  ,Farmers' Market,41-741,Kalaniaole Hwy, ,Kapolei,HI,96796, ,KAUAI,21.95485,-159.6664,2016-11-16,
1422706,Wainiha Country Market  ,Convenience Store,May-07,Kuhio Highway, ,Hanalei,HI,96714, ,KAUAI,22.21273,-159.5407,2020-09-24,
488570,WAINIHA GENERAL STORE  ,Convenience Store,May-26,Kuhio Hwy, ,Hanalei,HI,96714,9997,KAUAI,22.20263,-159.4977,1975-01-31,2015-08-24
1433892,Waipa Farmers Market  ,Farmers' Market,5-5785A,Kuhio Hwy, ,Hanalei,HI,96714, ,KAUAI,22.2207,-159.5454,2021-02-05,2021-04-08
425405,Walmart 2308,Super Store,Mar-00,Kuhio Hwy, ,Lihue,HI,96766,1009,KAUAI,21.98224,-159.3651,1998-02-27,
832118,Westside Variety  ,Small Grocery Store,Jan-50,Kaumualii Hwy, ,Kaumakani,HI,96747, ,KAUAI,21.91802,-159.6199,2007-10-12,2013-12-22
232489,WHALERS GENERAL STORE 1158,Convenience Store,Apr-50,Kuhio Hwy, ,Anahola,HI,96703,9997,KAUAI,22.16065,-159.3176,1986-08-19,
1089143,Whalers General Store 1253,Convenience Store,2360,Kiahuna Plantation Dr,Ste E10,Koloa,HI,96756, ,KAUAI,21.87922,-159.4591,2013-01-31,
1089123,Whalers General Store 1244,Convenience Store,4-484,Kuhio Hwy,Ste B1,Kapaa,HI,96746,1405,KAUAI,22.05517,-159.3291,2013-02-01,2016-10-18
1321784,4-R Oriental Food Mart & Produce  ,Medium Grocery Store,350,Hukilike St,Ste B,Kahului,HI,96732,2976,MAUI,20.88403,-156.4595,2018-05-29,
1554638,4a's Mini Mart 1,Small Grocery Store,335,Hoohana St,Ste I,Kahului,HI,96732,2967,MAUI,20.8838,-156.4614,2023-08-02,
574643,7-Eleven 54216,Convenience Store,111,Alamaha St, ,Kahului,HI,96732,2433,MAUI,20.8895,-156.4621,1989-12-22,
518172,7-ELEVEN 54212,Convenience Store,1847,S KIHEI RD, ,KIHEI,HI,96753, ,MAUI,20.73369,-156.4527,1989-12-22,2009-01-28
1597096,808 Mini Mart  ,Small Grocery Store,1322,E Main St,Ste A,Wailuku,HI,96793,1965,MAUI,20.89587,-156.4924,2024-05-28,
1130913,A E Oriental Foodmart  ,Small Grocery Store,1295,S Kihei Rd,Ste D,Kihei,HI,96753,8215,MAUI,20.74827,-156.4553,2014-02-26,2019-03-28
1059185,A Touch Of Molokai  ,Convenience Store, ,Kaluakoi Road,Kaluakoi Hotel And Golf Resort Suite 3,Maunaloa,HI,96770, ,MAUI,21.16339,-157.2087,2012-05-25,
922724,ABC Store 51,Convenience Store,2349,S Kihei Road, ,Kihei,HI,96753, ,MAUI,20.72142,-156.4472,2009-11-09,
922715,ABC Store 47,Convenience Store,3511,Lower Honoapiilani Rd, ,Lahaina,HI,96761,9416,MAUI,20.95102,-156.6875,2009-11-13,
922732,ABC Store 80,Convenience Store,61,South Kihei Rd,Unit 2,Kihei,HI,96753, ,MAUI,20.78276,-156.4635,2009-11-25,
1421457,ABC Store 60,Convenience Store,900,Front St, ,Lahaina,HI,96761,2335,MAUI,20.87859,-156.6808,2020-09-01,2023-11-15
1421460,ABC Store 74,Convenience Store,247,Piikea Ave,Ste 104,Kihei,HI,96753,8269,MAUI,20.75118,-156.4489,2020-09-01,
1444265,ABC Store 42,Convenience Store,724,Front St, ,Lahaina,HI,96761,1532,MAUI,20.87392,-156.6785,2021-03-11,2023-11-15
1444267,ABC Store 61,Convenience Store,666,Front St, ,Lahaina,HI,96761,1279,MAUI,20.87266,-156.6774,2021-03-11,2023-11-15
1500293,ABC Store 43,Convenience Store,2435,Kaanapali Pkwy, ,Lahaina,HI,96761,1980,MAUI,20.92169,-156.6948,2022-05-09,
1541839,ABC Store 48,Convenience Store,1221,Honoapiilani Highway,Suit No. A-100,Lahaina,HI,96761, ,MAUI,20.88665,-156.6845,2023-03-21,
1541851,ABC Store 73,Convenience Store,3750,Wailea Alanui Dr,Ste A53,Kihei,HI,96753,8339,MAUI,20.68687,-156.4403,2023-03-21,
1566526,Accents 1490,Convenience Store,200,Nohea Kai Dr, ,Lahaina,HI,96761,1985,MAUI,20.91253,-156.6918,2023-10-12,
548303,AH FOOK'S SUPERMARKET  ,Large Grocery Store,65,W Kaahumanu Ave, ,Kahului,HI,96732,1611,MAUI,20.89104,-156.4677,1972-01-07,2005-04-20
548303,AH FOOK'S SUPERMARKET  ,Large Grocery Store,65,W Kaahumanu Ave, ,Kahului,HI,96732,1611,MAUI,20.89104,-156.4677,2006-12-20,2017-11-08
1409343,AIM Kaahumanu Shell 1334,Convenience Store,137,W Kaahumanu Ave, ,Kahului,HI,96732,1605,MAUI,20.88978,-156.4712,2020-06-10,
1043738,AIM Kahului HD Maui 1118,Convenience Store,50,Pakaula St, ,Kahului,HI,96732,3546,MAUI,20.87763,-156.4569,2012-02-02,
1167839,AIM Kihei Shell 1321,Convenience Store,30,Manao Kala St, ,Kihei,HI,96753, ,MAUI,20.77174,-156.452,2014-09-08,2014-09-17
1206323,AIM Kihei Shell 1321,Convenience Store,30,Manao Kala St,Ste 103,Kihei,HI,96753,7068,MAUI,20.77137,-156.4519,2015-06-29,
991285,AIM Lahaina 1116,Convenience Store,711,Mill St, ,Lahaina,HI,96761,1501,MAUI,20.87638,-156.6751,2011-02-15,2023-11-15
1206322,AIM W Maui Shell 1320,Convenience Store,70,Kapunakea St, ,Lahaina,HI,96761,1772,MAUI,20.88759,-156.6828,2015-06-29,
1167840,AIM Waiehu Shell 1322,Convenience Store,270,Waiehu Beach Rd,Ste 101,Wailuku,HI,96793,1472,MAUI,20.9037,-156.4825,2014-09-08,
1167838,AIM West Maui Shell 1320,Convenience Store,70,Kapunakea St, ,Lahaina,HI,96761,1772,MAUI,20.88759,-156.6828,2014-09-08,2014-09-17
602158,ALIVE & WELL NATURAL HEALTH EMPOR  ,Convenience Store,340,HANA HWY, ,KAHULUI,HI,96732, ,MAUI,20.88767,-156.4566,1998-07-07,2022-08-02
602158,ALIVE & WELL NATURAL HEALTH EMPOR  ,Convenience Store,340,HANA HWY, ,KAHULUI,HI,96732, ,MAUI,20.88767,-156.4566,2022-08-17,2022-11-06
1404172,"Aloha Dollar Store, Inc.  ",Convenience Store,840,Wainee St, ,Lahaina,HI,96761,2319,MAUI,20.87742,-156.6787,2020-05-15,2023-12-14
1435810,Asian Mart And Fast Food  ,Medium Grocery Store,745,Lower Main St, ,Wailuku,HI,96793,1414,MAUI,20.90201,-156.4855,2021-04-15,2024-02-15
1578617,Aunty's Leis & Little Things  ,Convenience Store,3980,Airport Loop,,Hoolehua,HI,96729,8902,MAUI,21.15562,-157.0931,2024-02-27,2024-09-02
886954,Best Western Meat of Maui Inc  ,Delivery Route,430,Hookahi St,Ste 21,Wailuku,HI,96793,1496,MAUI,20.90532,-156.4867,2009-05-28,2011-08-14
1052962,Best Western Meats Of Maui Inc.  ,Meat/Poultry Specialty,430,Hookahi St,Ste 21,Wailuku,HI,96793,1496,MAUI,20.90532,-156.4867,2012-04-02,2014-12-09
613536,BIG DADDY'S STORE & RESTAURANT  ,Convenience Store,67,ALA MALAMA ST, ,KAUNAKAKAI,HI,96748, ,MAUI,21.0907,-157.0213,2000-11-21,2006-04-12
415079,C PASCUA STORE  ,Convenience Store,109C,Ala Malama St, ,Kaunakakai,HI,96748, ,MAUI,21.09087,-157.02,2004-01-20,2020-02-17
1367397,C. Pascua Store  ,Medium Grocery Store,109,Ala Malama St,,Kaunakakai,HI,96748, ,MAUI,21.09094,-157.0202,2019-08-13,
1291277,Caa Marketplace Llc  ,Medium Grocery Store,960,Lower Main St, ,Wailuku,HI,96793,2007,MAUI,20.90046,-156.4884,2017-08-30,2022-03-01
1291277,Caa Marketplace Llc  ,Medium Grocery Store,960,Lower Main St, ,Wailuku,HI,96793,2007,MAUI,20.90046,-156.4884,2022-07-13,2025-04-29
246361,CASH N' CARRY  ,Super Store,90,Amala Pl, ,Kahului,HI,96732,2111,MAUI,20.89489,-156.4597,1993-07-08,2018-06-11
1296361,Central Mini Mart Fast Food And Catering  ,Convenience Store,1322A,Lower Main St, ,Wailuku,HI,96793,1917,MAUI,20.89582,-156.4924,2017-09-19,2018-01-15
1488976,Cj Mart 1,Medium Grocery Store,353,Ano St,,Kahului,HI,96732,1304,MAUI,20.88569,-156.4777,2022-02-28,
1244207,Cj's Foodmart Llc  ,Medium Grocery Store,65,W Kaahumanu Ave, ,Kahului,HI,96732,1611,MAUI,20.89104,-156.4677,2016-06-21,2018-09-03
1325984,Cj's Foodmart Llc N/A,Convenience Store,312,Alamaha St,Ste C,Kahului,HI,96732,2430,MAUI,20.88606,-156.4576,2019-02-25,2019-09-23
923597,Costco Wholesale 0119,Super Store,540,Haleakala Hwy, ,Kahului,HI,96732,2302,MAUI,20.88708,-156.4507,2009-10-30,
1194891,CVS 10848,Combination Grocery/Other,275,W Kaahumanu Ave,1C01AB,Kahului,HI,96732, ,MAUI,20.88872,-156.4761,2015-04-14,2025-03-20
881075,CVS Pharmacy 9663,Combination Grocery/Other,70,E Kaahumanu Ave, ,Kahului,HI,96732, ,MAUI,20.8925,-156.4642,2009-02-12,
892723,CVS Pharmacy 9303,Combination Grocery/Other,1215,S KIHEI RD, ,KIHEI,HI,96753, ,MAUI,20.75085,-156.456,2009-04-15,
896051,CVS Pharmacy 9877,Combination Grocery/Other,1221,HONOAPIILANI HWY,S side of Shopping Center,LAHAINA,HI,96761, ,MAUI,20.88716,-156.683,2009-05-06,
899877,CVS Pharmacy 3059,Combination Grocery/Other,55,Kiopaa Pl, ,Makawao,HI,96768,8282,MAUI,20.82248,-156.3302,2009-05-30,
1113161,Da Hotspot  ,Convenience Store,64,Ala Malama St,Unit 2,Kaunakakai,HI,96748, ,MAUI,21.09061,-157.0213,2013-09-12,2018-08-08
1113161,Da Hotspot  ,Convenience Store,64,Ala Malama St,Unit 2,Kaunakakai,HI,96748, ,MAUI,21.09061,-157.0213,2018-08-10,2018-09-05
1393448,Da Hotspot Kaunakakai  ,Medium Grocery Store,64,Ala Malama St, ,Kaunakakai,HI,96748, ,MAUI,21.09061,-157.0213,2020-02-25,
461033,DAIRY ROAD EXPRESS MART  ,Combination Grocery/Other,444,Kele St, ,Kahului,HI,96732,2484,MAUI,20.88676,-156.4528,2002-02-15,2007-08-01
1066873,Dairy Road Tesoro  ,Convenience Store,444,Kele St, ,Kahului,HI,96732,2484,MAUI,20.88676,-156.4528,2012-08-10,
917669,"Davis Ohana Wholesale, Inc  ",Combination Grocery/Other,64,Alamalama St,Unit 2,Kaunakakai,HI,96748, ,MAUI,21.08943,-157.0141,2009-11-24,2011-01-13
934393,Discount Mini Mart  ,Medium Grocery Store,758,Lower Main St, ,Wailuku,HI,96793, ,MAUI,20.90196,-156.4862,2010-01-26,2013-08-04
546450,DOWN TO EARTH MAKAWAO  ,Combination Grocery/Other,1169,Makawao Ave, ,Makawao,HI,96768,9447,MAUI,20.85367,-156.3106,1992-01-14,2009-02-09
484633,Down to Earth Natural Fd-Kahului  ,Combination Grocery/Other,305,Dairy Rd, ,Kahului,HI,96732,2405,MAUI,20.88275,-156.4545,1997-01-07,
766636,FARMERS MARKET  ,Combination Grocery/Other,3636,LOWER HONAPI'ILANI HWY, ,LAHAINA,HI,96761, ,MAUI,20.95408,-156.6861,2005-11-03,2025-01-03
1643716,Farmers Market Maui  ,Fruits/Veg Specialty,61,S Kihei Rd,Ste E,Kihei,HI,96753,8801,MAUI,20.78194,-156.4626,2025-05-01,
1237913,Fiesta Market Place  ,Combination Grocery/Other,70,Makaena Place, ,Kaunakakai,HI,96748, ,MAUI,21.09124,-157.0225,2016-05-10,2017-09-05
872966,Filipino Market Place  ,Small Grocery Store,350,Hukilike St, ,Kahului,HI,96732, ,MAUI,20.88394,-156.4594,2009-01-02,2011-09-21
1044924,FMS Produce  ,Fruits/Veg Specialty,1,Hansen St, ,Puunene,HI,96784,9997,MAUI,20.86652,-156.433,2012-02-15,2019-02-18
962428,Foodland Farms 42,Super Store,345,Keawe St,Ste 304,Lahaina,HI,96761,2732,MAUI,20.88513,-156.6818,2010-08-02,2024-02-22
962428,Foodland Farms 42,Super Store,345,Keawe St,Ste 304,Lahaina,HI,96761,2732,MAUI,20.88513,-156.6818,2024-03-26,
288039,Foodland Kaahumanu 20,Super Store,90,S Kane St, ,Kahului,HI,96732,1648,MAUI,20.88684,-156.472,1971-12-14,
1155378,Foodland Kehalani 45,Super Store,370,Kehalani Village Dr, ,Wailuku,HI,96793,4105,MAUI,20.87251,-156.5016,2014-06-25,
599508,Foodland Kihei 23,Super Store,1881,S Kihei Rd, ,Kihei,HI,96753,2099,MAUI,20.73335,-156.4526,1977-03-21,
307589,Foodland Lahaina 22,Super Store,878,Front St,Ste B6,Lahaina,HI,96761,1665,MAUI,20.87668,-156.6809,1973-07-24,2024-01-08
605725,Foodland Pukalani 24,Super Store,55,PUKALANI ST, ,PUKALANI,HI,96768,2099,MAUI,20.83885,-156.342,1978-08-15,
1407670,FreshPoint Maui 572,Fruits/Veg Specialty,217,Hoohana St, ,Kahului,HI,96732,2452,MAUI,20.88675,-156.4631,2020-05-26,2024-07-24
1272362,Friendly Market Center  ,Supermarket,90,Ala Malama Street, ,Kaunakakai,HI,96748, ,MAUI,21.09073,-157.0204,2017-02-13,
385327,"FRIENDLY MARKET CENTER, LTD  ",Super Store,90,ALA MALAMA, ,KAUNAKAKAI,HI,96748,1919,MAUI,21.09072,-157.0203,1972-01-06,2017-02-12
607091,FUKUSHIMA STORE  ,Convenience Store,815,Haiku Rd, ,Haiku,HI,96708, ,MAUI,20.91438,-156.3226,1976-12-07,2023-05-22
1326482,Garcia's Fishmarket Inc  ,Combination Grocery/Other,275,W Kaahumanu Ave,,Kahului,HI,96732,1629,MAUI,20.88725,-156.4754,2018-07-06,
1010615,Green Dragon Markets  ,Farmers' Market,200A,Waiehu Beach Rd, ,Wailuku,HI,96793,1419,MAUI,20.90215,-156.4829,2011-08-01,2016-07-07
243652,GROCERY OUTLET MAUI  ,Supermarket,380,Dairy Rd, ,Kahului,HI,96732,2414,MAUI,0.0,0.0,2001-03-08,2005-01-03
700996,"HAIKU GROCERY STORE, INC.  ",Combination Grocery/Other,810,Haiku Rd,Ste 143,Haiku,HI,96708,4800,MAUI,20.91424,-156.3223,1994-11-04,2015-07-28
1206390,Haiku Market 2809,Supermarket,810,Haiku Rd,Ste 143,Haiku,HI,96708,4800,MAUI,20.91424,-156.3223,2015-08-25,
1412597,Haleola Essentials  ,Convenience Store,93,Ala Malama St,Unit D,Kaunakakai,HI,96748, ,MAUI,21.09123,-157.0204,2020-08-24,2022-09-21
998575,Haliimaile Farmers Market  ,Farmers' Market,900,Haliimaile Rd, ,Makawao,HI,96768,9711,MAUI,20.8683,-156.3402,2011-05-16,2011-06-19
1402667,Hana Farmers Market  ,Farmers' Market,2,Mill Street, ,Hana,HI,96713, ,MAUI,20.75085,-155.9868,2020-04-21,
655457,HANA RANCH STORE  ,Supermarket,1,Mill St # 1, ,Hana,HI,96713,9997,MAUI,20.75074,-155.9868,2001-08-16,2010-05-17
952730,Hana Ranch Store  ,Medium Grocery Store,1752,Mill Pl, ,Hana,HI,96713, ,MAUI,20.75088,-155.9874,2010-05-27,
480874,HANZAWA STORE  ,Convenience Store,1833,Kaupakalua Rd, ,Haiku,HI,96708,5511,MAUI,20.88805,-156.2953,1991-10-23,2011-06-15
1003780,Hanzawa Store  ,Combination Grocery/Other,1833,Kaupakalua Rd, ,Haiku,HI,96708,5511,MAUI,20.88805,-156.2953,2011-05-02,2012-11-28
1087976,Hanzawas Variety Store  ,Medium Grocery Store,1833,Kaupakalua Rd, ,Haiku,HI,96708,5511,MAUI,20.88805,-156.2953,2013-03-11,
1596246,Happy Opu  ,Convenience Store,60,E Wakea Ave,Unit 101,Kahului,HI,96732,2466,MAUI,20.88491,-156.463,2024-06-17,2025-07-21
260934,Hasegawa General Store  ,Medium Grocery Store,5165,Hana Highway, ,Hana,HI,96713, ,MAUI,20.74993,-155.9866,1972-01-27,
985179,Hawaiian Moons Natural Foods  ,Combination Grocery/Other,2411,S Kihei Rd,Ste B1,Kihei,HI,96753,7201,MAUI,20.71989,-156.4469,2010-12-28,
252062,"HAWAIIAN MOONS NATURAL FOODS, INC  ",Combination Grocery/Other,2411,S KIHEI RD, ,KIHEI,HI,96753, ,MAUI,20.71989,-156.4469,1994-10-14,2011-01-02
1609508,HELE Hillside 61311,Convenience Store,1495,E Main St, ,Wailuku,HI,96793,1934,MAUI,20.89401,-156.494,2024-07-23,
1609510,HELE Mauilani 61312,Convenience Store,129,Maa St, ,Kahului,HI,96732,3601,MAUI,20.86903,-156.4963,2024-07-23,
1132039,HELE STORES 61073,Convenience Store,1279,South Kihei Rd. E-101, ,Kihei,HI,96753, ,MAUI,20.74929,-156.4555,2014-02-25,
1132037,HELE STORES 61071,Convenience Store,243,S Puunene Ave, ,Kahului,HI,96732,3404,MAUI,20.88501,-156.4644,2014-02-25,
1132038,HELE STORES 61072,Convenience Store,356,Huku Lii Pl, ,Kihei,HI,96753,8993,MAUI,20.77453,-156.4523,2014-02-25,
389053,Home Maid Bakery Inc  ,Convenience Store,1005,Lower Main St, ,Wailuku,HI,96793,2008,MAUI,20.8997,-156.4889,1974-01-22,2019-08-06
618518,HOME MAID BAKERY INC  ,Bakery Specialty, ,KAHULUI SHOPPING CENTER, ,KAHULUI,HI,96732, ,MAUI,20.88335,-156.4644,1980-04-18,2005-05-02
297798,HOME MAID BAKERY INC  ,Bakery Specialty, ,KAAHUMANU SHOPPING CENTER, ,KAHULUI,HI,96732, ,MAUI,20.88585,-156.4766,1980-12-20,2006-05-03
1007753,Home Town Groceries And Drygoods  ,Small Grocery Store,93D,Ala Malama St, ,Kaunakakai,HI,96748, ,MAUI,21.09079,-157.0203,2011-06-06,2019-07-08
1404285,Honolua Store 89,Convenience Store,502,Office Rd, ,Lahaina,HI,96761,9030,MAUI,20.99889,-156.6548,2020-04-27,
1115236,Ilima Shell  ,Combination Grocery/Other,137,Kaahumanu Ave., ,Kahului,HI,96732, ,MAUI,20.88978,-156.4712,2013-09-23,2014-03-12
1170660,Ilima Shell Ltd.  ,Convenience Store,137,W Kaahumanu Ave, ,Kahului,HI,96732,1605,MAUI,20.88977,-156.4713,2014-12-16,2019-12-26
1138249,Ilocandia Filipino Store  ,Small Grocery Store,840,Wainee St,G-12,Lahaina,HI,96761, ,MAUI,20.87751,-156.6787,2014-04-10,2023-12-14
234861,IMPORTS GIFT SHOP & MINI-MART  ,Convenience Store,82,ALA MALAMA, ,KAUNAKAKAI,HI,96748, ,MAUI,21.09064,-157.0207,1996-06-03,2006-02-28
392597,INTL FOOD & CLOTHING CENTER  ,Convenience Store,833,ILIMA AVE, ,LANAI CITY,HI,96763, ,MAUI,20.82446,-156.9195,1986-05-27,2021-03-30
1145182,Island Fresh Delivery  ,Farmers' Market,310,Ka'ahumanu Ave, ,Kahului,HI,96732, ,MAUI,20.88891,-156.4767,2014-05-15,2018-11-23
1135277,Island Fresh Delivery Inc.  ,Fruits/Veg Specialty,200,Olinda Rd, ,Makawao,HI,96768,7348,MAUI,20.84939,-156.3084,2014-03-06,2017-11-29
1235986,Island Gourmet Markets 92,Convenience Store,3750,Wailea Alanui Dr, ,Kihei,HI,96753,8300,MAUI,20.68723,-156.4393,2016-02-24,
1324660,Island Grocery Depot  ,Super Store,90,Amala Pl, ,Kahului,HI,96732,2111,MAUI,20.89487,-156.4599,2018-06-08,
1235094,Island Grocery Depot - Lahaina  ,Super Store,58,Kupuohi St, ,Lahaina,HI,96761,2703,MAUI,20.88428,-156.6783,2016-02-19,
869624,Island Star Fish Market LLC  ,Medium Grocery Store,1276,Lower Main St,Ste A1,Wailuku,HI,96793,2057,MAUI,20.8963,-156.4919,2008-11-18,2009-10-20
601953,JI-MI'S ASIAN FOOD MART  ,Convenience Store,843,"WAINEE ST, F-7", ,LAHAINA,HI,96767, ,MAUI,20.87725,-156.6787,1994-08-29,2007-05-16
1108237,"Kalama Mini Mart, LLC  ",Medium Grocery Store,758,Lower Main St, ,Wailuku,HI,96793, ,MAUI,20.90196,-156.4862,2013-08-15,
337124,KANEMITSU BAKERY  ,Bakery Specialty,79,ALA MALAMA, ,KAUNAKAKAI,HI,96748, ,MAUI,21.09073,-157.0208,1987-02-04,2010-04-07
337124,KANEMITSU BAKERY  ,Bakery Specialty,79,ALA MALAMA, ,KAUNAKAKAI,HI,96748, ,MAUI,21.09073,-157.0208,2010-04-21,2019-12-26
916353,Kelly's Mini Mart & Fast Food  ,Small Grocery Store,1322,Lower Main St,Ste A,Wailuku,HI,96793,1965,MAUI,20.89602,-156.4922,2009-10-29,2019-12-17
1171818,Kelly's Mini Mart & Fast Food II Inc  ,Small Grocery Store,335,Hoohana St,unit 7-I,Kahului,HI,96732, ,MAUI,20.88408,-156.4616,2014-11-24,2020-02-11
1171818,Kelly's Mini Mart & Fast Food II Inc  ,Small Grocery Store,335,Hoohana St,unit 7-I,Kahului,HI,96732, ,MAUI,20.88408,-156.4616,2020-02-14,2021-12-06
1379872,Kelly's Superette Inc N/A,Medium Grocery Store,65,W Kaahumanu Ave, ,Kahului,HI,96732,1611,MAUI,20.89068,-156.4686,2019-11-25,2025-01-03
1533321,Kihei 76  ,Convenience Store,1961,S Kihei Rd,,Kihei,HI,96753,7844,MAUI,20.73095,-156.4516,2023-02-07,
656242,Kmart 7488,Super Store,424,Dairy Rd, ,Kahului,HI,96732,2311,MAUI,20.88657,-156.4523,1999-10-14,2020-05-21
670023,KUALAPUU MARKET LTD  ,Large Grocery Store,311,Farrington Ave, ,Kualapuu,HI,96757,9997,MAUI,21.16055,-157.0439,1971-12-07,
1576068,Kukui Mini Mart  ,Convenience Store,11,Kukui Place, ,Kaunakakai,HI,96748, ,MAUI,21.09164,-157.0192,2024-01-26,
1529257,Kusina Asian Market  ,Convenience Store,1000,Limahana Pl,Ste D,Lahaina,HI,96761,1591,MAUI,20.88115,-156.6793,2023-03-20,2023-12-14
952066,Kusina Parin  ,Convenience Store,1295,S Kihei Rd,Ste D,Kihei,HI,96753,8215,MAUI,20.74835,-156.4553,2011-01-05,2013-11-17
1277663,La'akea Country Farm Store  ,Fruits/Veg Specialty,639,Baldwin Ave, ,Paia,HI,96779, ,MAUI,20.90176,-156.3705,2017-06-02,2017-11-29
856239,Lahaina Farms 2807,Super Store,345,Keawe St, ,Lahaina,HI,96761, ,MAUI,20.8851,-156.6818,2008-06-27,2011-09-21
260160,LAHAINA SHELL  ,Convenience Store,711,Mill St, ,Lahaina,HI,96761,1501,MAUI,20.87638,-156.6751,2002-02-15,2011-01-13
1493180,Lahaina Texaco  ,Convenience Store,240,Papalaua St,,Lahaina,HI,96761,1628,MAUI,20.8784,-156.6785,2022-04-04,2023-12-14
768568,LILI'S POLYNESIAN STORE  ,Small Grocery Store,1295,S Kihei Rd,Ste G,Kihei,HI,96753,8215,MAUI,20.74835,-156.4553,2006-04-21,2010-04-25
395409,LONGS  303,Combination Grocery/Other,1215,S KIHEI RD, ,KIHEI,HI,96753, ,MAUI,20.75085,-156.456,2004-09-24,2009-08-10
585537,LONGS  0060,Combination Grocery/Other,70,E Kaahumanu Ave, ,Kahului,HI,96732,2113,MAUI,20.8925,-156.4642,2004-09-24,2009-08-10
344068,LONGS 237,Combination Grocery/Other,1221,HONOAPIILANI HWY,S of shopping center,LAHAINA,HI,96761, ,MAUI,20.88716,-156.683,2004-09-24,2009-08-10
884586,Longs Drugs 3059,Combination Grocery/Other,55,Kiopaa Pl, ,Makawao,HI,96768,8282,MAUI,20.82209,-156.3301,2009-02-19,2009-09-16
1077434,Longs Drugs 10060,Combination Grocery/Other,135,Kehalani Villages, ,Wailuku,HI,96793,2528,MAUI,20.87515,-156.503,2012-10-09,
229239,LOVE'S OUTLET STORE (Maui)  ,Bakery Specialty,344,Ano St, ,Kahului,HI,96732,1305,MAUI,20.88606,-156.4776,1982-01-06,2018-02-20
1386772,Lunch Box U-turn  ,Convenience Store,80,Makaena Place, ,Kaunakakai,HI,96748, ,MAUI,21.09117,-157.0224,2019-12-27,
1638193,Mabuhay Mart 8082507008,Small Grocery Store,362,Huku Lii Pl,Ste 102,Kihei,HI,96753,8995,MAUI,20.7743,-156.4527,2025-04-15,
986195,Makawao Farmers Market  ,Farmers' Market,3654,Baldwin Ave, ,Makawao,HI,96768,7500,MAUI,20.85455,-156.3109,2011-05-27,2011-09-21
986195,Makawao Farmers Market  ,Farmers' Market,3654,Baldwin Ave, ,Makawao,HI,96768,7500,MAUI,20.85455,-156.3109,2011-09-28,2016-02-22
666133,MANA HEALTH FOODS  ,Super Store,49,Baldwin Ave,,Paia,HI,96779,8607,MAUI,20.91549,-156.38,1987-12-10,
847007,Mana'e Goods & Grindz  ,Medium Grocery Store,8615,Kamehameha V Hwy, ,Kaunakakai,HI,96748, ,MAUI,21.07267,-156.7989,2008-04-11,
766058,MANA'E GOODS AND GRINDZ  ,Convenience Store,232,STAR ROUTE,KAMEHAMEHA V HWY,PUKOO,HI,96748, ,MAUI,21.06787,-156.9582,2005-10-28,2008-03-31
543777,MANGO MART  ,Combination Grocery/Other,93-D,ALA MALAMA AVE, ,KAUNAKAKAI,HI,96748, ,MAUI,21.09082,-157.0204,2001-09-04,2009-06-28
1498565,Maui Asian Distribution Llc  ,Medium Grocery Store,910,Honoapiilani Hwy,Ste 14,Lahaina,HI,96761,1554,MAUI,20.87975,-156.6784,2022-05-24,2023-11-30
1571927,Maui Asian Minimart Inc  ,Small Grocery Store,790,Eha St,Ste 5,Wailuku,HI,96793,1479,MAUI,20.90601,-156.488,2024-01-18,
1091011,Maui Greens Market  ,Large Grocery Store,180,E Wakea Ave,Ste K,Kahului,HI,96732,2445,MAUI,20.8848,-156.4606,2013-04-22,
1093253,Maui Greens Market  ,Combination Grocery/Other,200,Waiheu Beach Road, ,Wailuku,HI,96793, ,MAUI,20.90255,-156.4829,2013-05-01,2015-05-05
1412313,Maui Hub  ,Delivery Route,250,Alamaha St,Ste S10,Kahului,HI,96732,2411,MAUI,20.88645,-156.4595,2020-10-03,
1311976,Maui Korean Market  ,Combination Grocery/Other,714,Lower Main Street,Apt A,Wailuku,HI,96793,1433,MAUI,20.9026,-156.4841,2018-04-04,2019-04-11
888014,Maui Oriental Market  ,Combination Grocery/Other,944B,Lower Main St, ,Wailuku,HI,96793,2007,MAUI,20.90085,-156.4881,2009-03-31,2023-03-21
1540661,Maui Oriental Market  ,Combination Grocery/Other,944,Lower Main St,Ste B,Wailuku,HI,96793,2003,MAUI,20.90138,-156.4886,2023-03-30,2024-06-02
1302996,"Maui Style Market, Llc  ",Medium Grocery Store,65,W Kaahumanu Ave, ,Kahului,HI,96732,1611,MAUI,20.89068,-156.4686,2017-11-09,2019-10-22
611624,MAUNALOA GENERAL STORE  ,Medium Grocery Store,200,MAUNALOA HWY, ,MAUNALOA,HI,96770, ,MAUI,21.13292,-157.2125,1997-07-01,2006-01-02
776327,MAUNALOA GENERAL STORE  ,Medium Grocery Store,200,Maunaloa Rd, ,Maunaloa,HI,96770, ,MAUI,21.13292,-157.2125,2006-01-23,2020-02-02
1479361,Maunaloa General Store By Haleola  ,Medium Grocery Store,200,Maunaloa Hwy, ,Maunaloa,HI,96770, ,MAUI,21.13292,-157.2125,2021-12-09,
966767,Mega Enterprise of Molokai  ,Convenience Store,77,Ala Malama St, ,Kaunakakai,HI,96748, ,MAUI,21.09073,-157.021,2010-09-08,2014-03-18
1073425,Mina Pharmacy 15,Convenience Store,275,West Ka'ahumanu Ave,Spc 1c01a,Kahului,HI,96732, ,MAUI,20.88872,-156.4759,2012-10-02,2015-08-24
986180,Minit Stop 2,Convenience Store,3310-A,Old Haleakala Hwy, ,Makawao,HI,96768,8555,MAUI,20.83608,-156.3376,2011-01-04,
986186,Minit Stop 5,Convenience Store,123,Hana Hwy, ,Paia,HI,96779,9745,MAUI,20.91643,-156.3812,2011-01-04,
986185,Minit Stop 4,Convenience Store,1900,Main St, ,Wailuku,HI,96793, ,MAUI,20.88815,-156.5003,2011-01-04,
986187,Minit Stop 6,Convenience Store,1100,Makawao Ave, ,Makawao,HI,96768,9448,MAUI,20.85259,-156.3119,2011-01-04,
986178,Minit Stop 1,Convenience Store,333,Dairy Rd, ,Kahului,HI,96732, ,MAUI,20.88304,-156.4543,2011-01-04,
986182,Minit Stop 3,Convenience Store,745E,Lower Main St, ,Wailuku,HI,96793,1414,MAUI,20.90245,-156.4849,2011-01-04,2018-05-16
986257,Minit Stop 10,Convenience Store,233,Piikea Ave, ,Kihei,HI,96753,8268,MAUI,20.7527,-156.4486,2011-01-05,
986255,Minit Stop 9,Convenience Store,85,S Wakea Ave, ,Kahului,HI,96732,1359,MAUI,20.8862,-156.4783,2011-01-05,
1120747,Minit Stop 11,Convenience Store,10,Kupuohi St, ,Lahaina,HI,96761,2703,MAUI,20.88523,-156.6785,2014-02-19,
481044,MISAKI'S INC  ,Supermarket,78,Ala Malama St, ,KAUNAKAKAI,HI,96748, ,MAUI,21.09063,-157.021,1971-12-06,2016-09-26
1260750,Misaki's Inc  ,Super Store,78,Ala Malama St, ,Kaunakakai,HI,96748, ,MAUI,21.09064,-157.021,2016-10-07,
908672,MLU Asian Food Mart  ,Convenience Store,843,Wainee St,F-7,Lahaina,HI,96761, ,MAUI,20.87727,-156.6787,2010-01-25,2014-12-09
1202545,Molokai Fresh Foods  ,Convenience Store,53,Ala Malama St, ,Kaunakakai,HI,96748, ,MAUI,21.09038,-157.0219,2015-06-16,2020-06-15
1409092,Molokai Fresh Foods  ,Convenience Store,53,Ala Malama Street, ,Kaunakakai,HI,96748, ,MAUI,21.09042,-157.0219,2020-06-16,2025-06-22
1173888,Molokai Livestock Cooperative  ,Meat/Poultry Specialty,3355,Maunaloa Hwy, ,Hoolehua,HI,96729, ,MAUI,21.15425,-157.0841,2015-03-31,2015-08-24
1217295,Molokai Livestock Cooperative  ,Meat/Poultry Specialty,3355,Manaloa Hwy, ,Hoolehua,HI,96729,2152,MAUI,21.15424,-157.0841,2015-11-23,
1253209,Molokai Mini Mart Inc.  ,Convenience Store,35,Kaunakakai Pl,Mohala ST 5M,Kaunakakai,HI,96748,5019,MAUI,21.0882,-157.0215,2016-07-28,
863573,Molokai Minimart  ,Convenience Store,35,Mohala St,Suite 35,Kaunakakai,HI,96748, ,MAUI,21.09008,-157.0208,2008-09-03,2016-07-27
726818,MOLOKAI WINES N SPIRITS UNLIMITED  ,Convenience Store,19,ALA MALAMA, ,KAUNAKAKAI,HI,96748,240,MAUI,21.08994,-157.0222,1980-08-19,2006-02-28
580734,Morihara Store  ,Large Grocery Store,4581,Lower Kula Rd,,Kula,HI,96790,8124,MAUI,20.75954,-156.3271,1990-06-01,
336790,NAGASAKO GENERAL STORE  ,Convenience Store,845,WAINEE ST, ,LAHAINA,HI,96767, ,MAUI,20.87729,-156.6787,1971-12-15,2023-12-14
534876,NAGATA STORE  ,Convenience Store,96,Hana Hwy, ,Paia,HI,96779, ,MAUI,20.91586,-156.3815,1997-08-22,2008-10-22
663378,Napilli Market Napilihau St 1004,Super Store,5095,Napilihau St,Ste 105,Lahaina,HI,96761, ,MAUI,20.98504,-156.6672,1991-12-20,
274775,NEIGHBORHOOD STORE N COUNTER  ,Convenience Store, ,HC 1 Box 564, ,Kaunakakai,HI,96748,8610,MAUI,21.08715,-157.0022,2004-01-16,2005-09-27
1519809,Oamil Store  ,Small Grocery Store,75 C,Ala Malama Ave, ,Kaunakakai,HI,96748, ,MAUI,21.0907,-157.0213,2022-10-12,
844743,Ocean Fresh Market LLC  ,Small Grocery Store,385,Hoohana St,Unit 5A,Kahului,HI,96732, ,MAUI,20.88402,-156.4602,2008-04-10,2011-01-23
1384531,Ohana's Mini Mart ,Medium Grocery Store,1322,E Main St,A,Wailuku,HI,96793,1942,MAUI,20.8869,-156.5049,2020-01-17,2024-05-21
244105,OKI'S SEAFOOD CORNER  ,Combination Grocery/Other,275,W Kaahumanu Ave, ,Kahului,HI,96732,1612,MAUI,20.88873,-156.4774,2000-06-26,2018-05-17
1556896,Oko'a Farms  ,Fruits/Veg Specialty,30,Kupaoa St,#A103,Makawao,HI,96768, ,MAUI,20.82172,-156.3307,2023-10-04,
476392,OOKA SUPER MARKET LTD  ,Supermarket,1870,Main St, ,Wailuku,HI,96793,1899,MAUI,20.88842,-156.4991,1971-12-07,2005-06-23
604444,OUTPOST NATURAL FOODS  ,Combination Grocery/Other,70,Makaena Pl, ,Kaunakakai,HI,96748, ,MAUI,21.09127,-157.0224,1999-01-22,2014-07-16
459244,PACIFIC FISH MARKET  ,Large Grocery Store,330,HOOHANA ST, ,KAHULUI,HI,96732, ,MAUI,20.88416,-156.4617,2002-10-23,2012-02-14
1401896,Paia Shell  ,Convenience Store,68,Hana Hwy,,Paia,HI,96779,7700,MAUI,20.91578,-156.3818,2020-04-06,2022-04-27
1493175,Paia Shell  ,Convenience Store,68,Hana Hwy,,Paia,HI,96779,7700,MAUI,20.91539,-156.3824,2022-04-28,
703854,Paradise Supermart Fast Food & Catering  ,Convenience Store,207,E Wakea Ave, ,Kahului,HI,96732,2444,MAUI,20.88648,-156.4609,1996-10-04,2018-06-13
1302431,Pauwela Store  ,Small Grocery Store,375,W Kuiaha Rd,Ste 35,Haiku,HI,96708,5131,MAUI,20.92012,-156.3083,2017-12-06,2022-12-26
1532326,Pauwela Store  ,Convenience Store,375,W Kuiaha Rd,Ste 35,Haiku,HI,96708,5131,MAUI,20.92048,-156.3081,2023-02-21,
1006864,Pauwela Video Pix  ,Convenience Store,375,W Kuiaha Rd,Ste 35,Haiku,HI,96708,5131,MAUI,20.92034,-156.3084,2011-06-09,2017-06-01
1019923,Philmart Oriental & Fastfood LLC  ,Medium Grocery Store,330,Ohukai Rd,Ste 101,Kihei,HI,96753,7058,MAUI,20.77452,-156.4512,2011-09-01,
235515,PINE ISLE MARKET  ,Large Grocery Store,356,EIGHTH ST, ,LANAI,HI,96763, ,MAUI,20.8245,-156.9197,1972-01-10,
1391940,Planter Box Llc  ,Convenience Store,145,Ala Malama St,Ste. 103,Kaunakakai,HI,96748, ,MAUI,21.09095,-157.0191,2020-02-19,2023-11-14
1190050,Pokehalegrindz  ,Convenience Store,372,Waiehu Beach Rd, ,Wailuku,HI,96793,1459,MAUI,20.9048,-156.4845,2015-04-02,2019-12-26
1078805,Port Town Chevron  ,Combination Grocery/Other,109,Kaahumanu Ave., ,Kahului,HI,96732, ,MAUI,20.89005,-156.4704,2012-11-13,2013-06-02
1401894,Port Town Texaco  ,Convenience Store,109,W Kaahumanu Ave,,Kahului,HI,96732,1605,MAUI,20.89005,-156.4704,2020-04-10,2022-09-20
1493176,Port Town Texaco  ,Convenience Store,109,W Kaahumanu Ave,,Kahului,HI,96732,1605,MAUI,20.88984,-156.4703,2022-04-12,
720163,PUKALANI SUPERETTE  ,Combination Grocery/Other,15,Makawao Ave, ,Makawao,HI,96768,8836,MAUI,20.83409,-156.3334,1976-10-14,
1566522,Resort Sundries 1467,Convenience Store,3445,Honoapiilani Hwy, ,Lahaina,HI,96761, ,MAUI,20.94935,-156.6859,2023-10-12,2025-01-20
1282043,Rexel Pacific Fish Market & Grocery Llc  ,Medium Grocery Store,330,Hoohana Street Unit B-11, ,Kahului,HI,96732, ,MAUI,20.88375,-156.4614,2017-04-10,
1042103,Rexel Pacific Fish Market LLC  ,Medium Grocery Store,330,Hoohana St,Unit B11,Kahului,HI,96732, ,MAUI,20.88416,-156.4617,2012-02-15,2017-04-04
777924,RICHARD'S MARKET  ,Supermarket,434,EIGHTH ST, ,LANAI CITY,HI,96763, ,MAUI,20.82503,-156.919,2006-01-20,2013-01-07
1086428,Richard's Market  ,Super Store,434,Eighth St, ,Lanai City,HI,96763, ,MAUI,20.82503,-156.919,2013-01-08,
716502,RICHARD'S SHOPPING CENTER INC  ,Supermarket,434,EIGHTH ST, ,LANAI CITY,HI,96763, ,MAUI,20.82503,-156.919,1971-12-06,2006-01-28
322874,RODEO GENERAL STORE  ,Convenience Store,3661,Baldwin Ave, ,Makawao,HI,96768,9546,MAUI,20.85461,-156.3108,2002-02-12,2008-01-30
844465,Rodeo General Store  ,Small Grocery Store,3661,Baldwin Ave, ,Makawao,HI,96768,9546,MAUI,20.85461,-156.3108,2008-07-15,2023-05-04
1548119,Rodeo General Store  ,Small Grocery Store,3661,Baldwin Ave,,Makawao,HI,96768,9546,MAUI,20.85495,-156.3107,2023-07-07,
1028432,Rodeo General Store South  ,Convenience Store,1847,S Kihei Rd, ,Kihei,HI,96753, ,MAUI,20.73369,-156.4527,2011-10-20,2016-09-26
1194220,Rowena's Produce  ,Combination Grocery/Other,230,Hana Hwy,Ste 7,Kahului,HI,96732,2313,MAUI,20.88929,-156.459,2015-04-28,
312942,Sack N Save Wailuku 35,Super Store,790,EHA ST, ,WAILUKU,HI,96793, ,MAUI,20.90596,-156.4872,1994-09-14,2022-03-14
275189,SAFEWAY 0220,Supermarket,170,E Kamehameha Ave, ,Kahului,HI,96732,2434,MAUI,20.88929,-156.4638,1983-08-29,2022-02-02
705752,SAFEWAY 1222,Supermarket,1221,HONOAPIILANI HWY,N side of shopping ctr,LAHAINA,HI,96761, ,MAUI,20.88716,-156.683,1987-01-13,
496150,SAFEWAY  1500,Supermarket,277,Piikea Ave, ,Kihei,HI,96753,8268,MAUI,20.75278,-156.4485,2000-09-14,
1115062,Safeway 3092,Supermarket,58,Mauilani Pkwy, ,Wailuku,HI,96793, ,MAUI,20.88747,-156.493,2013-08-20,
1370776,Safeway 280,Supermarket,1090,Ho'okele St, ,Kahului,HI,96732, ,MAUI,20.87673,-156.4516,2019-07-01,
1628256,Safeway Fuel Center 5807,Convenience Store,1150,Hookele St, ,Kahului,HI,96732,3565,MAUI,20.88076,-156.4454,2024-12-13,2025-05-05
1582066,Seafood City Supermarket 34,Supermarket,270,Dairy Rd,Ste 100,Kahului,HI,96732,2993,MAUI,20.88165,-156.4548,2024-01-22,
1212254,Simply Natural Health Food Store  ,Combination Grocery/Other,145,Ala Malama St,Unit 103,Kaunakakai,HI,96748,86ND,MAUI,21.09101,-157.0188,2015-09-16,2016-06-21
1402306,Something For Everybody  ,Combination Grocery/Other,61,Ala Malama Street,Unit 3,Kaunakakai,HI,96748, ,MAUI,21.09079,-157.0215,2020-12-04,
683966,STAR MARKET LTD 11,Super Store,3350,LOWER HONOAPIILANI RD, ,LAHAINA,HI,96761,9413,MAUI,20.94663,-156.6883,1998-06-01,2010-06-29
301275,STAR MARKETS LTD 6,Super Store,70,E KAAHUMANU AVE, ,KAHULUI,HI,96732, ,MAUI,20.8925,-156.4642,1972-03-15,2008-03-16
554083,STAR MARKETS LTD 8,Super Store,1310,S Kihei Rd, ,Kihei,HI,96753,8135,MAUI,20.74767,-156.4552,1979-10-31,2010-06-29
835598,Sunrise Food Mart  ,Medium Grocery Store,180,E Wakea Ave,Ste L,Kahului,HI,96732,2445,MAUI,20.8848,-156.4606,2008-07-24,
1020760,Superstop  ,Combination Grocery/Other,270,Waiehu Beach Rd,Ste 101,Wailuku,HI,96793,1472,MAUI,20.90334,-156.4835,2011-09-27,2014-09-07
1028494,Superstop II  ,Convenience Store,370,Dairy Road, ,Kahului,HI,96732, ,MAUI,20.88417,-156.4535,2011-10-26,2017-01-04
1251602,Sustainable Molokai  ,Delivery Route,40,Ala Malama Ave,201,Kaunakakai,HI,96748,250,MAUI,21.09016,-157.022,2016-09-16,2020-11-23
1251602,Sustainable Molokai  ,Delivery Route,40,Ala Malama Ave,201,Kaunakakai,HI,96748,250,MAUI,21.09016,-157.022,2020-12-19,
301969,T KOMODA STORE & BAKERY  ,Convenience Store,3674,Baldwin Ave, ,Makawao,HI,96768, ,MAUI,20.85415,-156.3105,1971-12-10,
704465,TAKAMIYA MARKET INC  ,Supermarket,359,N Market St, ,Wailuku,HI,96793,1154,MAUI,20.89294,-156.5045,1973-06-27,
1343982,"Tamura Enterprises, Inc.  ",Super Store,230,Imi Kala St, ,Wailuku,HI,96793,1268,MAUI,20.89348,-156.4987,2018-11-06,
1179108,Tamura's Express  ,Large Grocery Store,841,Alua St, ,Wailuku,HI,96793, ,MAUI,20.90259,-156.488,2015-01-12,2019-09-23
1186881,Target Store 2660,Super Store,100,Hookele St, ,Kahului,HI,96732, ,MAUI,20.87502,-156.4568,2015-02-17,
431501,TESORO  61073,Combination Grocery/Other,1279,S KIHEI RD, ,KIHEI,HI,96753, ,MAUI,20.74887,-156.4554,2004-06-29,2007-08-01
700765,TESORO 61072,Combination Grocery/Other,356,Huku Lii Pl, ,Kihei,HI,96753,8993,MAUI,20.77453,-156.4523,2004-07-01,2007-08-01
1491419,The Original Wednesday Farmers Market NAFMNP,Farmers' Market,200,Olinda Rd,,Makawao,HI,96768,7348,MAUI,20.84976,-156.3091,2022-05-03,
1245041,The Planter Box  ,Small Grocery Store,145,Ala Malama Street,Suite 103,Kaunakakai,HI,96748,86ND,MAUI,21.09101,-157.0188,2016-07-07,2019-12-29
1140138,The Store House  ,Small Grocery Store,145,Ala Malama Street, ,Kaunakakai,HI,96748, ,MAUI,21.0913,-157.0193,2014-05-16,2016-07-04
1140138,The Store House  ,Small Grocery Store,145,Ala Malama Street, ,Kaunakakai,HI,96748, ,MAUI,21.0913,-157.0193,2016-07-07,2021-03-25
924691,The Store House LLC  ,Medium Grocery Store,93D,Ala Malama Ave, ,Kaunakakai,HI,96748, ,MAUI,21.09082,-157.0203,2009-11-19,2011-05-22
924691,The Store House LLC  ,Medium Grocery Store,93D,Ala Malama Ave, ,Kaunakakai,HI,96748, ,MAUI,21.09082,-157.0203,2011-05-24,2011-06-05
1218532,The Tobacco Shack  ,Convenience Store,2130,Maunaloa Hwy, ,Maunaloa,HI,96757, ,MAUI,21.14674,-157.1966,2015-11-19,
911372,Times Super Market - Honokowai 24,Super Store,3350,Lower Honoapiilani Road, ,Lahaina,HI,96761, ,MAUI,20.94663,-156.6883,2009-08-20,2017-10-02
911381,Times Super Market - Kihei 27,Super Store,1310,S Kihei Rd, ,Kihei,HI,96753,8196,MAUI,20.74767,-156.4552,2009-08-20,2017-10-02
1297856,Times Super Mkt Honokowai 24,Super Store,3350,Honoapiilani Hwy, ,Lahaina,HI,96761,9413,MAUI,20.94687,-156.6871,2017-09-15,
1297864,Times Super Mkt Kihei 27,Super Store,1310,S Kihei Rd, ,Kihei,HI,96753,8195,MAUI,20.74779,-156.4552,2017-09-15,
856458,"TJ's Fastfood, Restaurant & Bakery  ",Convenience Store,65,W Kaahumanu Ave,Unit 35,Kahului,HI,96732,1611,MAUI,20.89104,-156.4677,2008-06-19,2016-05-31
526507,TJ'S ORIENTAL FOODMART & FASTFOOD  ,Convenience Store,65,W Kaahumanu Ave # 22, ,Kahului,HI,96732,1611,MAUI,20.89104,-156.4677,2004-10-06,2008-05-22
924204,TJ's Warehouse Outlet  ,Large Grocery Store,875,Alua St, ,Wailuku,HI,96793, ,MAUI,20.90294,-156.4888,2009-12-07,
303947,To Go Tesoro 61071,Combination Grocery/Other,243,S Puunene Ave, ,Kahului,HI,96732,3404,MAUI,20.88501,-156.4644,2003-12-12,2013-09-29
661659,TOM'S MINI MART  ,Combination Grocery/Other,372,Waiehu Beach Rd, ,Wailuku,HI,96793,1459,MAUI,20.90498,-156.4846,1996-06-25,2014-12-09
958374,Tradewinds Mart & Deli  ,Convenience Store,20,Hauoli St,Unit 101,Wailuku,HI,96793, ,MAUI,20.7931,-156.5105,2010-07-07,2016-06-15
1251943,Tradewinds Mart & Deli  ,Convenience Store,20,Hauoli Street,Unit 101,Wailuku,HI,96793, ,MAUI,20.79311,-156.5106,2016-07-29,2022-06-14
918062,Tropical Market Place  ,Small Grocery Store,357,Huku Lii Pl,Ste B106,Kihei,HI,96753,7052,MAUI,20.77457,-156.4522,2009-11-03,2010-08-04
918062,Tropical Market Place  ,Small Grocery Store,357,Huku Lii Pl,Ste B106,Kihei,HI,96753,7052,MAUI,20.77457,-156.4522,2010-12-02,2019-10-06
592016,"UNCLE LOUIE'S SAUSAGE CO, INC  ",Meat/Poultry Specialty,190,Alamaha St Ste E, ,Kahului,HI,96732,2447,MAUI,20.88796,-156.4604,1990-12-19,
1002154,Upcountry Farmers Market  ,Farmers' Market, ,Kula Malu Town Center,Football Field Parking Lot,Pukalani,HI,96788, ,MAUI,20.83796,-156.3421,2011-06-20,2023-04-04
946239,Upcountry Fast-Stop  ,Convenience Store, ,Kalae Hwy,"900, Ste 202",Kualapuu,HI,96757,202,MAUI,21.1568,-157.0118,2010-05-24,2012-08-23
939871,UPTOWN CHEVRON FOOD MART & CAR WASH  ,Convenience Store,2085,Main St, ,Wailuku,HI,96793,1648,MAUI,20.88751,-156.5027,2010-02-26,2022-12-26
1529062,Uptown Texaco 91571,Convenience Store,2085,Main St,,Wailuku,HI,96793,1648,MAUI,20.88702,-156.5026,2023-02-01,
701686,VILLAGE GENERAL STORE  ,Convenience Store,938,S Kihei Rd Ste 120, ,Kihei,HI,96753,6102,MAUI,20.75921,-156.4575,2004-06-24,2007-04-30
1331085,Wailuku Seafood Center  ,Combination Grocery/Other,270,Waiehu Beach Rd,Ste 116,Wailuku,HI,96793,1472,MAUI,20.9033,-156.4834,2018-11-16,2021-04-12
1443514,Wailuku Seafood Center  ,Seafood Specialty,270,Waiehu Beach Rd,Ste 116,Wailuku,HI,96793,1472,MAUI,20.90344,-156.4832,2021-06-25,2022-03-09
1518861,Wailuku Seafood Center 1,Small Grocery Store,270,Waiehu Beach Rd,Ste 116,Wailuku,HI,96793,1472,MAUI,20.9037,-156.4825,2022-11-30,2024-02-12
923953,Walgreens 11192,Combination Grocery/Other,342,Keawe St,Bldg D,Lahaina,HI,96761,2739,MAUI,20.88488,-156.6819,2009-11-03,
948792,Walgreens 12786,Combination Grocery/Other,10,E Kamehameha Ave, ,Kahului,HI,96732,2415,MAUI,20.88861,-156.4658,2010-04-20,
1133197,Walgreens 15115,Combination Grocery/Other,700,Waiale Rd, ,Wailuku,HI,96793, ,MAUI,20.87428,-156.4996,2014-02-28,
589626,Walmart 3290,Super Store,101,Pakaula St, ,Kahului,HI,96732, ,MAUI,20.87823,-156.4549,2001-10-09,
1302724,Wednesday Farmer's Market  ,Farmers' Market,17,Omaopio Rd, ,Kula,HI,96790,8832,MAUI,20.79725,-156.3262,2017-10-31,2022-11-25
1566518,Whaler's General Store 1462,Convenience Store,130,Kai Malina Pkwy, ,Lahaina,HI,96761,8413,MAUI,20.9453,-156.6901,2023-10-12,
1089144,Whalers General Store 1260,Convenience Store,2463,S Kihei Rd,Ste A11,Kihei,HI,96753,7286,MAUI,20.7184,-156.4461,2013-01-28,
1089148,Whalers General Store 1254,Convenience Store,505,Front St,Ste 132,Lahaina,HI,96761,1169,MAUI,20.86792,-156.6751,2013-01-28,2021-06-16
1089146,Whalers General Store 1239,Convenience Store,4405,Lower Honoapiilani Rd, ,Lahaina,HI,96761,9207,MAUI,20.9726,-156.6776,2013-01-28,
1089131,Whalers General Store 1252,Convenience Store,3750,Wailea Alanui Dr,Ste B50,Kihei,HI,96753,8345,MAUI,20.68717,-156.4404,2013-01-30,
1115544,Whalers General Store 1211,Convenience Store,2580,Kekaa Drive,SPC M - 1,Lahaina,HI,96761, ,MAUI,20.9263,-156.6907,2013-11-15,
936049,Whole Foods Market 10374,Super Store,70,E Kaahumanu Ave,Ste B,Kahului,HI,96732,2113,MAUI,20.8925,-156.4642,2010-02-05,
